{"textures":{"0":"modelengine:entity/herobrine_steve"},"elements":[{"from":[5.99,2.0,4.0],"to":[9.49,8.0,7.5],"faces":{"east":{"uv":[7.0,6.5,6.0,8.0],"tintindex":0,"rotation":0,"texture":"#0"},"south":{"uv":[6.0,6.5,5.0,8.0],"tintindex":0,"rotation":0,"texture":"#0"},"north":{"uv":[4.0,6.5,3.0,8.0],"tintindex":0,"rotation":0,"texture":"#0"},"west":{"uv":[5.0,6.5,4.0,8.0],"tintindex":0,"rotation":0,"texture":"#0"},"up":{"uv":[8.0,5.5,9.0,4.5],"tintindex":0,"rotation":0,"texture":"#0"},"down":{"uv":[5.0,8.0,6.0,9.0],"tintindex":0,"rotation":0,"texture":"#0"}}}],"display":{"gui":{"rotation":[30,225,0]}}}