{"textures":{"0":"modelengine:entity/forest_spirit"},"elements":[{"from":[22.995,7.495,9.495],"to":[26.005,8.505,11.505],"faces":{"east":{"uv":[14.1875,1.625,14.3125,1.875],"tintindex":0,"rotation":90,"texture":"#0"},"south":{"uv":[14.1875,1.625,14.3125,2.0],"tintindex":0,"rotation":90,"texture":"#0"},"west":{"uv":[14.1875,1.625,14.3125,1.875],"tintindex":0,"rotation":90,"texture":"#0"},"up":{"uv":[14.5,1.625,14.25,2.0],"tintindex":0,"rotation":90,"texture":"#0"},"down":{"uv":[14.25,1.625,14.5,2.0],"tintindex":0,"rotation":90,"texture":"#0"}}},{"from":[18.0,2.0,-3.0],"to":[21.0,14.0,8.0],"faces":{"east":{"uv":[14.5,8.9375,16.0,7.5625],"tintindex":0,"rotation":90,"texture":"#0"},"south":{"uv":[14.5,3.25,16.0,3.625],"tintindex":0,"rotation":90,"texture":"#0"},"north":{"uv":[14.5,5.0,16.0,5.375],"tintindex":0,"rotation":270,"texture":"#0"},"west":{"uv":[14.5,7.5625,16.0,8.9375],"tintindex":0,"rotation":90,"texture":"#0"},"up":{"uv":[14.1875,3.5625,14.5625,4.9375],"tintindex":0,"rotation":180,"texture":"#0"},"down":{"uv":[14.1875,3.5625,14.5625,4.9375],"tintindex":0,"rotation":180,"texture":"#0"}}},{"from":[7.0,9.5,8.0],"to":[27.0,9.55,20.0],"faces":{"up":{"uv":[14.5,9.125,16.0,11.625],"tintindex":0,"rotation":90,"texture":"#0"},"down":{"uv":[16.0,9.125,14.5,11.625],"tintindex":0,"rotation":90,"texture":"#0"}},"rotation":{"origin":[7.0,9.5,8.0],"angle":-22.5,"axis":"x"}},{"from":[12.995,7.495,9.495],"to":[16.005001,8.505,11.505],"faces":{"east":{"uv":[14.1875,1.625,14.3125,1.875],"tintindex":0,"rotation":90,"texture":"#0"},"south":{"uv":[14.1875,1.625,14.3125,2.0],"tintindex":0,"rotation":90,"texture":"#0"},"west":{"uv":[14.1875,1.625,14.3125,1.875],"tintindex":0,"rotation":90,"texture":"#0"},"up":{"uv":[14.5,1.625,14.25,2.0],"tintindex":0,"rotation":90,"texture":"#0"},"down":{"uv":[14.25,1.625,14.5,2.0],"tintindex":0,"rotation":90,"texture":"#0"}}},{"from":[7.0,6.45,8.0],"to":[27.0,6.5,20.0],"faces":{"up":{"uv":[14.5,9.125,16.0,11.625],"tintindex":0,"rotation":90,"texture":"#0"},"down":{"uv":[16.0,9.125,14.5,11.625],"tintindex":0,"rotation":90,"texture":"#0"}},"rotation":{"origin":[7.0,6.5,8.0],"angle":22.5,"axis":"x"}},{"from":[6.995,6.495,6.495],"to":[27.005,9.505,9.505],"faces":{"east":{"uv":[13.8125,1.125,14.1875,1.5],"tintindex":0,"rotation":90,"texture":"#0"},"south":{"uv":[13.8125,1.5,14.1875,4.0],"tintindex":0,"rotation":90,"texture":"#0"},"north":{"uv":[13.375,1.5,13.75,4.0],"tintindex":0,"rotation":270,"texture":"#0"},"west":{"uv":[13.8125,1.125,14.1875,1.5],"tintindex":0,"rotation":90,"texture":"#0"},"up":{"uv":[13.375,1.5,13.75,4.0],"tintindex":0,"rotation":90,"texture":"#0"},"down":{"uv":[13.375,1.5,13.75,4.0],"tintindex":0,"rotation":90,"texture":"#0"}}},{"from":[23.0,2.0,-4.0],"to":[26.0,14.0,8.0],"faces":{"east":{"uv":[14.5,5.0625,16.0,3.5625],"tintindex":0,"rotation":90,"texture":"#0"},"south":{"uv":[14.5,3.25,16.0,3.625],"tintindex":0,"rotation":90,"texture":"#0"},"north":{"uv":[14.5,5.375,16.0,5.0],"tintindex":0,"rotation":270,"texture":"#0"},"west":{"uv":[14.5,3.5625,16.0,5.0625],"tintindex":0,"rotation":90,"texture":"#0"},"up":{"uv":[14.1875,3.5625,14.5625,5.0625],"tintindex":0,"rotation":180,"texture":"#0"},"down":{"uv":[14.1875,3.5625,14.5625,5.0625],"tintindex":0,"rotation":180,"texture":"#0"}}},{"from":[8.0,2.0,-3.0],"to":[11.0,14.0,8.0],"faces":{"east":{"uv":[14.5,8.9375,16.0,7.5625],"tintindex":0,"rotation":90,"texture":"#0"},"south":{"uv":[14.5,3.25,16.0,3.625],"tintindex":0,"rotation":90,"texture":"#0"},"north":{"uv":[14.5,5.0,16.0,5.375],"tintindex":0,"rotation":270,"texture":"#0"},"west":{"uv":[14.5,7.5625,16.0,8.9375],"tintindex":0,"rotation":90,"texture":"#0"},"up":{"uv":[14.1875,3.5625,14.5625,4.9375],"tintindex":0,"rotation":180,"texture":"#0"},"down":{"uv":[14.1875,3.5625,14.5625,4.9375],"tintindex":0,"rotation":180,"texture":"#0"}}},{"from":[7.995,7.495,9.495],"to":[11.005,8.505,10.505],"faces":{"east":{"uv":[14.1875,1.625,14.3125,1.75],"tintindex":0,"rotation":90,"texture":"#0"},"south":{"uv":[14.1875,1.625,14.3125,2.0],"tintindex":0,"rotation":90,"texture":"#0"},"west":{"uv":[14.1875,1.625,14.3125,1.75],"tintindex":0,"rotation":90,"texture":"#0"},"up":{"uv":[14.25,1.625,14.375,2.0],"tintindex":0,"rotation":90,"texture":"#0"},"down":{"uv":[14.25,1.625,14.375,2.0],"tintindex":0,"rotation":90,"texture":"#0"}}},{"from":[17.994999,7.495,9.495],"to":[21.005,8.505,10.505],"faces":{"east":{"uv":[14.1875,1.625,14.3125,1.75],"tintindex":0,"rotation":90,"texture":"#0"},"south":{"uv":[14.1875,1.625,14.3125,2.0],"tintindex":0,"rotation":90,"texture":"#0"},"west":{"uv":[14.1875,1.625,14.3125,1.75],"tintindex":0,"rotation":90,"texture":"#0"},"up":{"uv":[14.25,1.625,14.375,2.0],"tintindex":0,"rotation":90,"texture":"#0"},"down":{"uv":[14.25,1.625,14.375,2.0],"tintindex":0,"rotation":90,"texture":"#0"}}},{"from":[13.0,2.0,-4.0],"to":[16.0,14.0,8.0],"faces":{"east":{"uv":[14.5,5.0625,16.0,3.5625],"tintindex":0,"rotation":90,"texture":"#0"},"south":{"uv":[14.5,3.25,16.0,3.625],"tintindex":0,"rotation":90,"texture":"#0"},"north":{"uv":[14.5,5.375,16.0,5.0],"tintindex":0,"rotation":270,"texture":"#0"},"west":{"uv":[14.5,3.5625,16.0,5.0625],"tintindex":0,"rotation":90,"texture":"#0"},"up":{"uv":[14.1875,3.5625,14.5625,5.0625],"tintindex":0,"rotation":180,"texture":"#0"},"down":{"uv":[14.1875,3.5625,14.5625,5.0625],"tintindex":0,"rotation":180,"texture":"#0"}}}],"display":{"gui":{"rotation":[30,225,0]}}}