{"textures":{"0":"modelengine:entity/forest_spirit"},"elements":[{"from":[-11.005001,6.495,6.495],"to":[9.005,9.505,9.505],"faces":{"east":{"uv":[13.8125,1.5,14.1875,1.125],"tintindex":0,"rotation":90,"texture":"#0"},"south":{"uv":[13.8125,4.0,14.1875,1.5],"tintindex":0,"rotation":90,"texture":"#0"},"north":{"uv":[13.375,4.0,13.75,1.5],"tintindex":0,"rotation":270,"texture":"#0"},"west":{"uv":[13.8125,1.5,14.1875,1.125],"tintindex":0,"rotation":90,"texture":"#0"},"up":{"uv":[13.375,4.0,13.75,1.5],"tintindex":0,"rotation":90,"texture":"#0"},"down":{"uv":[13.375,4.0,13.75,1.5],"tintindex":0,"rotation":90,"texture":"#0"}}},{"from":[5.0,2.0,-3.0],"to":[8.0,14.0,8.0],"faces":{"east":{"uv":[14.5,8.9375,16.0,7.5625],"tintindex":0,"rotation":90,"texture":"#0"},"south":{"uv":[14.5,3.625,16.0,3.25],"tintindex":0,"rotation":90,"texture":"#0"},"north":{"uv":[14.5,5.375,16.0,5.0],"tintindex":0,"rotation":270,"texture":"#0"},"west":{"uv":[14.5,7.5625,16.0,8.9375],"tintindex":0,"rotation":90,"texture":"#0"},"up":{"uv":[14.5625,3.5625,14.1875,4.9375],"tintindex":0,"rotation":180,"texture":"#0"},"down":{"uv":[14.5625,3.5625,14.1875,4.9375],"tintindex":0,"rotation":180,"texture":"#0"}}},{"from":[-11.0,6.45,8.0],"to":[9.0,6.5,20.0],"faces":{"up":{"uv":[14.5,11.625,16.0,9.125],"tintindex":0,"rotation":90,"texture":"#0"},"down":{"uv":[16.0,11.625,14.5,9.125],"tintindex":0,"rotation":90,"texture":"#0"}},"rotation":{"origin":[9.0,6.5,8.0],"angle":22.5,"axis":"x"}},{"from":[-5.005,7.495,9.495],"to":[-1.9949999,8.505,10.505],"faces":{"east":{"uv":[14.1875,1.75,14.3125,1.625],"tintindex":0,"rotation":90,"texture":"#0"},"south":{"uv":[14.1875,2.0,14.3125,1.625],"tintindex":0,"rotation":90,"texture":"#0"},"west":{"uv":[14.1875,1.75,14.3125,1.625],"tintindex":0,"rotation":90,"texture":"#0"},"up":{"uv":[14.25,2.0,14.375,1.625],"tintindex":0,"rotation":90,"texture":"#0"},"down":{"uv":[14.25,2.0,14.375,1.625],"tintindex":0,"rotation":90,"texture":"#0"}}},{"from":[0.0,2.0,-4.0],"to":[3.0,14.0,8.0],"faces":{"east":{"uv":[14.5,5.0625,16.0,3.5625],"tintindex":0,"rotation":90,"texture":"#0"},"south":{"uv":[14.5,3.625,16.0,3.25],"tintindex":0,"rotation":90,"texture":"#0"},"north":{"uv":[14.5,5.0,16.0,5.375],"tintindex":0,"rotation":270,"texture":"#0"},"west":{"uv":[14.5,3.5625,16.0,5.0625],"tintindex":0,"rotation":90,"texture":"#0"},"up":{"uv":[14.5625,3.5625,14.1875,5.0625],"tintindex":0,"rotation":180,"texture":"#0"},"down":{"uv":[14.5625,3.5625,14.1875,5.0625],"tintindex":0,"rotation":180,"texture":"#0"}}},{"from":[-11.0,9.5,8.0],"to":[9.0,9.55,20.0],"faces":{"up":{"uv":[14.5,11.625,16.0,9.125],"tintindex":0,"rotation":90,"texture":"#0"},"down":{"uv":[16.0,11.625,14.5,9.125],"tintindex":0,"rotation":90,"texture":"#0"}},"rotation":{"origin":[9.0,9.5,8.0],"angle":-22.5,"axis":"x"}},{"from":[4.995,7.495,9.495],"to":[8.005,8.505,10.505],"faces":{"east":{"uv":[14.1875,1.75,14.3125,1.625],"tintindex":0,"rotation":90,"texture":"#0"},"south":{"uv":[14.1875,2.0,14.3125,1.625],"tintindex":0,"rotation":90,"texture":"#0"},"west":{"uv":[14.1875,1.75,14.3125,1.625],"tintindex":0,"rotation":90,"texture":"#0"},"up":{"uv":[14.25,2.0,14.375,1.625],"tintindex":0,"rotation":90,"texture":"#0"},"down":{"uv":[14.25,2.0,14.375,1.625],"tintindex":0,"rotation":90,"texture":"#0"}}},{"from":[-10.005001,7.495,9.495],"to":[-6.995,8.505,11.505],"faces":{"east":{"uv":[14.1875,1.875,14.3125,1.625],"tintindex":0,"rotation":90,"texture":"#0"},"south":{"uv":[14.1875,2.0,14.3125,1.625],"tintindex":0,"rotation":90,"texture":"#0"},"west":{"uv":[14.1875,1.875,14.3125,1.625],"tintindex":0,"rotation":90,"texture":"#0"},"up":{"uv":[14.5,2.0,14.25,1.625],"tintindex":0,"rotation":90,"texture":"#0"},"down":{"uv":[14.25,2.0,14.5,1.625],"tintindex":0,"rotation":90,"texture":"#0"}}},{"from":[-10.0,2.0,-4.0],"to":[-7.0,14.0,8.0],"faces":{"east":{"uv":[14.5,5.0625,16.0,3.5625],"tintindex":0,"rotation":90,"texture":"#0"},"south":{"uv":[14.5,3.625,16.0,3.25],"tintindex":0,"rotation":90,"texture":"#0"},"north":{"uv":[14.5,5.0,16.0,5.375],"tintindex":0,"rotation":270,"texture":"#0"},"west":{"uv":[14.5,3.5625,16.0,5.0625],"tintindex":0,"rotation":90,"texture":"#0"},"up":{"uv":[14.5625,3.5625,14.1875,5.0625],"tintindex":0,"rotation":180,"texture":"#0"},"down":{"uv":[14.5625,3.5625,14.1875,5.0625],"tintindex":0,"rotation":180,"texture":"#0"}}},{"from":[-5.0,2.0,-3.0],"to":[-2.0,14.0,8.0],"faces":{"east":{"uv":[14.5,8.9375,16.0,7.5625],"tintindex":0,"rotation":90,"texture":"#0"},"south":{"uv":[14.5,3.625,16.0,3.25],"tintindex":0,"rotation":90,"texture":"#0"},"north":{"uv":[14.5,5.375,16.0,5.0],"tintindex":0,"rotation":270,"texture":"#0"},"west":{"uv":[14.5,7.5625,16.0,8.9375],"tintindex":0,"rotation":90,"texture":"#0"},"up":{"uv":[14.5625,3.5625,14.1875,4.9375],"tintindex":0,"rotation":180,"texture":"#0"},"down":{"uv":[14.5625,3.5625,14.1875,4.9375],"tintindex":0,"rotation":180,"texture":"#0"}}},{"from":[-0.0050001144,7.495,9.495],"to":[3.005,8.505,11.505],"faces":{"east":{"uv":[14.1875,1.875,14.3125,1.625],"tintindex":0,"rotation":90,"texture":"#0"},"south":{"uv":[14.1875,2.0,14.3125,1.625],"tintindex":0,"rotation":90,"texture":"#0"},"west":{"uv":[14.1875,1.875,14.3125,1.625],"tintindex":0,"rotation":90,"texture":"#0"},"up":{"uv":[14.5,2.0,14.25,1.625],"tintindex":0,"rotation":90,"texture":"#0"},"down":{"uv":[14.25,2.0,14.5,1.625],"tintindex":0,"rotation":90,"texture":"#0"}}}],"display":{"gui":{"rotation":[30,225,0]}}}