{"textures":{"0":"modelengine:entity/flying_spirit"},"elements":[{"from":[4.0,5.0,5.0],"to":[11.0,11.0,11.0],"faces":{"south":{"uv":[5.0,0.0,12.0,6.0],"tintindex":0,"rotation":0,"texture":"#0"},"north":{"uv":[12.0,0.0,5.0,6.0],"tintindex":0,"rotation":0,"texture":"#0"},"west":{"uv":[0.0,0.0,6.0,6.0],"tintindex":0,"rotation":0,"texture":"#0"},"up":{"uv":[12.0,0.0,5.0,6.0],"tintindex":0,"rotation":180,"texture":"#0"},"down":{"uv":[12.0,6.0,5.0,0.0],"tintindex":0,"rotation":180,"texture":"#0"}}},{"from":[7.5,6.0,7.3],"to":[14.5,10.0,11.3],"faces":{"south":{"uv":[4.0,6.0,11.0,10.0],"tintindex":0,"rotation":0,"texture":"#0"},"north":{"uv":[11.0,6.0,4.0,10.0],"tintindex":0,"rotation":0,"texture":"#0"},"west":{"uv":[0.0,6.0,4.0,10.0],"tintindex":0,"rotation":0,"texture":"#0"},"up":{"uv":[11.0,6.0,4.0,10.0],"tintindex":0,"rotation":180,"texture":"#0"},"down":{"uv":[11.0,6.0,4.0,10.0],"tintindex":0,"rotation":180,"texture":"#0"}},"rotation":{"origin":[12.0,8.0,8.0],"angle":-22.5,"axis":"y"}}],"display":{"gui":{"rotation":[30,225,0]}}}