{"textures":{"1":"modelengine:entity/forest_spitit_totem_activated"},"elements":[{"from":[4.6666665,10.666667,3.6666665],"to":[11.0,12.0,4.333333],"faces":{"east":{"uv":[1.25,0.5,0.25,1.0],"tintindex":0,"rotation":90,"texture":"#1"},"north":{"uv":[1.25,0.5,0.25,5.25],"tintindex":0,"rotation":90,"texture":"#1"},"west":{"uv":[1.25,4.75,0.25,5.25],"tintindex":0,"rotation":90,"texture":"#1"},"up":{"uv":[1.25,5.25,0.75,0.5],"tintindex":0,"rotation":90,"texture":"#1"}}},{"from":[1.333333,26.0,4.6666665],"to":[2.333333,27.0,5.6666665],"faces":{"east":{"uv":[12.75,1.75,13.5,2.5],"tintindex":0,"rotation":0,"texture":"#1"},"south":{"uv":[13.5,1.75,12.75,2.5],"tintindex":0,"rotation":0,"texture":"#1"},"north":{"uv":[12.75,1.75,13.5,2.5],"tintindex":0,"rotation":0,"texture":"#1"},"west":{"uv":[12.75,1.75,13.5,2.5],"tintindex":0,"rotation":0,"texture":"#1"},"up":{"uv":[12.75,2.5,13.5,1.75],"tintindex":0,"rotation":90,"texture":"#1"},"down":{"uv":[12.75,1.75,13.5,2.5],"tintindex":0,"rotation":90,"texture":"#1"}}},{"from":[14.0,22.0,4.6666665],"to":[14.666667,24.333334,5.6666665],"faces":{"east":{"uv":[14.0,3.75,13.25,5.5],"tintindex":0,"rotation":0,"texture":"#1"},"south":{"uv":[13.0,3.75,13.5,5.5],"tintindex":0,"rotation":0,"texture":"#1"},"north":{"uv":[13.5,3.75,13.0,5.5],"tintindex":0,"rotation":0,"texture":"#1"},"west":{"uv":[12.75,2.5,12.0,4.25],"tintindex":0,"rotation":0,"texture":"#1"},"up":{"uv":[13.25,3.5,14.0,4.0],"tintindex":0,"rotation":90,"texture":"#1"},"down":{"uv":[12.5,3.75,12.0,4.5],"tintindex":0,"rotation":0,"texture":"#1"}}},{"from":[12.666667,23.333334,4.6666665],"to":[14.0,24.333334,5.6666665],"faces":{"east":{"uv":[12.75,3.75,12.0,4.5],"tintindex":0,"rotation":0,"texture":"#1"},"south":{"uv":[12.0,3.75,13.0,4.5],"tintindex":0,"rotation":0,"texture":"#1"},"north":{"uv":[13.0,3.75,12.0,4.5],"tintindex":0,"rotation":0,"texture":"#1"},"west":{"uv":[12.75,3.75,12.0,4.5],"tintindex":0,"rotation":0,"texture":"#1"},"up":{"uv":[12.0,3.75,13.0,4.5],"tintindex":0,"rotation":0,"texture":"#1"},"down":{"uv":[13.0,3.75,12.0,4.5],"tintindex":0,"rotation":0,"texture":"#1"}}},{"from":[7.0,16.666668,3.6666665],"to":[9.0,17.333334,4.333333],"faces":{"east":{"uv":[5.25,2.25,4.75,2.75],"tintindex":0,"rotation":90,"texture":"#1"},"north":{"uv":[5.25,2.25,4.75,3.75],"tintindex":0,"rotation":90,"texture":"#1"},"west":{"uv":[5.25,2.75,4.75,2.25],"tintindex":0,"rotation":90,"texture":"#1"},"down":{"uv":[5.25,3.75,4.75,2.25],"tintindex":0,"rotation":90,"texture":"#1"}}},{"from":[6.333333,13.0,3.6666665],"to":[7.3333335,14.0,4.333333],"faces":{"east":{"uv":[2.75,2.5,2.0,2.0],"tintindex":0,"rotation":90,"texture":"#1"},"north":{"uv":[2.75,1.75,2.0,2.5],"tintindex":0,"rotation":90,"texture":"#1"},"west":{"uv":[2.75,2.0,2.0,2.5],"tintindex":0,"rotation":90,"texture":"#1"}}},{"from":[3.6666665,27.333334,4.6666665],"to":[5.0,28.333334,5.6666665],"faces":{"east":{"uv":[12.5,0.75,13.25,1.5],"tintindex":0,"rotation":0,"texture":"#1"},"south":{"uv":[11.75,0.75,10.75,1.5],"tintindex":0,"rotation":0,"texture":"#1"},"north":{"uv":[10.75,0.75,11.75,1.5],"tintindex":0,"rotation":0,"texture":"#1"},"west":{"uv":[11.75,0.75,12.5,1.5],"tintindex":0,"rotation":0,"texture":"#1"},"up":{"uv":[11.75,0.25,10.75,1.0],"tintindex":0,"rotation":0,"texture":"#1"},"down":{"uv":[11.75,0.75,12.75,1.5],"tintindex":0,"rotation":0,"texture":"#1"}}},{"from":[6.333333,14.0,3.6666665],"to":[9.666667,15.0,4.333333],"faces":{"east":{"uv":[3.5,4.25,2.75,3.75],"tintindex":0,"rotation":90,"texture":"#1"},"north":{"uv":[3.5,1.75,2.75,4.25],"tintindex":0,"rotation":90,"texture":"#1"},"west":{"uv":[3.5,2.25,2.75,1.75],"tintindex":0,"rotation":90,"texture":"#1"},"up":{"uv":[3.5,4.25,3.0,1.75],"tintindex":0,"rotation":90,"texture":"#1"},"down":{"uv":[3.0,1.75,3.5,4.25],"tintindex":0,"rotation":90,"texture":"#1"}}},{"from":[2.333333,26.0,4.6666665],"to":[3.6666665,28.333334,5.6666665],"faces":{"east":{"uv":[11.75,0.75,12.5,2.5],"tintindex":0,"rotation":0,"texture":"#1"},"south":{"uv":[12.75,0.75,11.75,2.5],"tintindex":0,"rotation":0,"texture":"#1"},"north":{"uv":[11.75,0.75,12.75,2.5],"tintindex":0,"rotation":0,"texture":"#1"},"west":{"uv":[12.5,0.75,13.25,2.5],"tintindex":0,"rotation":0,"texture":"#1"},"up":{"uv":[12.5,0.25,11.5,1.0],"tintindex":0,"rotation":0,"texture":"#1"},"down":{"uv":[11.75,0.75,12.75,1.5],"tintindex":0,"rotation":0,"texture":"#1"}}},{"from":[5.333333,12.0,3.6666665],"to":[7.3333335,13.0,4.333333],"faces":{"east":{"uv":[2.0,2.0,1.25,1.5],"tintindex":0,"rotation":90,"texture":"#1"},"north":{"uv":[2.0,1.0,1.25,2.5],"tintindex":0,"rotation":90,"texture":"#1"},"west":{"uv":[2.0,1.5,1.25,2.0],"tintindex":0,"rotation":90,"texture":"#1"},"up":{"uv":[2.0,2.5,1.5,1.0],"tintindex":0,"rotation":90,"texture":"#1"}}},{"from":[4.6666665,12.0,3.6666665],"to":[5.333333,12.333334,4.333333],"faces":{"north":{"uv":[1.5,0.5,1.25,1.0],"tintindex":0,"rotation":90,"texture":"#1"},"west":{"uv":[1.0,0.75,1.5,0.5],"tintindex":0,"rotation":0,"texture":"#1"},"up":{"uv":[1.5,1.0,1.0,0.5],"tintindex":0,"rotation":90,"texture":"#1"}}},{"from":[11.0,27.333334,4.6666665],"to":[12.333334,28.333334,5.6666665],"faces":{"east":{"uv":[12.5,0.75,11.75,1.5],"tintindex":0,"rotation":0,"texture":"#1"},"south":{"uv":[10.75,0.75,11.75,1.5],"tintindex":0,"rotation":0,"texture":"#1"},"north":{"uv":[11.75,0.75,10.75,1.5],"tintindex":0,"rotation":0,"texture":"#1"},"west":{"uv":[13.25,0.75,12.5,1.5],"tintindex":0,"rotation":0,"texture":"#1"},"up":{"uv":[10.75,0.25,11.75,1.0],"tintindex":0,"rotation":0,"texture":"#1"},"down":{"uv":[12.75,0.75,11.75,1.5],"tintindex":0,"rotation":0,"texture":"#1"}}},{"from":[2.0,23.333334,4.6666665],"to":[3.333333,24.333334,5.6666665],"faces":{"east":{"uv":[12.0,3.75,12.75,4.5],"tintindex":0,"rotation":0,"texture":"#1"},"south":{"uv":[13.0,3.75,12.0,4.5],"tintindex":0,"rotation":0,"texture":"#1"},"north":{"uv":[12.0,3.75,13.0,4.5],"tintindex":0,"rotation":0,"texture":"#1"},"west":{"uv":[12.0,3.75,12.75,4.5],"tintindex":0,"rotation":0,"texture":"#1"},"up":{"uv":[13.0,3.75,12.0,4.5],"tintindex":0,"rotation":0,"texture":"#1"},"down":{"uv":[12.0,3.75,13.0,4.5],"tintindex":0,"rotation":0,"texture":"#1"}}},{"from":[10.666667,24.666668,4.6666665],"to":[13.666667,26.0,5.6666665],"faces":{"east":{"uv":[13.25,2.5,12.5,3.5],"tintindex":0,"rotation":0,"texture":"#1"},"south":{"uv":[10.5,2.5,12.75,3.5],"tintindex":0,"rotation":0,"texture":"#1"},"north":{"uv":[12.75,2.5,10.5,3.5],"tintindex":0,"rotation":0,"texture":"#1"},"west":{"uv":[11.25,2.5,10.5,3.5],"tintindex":0,"rotation":0,"texture":"#1"},"up":{"uv":[10.5,2.5,12.75,3.25],"tintindex":0,"rotation":0,"texture":"#1"},"down":{"uv":[12.75,2.5,10.5,3.25],"tintindex":0,"rotation":0,"texture":"#1"}}},{"from":[2.6666665,8.0,2.6666665],"to":[13.333334,10.666667,13.333334],"faces":{"east":{"uv":[8.0,14.0,16.0,16.0],"tintindex":0,"rotation":0,"texture":"#1"},"south":{"uv":[8.0,14.0,16.0,16.0],"tintindex":0,"rotation":0,"texture":"#1"},"north":{"uv":[8.0,14.0,16.0,16.0],"tintindex":0,"rotation":0,"texture":"#1"},"west":{"uv":[8.0,14.0,16.0,16.0],"tintindex":0,"rotation":0,"texture":"#1"},"up":{"uv":[8.0,14.0,16.0,6.0],"tintindex":0,"rotation":0,"texture":"#1"},"down":{"uv":[8.0,6.0,16.0,14.0],"tintindex":0,"rotation":0,"texture":"#1"}}},{"from":[-2.0,26.666668,4.6666665],"to":[-1.0,27.333334,5.6666665],"faces":{"east":{"uv":[15.25,1.0,16.0,1.5],"tintindex":0,"rotation":0,"texture":"#1"},"south":{"uv":[16.0,1.5,15.25,2.0],"tintindex":0,"rotation":0,"texture":"#1"},"north":{"uv":[15.25,1.5,16.0,2.0],"tintindex":0,"rotation":0,"texture":"#1"},"west":{"uv":[12.5,0.75,13.25,1.25],"tintindex":0,"rotation":0,"texture":"#1"},"up":{"uv":[16.0,1.0,15.25,1.75],"tintindex":0,"rotation":0,"texture":"#1"},"down":{"uv":[15.25,1.0,16.0,1.75],"tintindex":0,"rotation":0,"texture":"#1"}}},{"from":[5.333333,23.0,3.6666665],"to":[10.666667,24.0,4.333333],"faces":{"east":{"uv":[10.25,5.0,9.5,4.5],"tintindex":0,"rotation":90,"texture":"#1"},"north":{"uv":[10.25,1.0,9.5,5.0],"tintindex":0,"rotation":90,"texture":"#1"},"west":{"uv":[10.25,1.5,9.5,1.0],"tintindex":0,"rotation":90,"texture":"#1"},"down":{"uv":[10.0,5.0,9.5,1.0],"tintindex":0,"rotation":90,"texture":"#1"}}},{"from":[6.333333,17.333334,3.6666665],"to":[9.666667,19.333334,4.333333],"faces":{"east":{"uv":[6.75,1.75,5.25,2.25],"tintindex":0,"rotation":90,"texture":"#1"},"north":{"uv":[6.75,1.75,5.25,4.25],"tintindex":0,"rotation":90,"texture":"#1"},"west":{"uv":[6.75,2.25,5.25,1.75],"tintindex":0,"rotation":90,"texture":"#1"},"down":{"uv":[5.75,4.25,5.25,1.75],"tintindex":0,"rotation":90,"texture":"#1"}}},{"from":[13.333334,28.666668,4.6666665],"to":[14.666667,29.333334,5.6666665],"faces":{"east":{"uv":[14.25,0.0,13.5,0.5],"tintindex":0,"rotation":0,"texture":"#1"},"south":{"uv":[12.5,0.0,13.5,0.5],"tintindex":0,"rotation":0,"texture":"#1"},"north":{"uv":[13.5,0.0,12.5,0.5],"tintindex":0,"rotation":0,"texture":"#1"},"west":{"uv":[14.25,0.0,13.5,0.5],"tintindex":0,"rotation":0,"texture":"#1"},"up":{"uv":[15.0,1.75,16.0,1.0],"tintindex":0,"rotation":180,"texture":"#1"},"down":{"uv":[13.5,1.0,14.25,0.0],"tintindex":0,"rotation":90,"texture":"#1"}}},{"from":[2.333333,24.666668,4.6666665],"to":[5.333333,26.0,5.6666665],"faces":{"east":{"uv":[10.5,2.5,11.25,3.5],"tintindex":0,"rotation":0,"texture":"#1"},"south":{"uv":[12.75,2.5,10.5,3.5],"tintindex":0,"rotation":0,"texture":"#1"},"north":{"uv":[10.5,2.5,12.75,3.5],"tintindex":0,"rotation":0,"texture":"#1"},"west":{"uv":[12.5,2.5,13.25,3.5],"tintindex":0,"rotation":0,"texture":"#1"},"up":{"uv":[12.75,2.5,10.5,3.25],"tintindex":0,"rotation":0,"texture":"#1"},"down":{"uv":[10.5,2.5,12.75,3.25],"tintindex":0,"rotation":0,"texture":"#1"}}},{"from":[14.666667,25.0,4.6666665],"to":[15.666667,29.333334,5.6666665],"faces":{"east":{"uv":[14.75,0.0,14.0,3.25],"tintindex":0,"rotation":0,"texture":"#1"},"south":{"uv":[13.5,0.0,14.25,3.25],"tintindex":0,"rotation":0,"texture":"#1"},"north":{"uv":[14.25,0.0,13.5,3.25],"tintindex":0,"rotation":0,"texture":"#1"},"west":{"uv":[14.25,0.0,13.5,3.25],"tintindex":0,"rotation":0,"texture":"#1"},"up":{"uv":[15.25,1.0,16.0,1.75],"tintindex":0,"rotation":0,"texture":"#1"},"down":{"uv":[14.25,0.0,13.5,0.75],"tintindex":0,"rotation":0,"texture":"#1"}}},{"from":[15.666667,25.0,4.6666665],"to":[16.333334,26.0,5.6666665],"faces":{"east":{"uv":[15.0,2.5,14.25,3.25],"tintindex":0,"rotation":0,"texture":"#1"},"south":{"uv":[14.25,2.5,14.75,3.25],"tintindex":0,"rotation":0,"texture":"#1"},"north":{"uv":[14.75,2.5,14.25,3.25],"tintindex":0,"rotation":0,"texture":"#1"},"west":{"uv":[15.0,2.5,14.25,3.25],"tintindex":0,"rotation":0,"texture":"#1"},"up":{"uv":[14.25,2.5,15.0,3.25],"tintindex":0,"rotation":0,"texture":"#1"},"down":{"uv":[15.0,2.5,14.25,3.25],"tintindex":0,"rotation":0,"texture":"#1"}}},{"from":[5.333333,24.0,3.6666665],"to":[10.666667,26.666668,10.666667],"faces":{"east":{"uv":[7.75,6.25,5.75,11.5],"tintindex":0,"rotation":90,"texture":"#1"},"south":{"uv":[7.75,7.5,5.75,11.5],"tintindex":0,"rotation":90,"texture":"#1"},"north":{"uv":[7.75,11.75,5.75,15.75],"tintindex":0,"rotation":90,"texture":"#1"},"west":{"uv":[7.75,6.25,5.75,11.5],"tintindex":0,"rotation":90,"texture":"#1"},"up":{"uv":[10.0,8.0,14.0,13.25],"tintindex":0,"rotation":180,"texture":"#1"}}},{"from":[8.666667,12.0,3.6666665],"to":[10.0,13.666667,4.333333],"faces":{"east":{"uv":[2.5,3.5,1.25,4.0],"tintindex":0,"rotation":90,"texture":"#1"},"north":{"uv":[2.5,3.5,1.25,4.5],"tintindex":0,"rotation":90,"texture":"#1"},"west":{"uv":[2.5,4.0,1.25,4.5],"tintindex":0,"rotation":90,"texture":"#1"},"up":{"uv":[2.5,4.5,2.0,3.5],"tintindex":0,"rotation":90,"texture":"#1"}}},{"from":[4.333333,10.666667,4.333333],"to":[11.666667,24.0,11.666667],"faces":{"east":{"uv":[0.0,6.0,5.5,16.0],"tintindex":0,"rotation":0,"texture":"#1"},"south":{"uv":[0.0,6.0,5.5,16.0],"tintindex":0,"rotation":0,"texture":"#1"},"north":{"uv":[10.25,0.25,0.25,5.75],"tintindex":0,"rotation":90,"texture":"#1"},"west":{"uv":[0.0,6.0,5.5,16.0],"tintindex":0,"rotation":0,"texture":"#1"},"up":{"uv":[9.25,7.25,14.75,12.75],"tintindex":0,"rotation":180,"texture":"#1"}}},{"from":[2.333333,24.333334,4.6666665],"to":[3.333333,24.666668,5.6666665],"faces":{"east":{"uv":[12.0,3.5,12.75,3.75],"tintindex":0,"rotation":0,"texture":"#1"},"south":{"uv":[12.75,3.5,12.0,3.75],"tintindex":0,"rotation":0,"texture":"#1"},"north":{"uv":[12.0,3.5,12.75,3.75],"tintindex":0,"rotation":0,"texture":"#1"},"west":{"uv":[12.5,3.5,13.25,3.75],"tintindex":0,"rotation":0,"texture":"#1"},"up":{"uv":[12.75,3.5,12.0,4.25],"tintindex":0,"rotation":0,"texture":"#1"},"down":{"uv":[12.0,3.5,12.75,4.25],"tintindex":0,"rotation":0,"texture":"#1"}}},{"from":[5.6666665,19.333334,3.6666665],"to":[10.333334,21.0,4.333333],"faces":{"east":{"uv":[8.0,1.25,6.75,1.75],"tintindex":0,"rotation":90,"texture":"#1"},"north":{"uv":[8.0,1.25,6.75,4.75],"tintindex":0,"rotation":90,"texture":"#1"},"west":{"uv":[8.0,1.75,6.75,1.25],"tintindex":0,"rotation":90,"texture":"#1"},"up":{"uv":[9.25,7.75,12.25,7.25],"tintindex":0,"rotation":180,"texture":"#1"},"down":{"uv":[7.25,4.75,6.75,1.25],"tintindex":0,"rotation":90,"texture":"#1"}}},{"from":[6.0,22.333334,3.6666665],"to":[10.0,23.0,4.333333],"faces":{"east":{"uv":[9.5,4.5,9.0,4.0],"tintindex":0,"rotation":90,"texture":"#1"},"north":{"uv":[9.5,1.5,9.0,4.5],"tintindex":0,"rotation":90,"texture":"#1"},"west":{"uv":[9.5,2.0,9.0,1.5],"tintindex":0,"rotation":90,"texture":"#1"},"down":{"uv":[9.5,4.5,9.0,1.5],"tintindex":0,"rotation":90,"texture":"#1"}}},{"from":[1.333333,22.0,4.6666665],"to":[2.0,24.333334,5.6666665],"faces":{"east":{"uv":[12.0,2.5,12.75,4.25],"tintindex":0,"rotation":0,"texture":"#1"},"south":{"uv":[13.5,3.75,13.0,5.5],"tintindex":0,"rotation":0,"texture":"#1"},"north":{"uv":[13.0,3.75,13.5,5.5],"tintindex":0,"rotation":0,"texture":"#1"},"west":{"uv":[13.25,3.75,14.0,5.5],"tintindex":0,"rotation":0,"texture":"#1"},"up":{"uv":[13.25,4.0,14.0,3.5],"tintindex":0,"rotation":90,"texture":"#1"},"down":{"uv":[12.0,3.75,12.5,4.5],"tintindex":0,"rotation":0,"texture":"#1"}}},{"from":[12.666667,24.333334,4.6666665],"to":[13.666667,24.666668,5.6666665],"faces":{"east":{"uv":[13.25,3.5,12.5,3.75],"tintindex":0,"rotation":0,"texture":"#1"},"south":{"uv":[12.0,3.5,12.75,3.75],"tintindex":0,"rotation":0,"texture":"#1"},"north":{"uv":[12.75,3.5,12.0,3.75],"tintindex":0,"rotation":0,"texture":"#1"},"west":{"uv":[12.75,3.5,12.0,3.75],"tintindex":0,"rotation":0,"texture":"#1"},"up":{"uv":[12.0,3.5,12.75,4.25],"tintindex":0,"rotation":0,"texture":"#1"},"down":{"uv":[12.75,3.5,12.0,4.25],"tintindex":0,"rotation":0,"texture":"#1"}}},{"from":[7.3333335,12.0,3.6666665],"to":[8.666667,12.666667,4.333333],"faces":{"north":{"uv":[1.75,2.5,1.25,3.5],"tintindex":0,"rotation":90,"texture":"#1"},"up":{"uv":[1.75,3.5,1.25,2.5],"tintindex":0,"rotation":90,"texture":"#1"}}},{"from":[-0.33333397,25.0,4.6666665],"to":[0.33333302,26.0,5.6666665],"faces":{"east":{"uv":[14.25,2.5,15.0,3.25],"tintindex":0,"rotation":0,"texture":"#1"},"south":{"uv":[14.75,2.5,14.25,3.25],"tintindex":0,"rotation":0,"texture":"#1"},"north":{"uv":[14.25,2.5,14.75,3.25],"tintindex":0,"rotation":0,"texture":"#1"},"west":{"uv":[14.25,2.5,15.0,3.25],"tintindex":0,"rotation":0,"texture":"#1"},"up":{"uv":[15.0,2.5,14.25,3.25],"tintindex":0,"rotation":0,"texture":"#1"},"down":{"uv":[14.25,2.5,15.0,3.25],"tintindex":0,"rotation":0,"texture":"#1"}}},{"from":[13.666667,26.0,4.6666665],"to":[14.666667,27.0,5.6666665],"faces":{"east":{"uv":[13.5,1.75,12.75,2.5],"tintindex":0,"rotation":0,"texture":"#1"},"south":{"uv":[12.75,1.75,13.5,2.5],"tintindex":0,"rotation":0,"texture":"#1"},"north":{"uv":[13.5,1.75,12.75,2.5],"tintindex":0,"rotation":0,"texture":"#1"},"west":{"uv":[13.5,1.75,12.75,2.5],"tintindex":0,"rotation":0,"texture":"#1"},"up":{"uv":[12.75,1.75,13.5,2.5],"tintindex":0,"rotation":90,"texture":"#1"},"down":{"uv":[12.75,2.5,13.5,1.75],"tintindex":0,"rotation":90,"texture":"#1"}}},{"from":[6.6666665,21.0,3.6666665],"to":[9.333333,22.333334,4.333333],"faces":{"east":{"uv":[9.0,4.0,8.0,3.5],"tintindex":0,"rotation":90,"texture":"#1"},"north":{"uv":[9.0,2.0,8.0,4.0],"tintindex":0,"rotation":90,"texture":"#1"},"west":{"uv":[9.0,2.5,8.0,2.0],"tintindex":0,"rotation":90,"texture":"#1"}}},{"from":[1.333333,28.666668,4.6666665],"to":[2.6666665,29.333334,5.6666665],"faces":{"east":{"uv":[13.5,0.0,14.25,0.5],"tintindex":0,"rotation":0,"texture":"#1"},"south":{"uv":[13.5,0.0,12.5,0.5],"tintindex":0,"rotation":0,"texture":"#1"},"north":{"uv":[12.5,0.0,13.5,0.5],"tintindex":0,"rotation":0,"texture":"#1"},"west":{"uv":[13.5,0.0,14.25,0.5],"tintindex":0,"rotation":0,"texture":"#1"},"up":{"uv":[16.0,1.75,15.0,1.0],"tintindex":0,"rotation":180,"texture":"#1"},"down":{"uv":[13.5,0.0,14.25,1.0],"tintindex":0,"rotation":90,"texture":"#1"}}},{"from":[8.666667,13.666667,3.6666665],"to":[9.666667,14.0,4.333333],"faces":{"east":{"uv":[2.75,3.5,2.5,4.0],"tintindex":0,"rotation":90,"texture":"#1"},"north":{"uv":[2.75,3.5,2.5,4.25],"tintindex":0,"rotation":90,"texture":"#1"},"west":{"uv":[2.75,3.75,2.5,4.25],"tintindex":0,"rotation":90,"texture":"#1"}}},{"from":[17.0,26.666668,4.6666665],"to":[18.0,27.333334,5.6666665],"faces":{"east":{"uv":[13.25,0.75,12.5,1.25],"tintindex":0,"rotation":0,"texture":"#1"},"south":{"uv":[15.25,1.5,16.0,2.0],"tintindex":0,"rotation":0,"texture":"#1"},"north":{"uv":[16.0,1.5,15.25,2.0],"tintindex":0,"rotation":0,"texture":"#1"},"west":{"uv":[16.0,1.0,15.25,1.5],"tintindex":0,"rotation":0,"texture":"#1"},"up":{"uv":[15.25,1.0,16.0,1.75],"tintindex":0,"rotation":0,"texture":"#1"},"down":{"uv":[16.0,1.0,15.25,1.75],"tintindex":0,"rotation":0,"texture":"#1"}}},{"from":[16.333334,25.0,4.6666665],"to":[17.0,27.333334,5.6666665],"faces":{"east":{"uv":[14.25,1.25,13.5,3.0],"tintindex":0,"rotation":0,"texture":"#1"},"south":{"uv":[14.75,1.5,15.25,3.25],"tintindex":0,"rotation":0,"texture":"#1"},"north":{"uv":[15.25,1.5,14.75,3.25],"tintindex":0,"rotation":0,"texture":"#1"},"west":{"uv":[14.25,0.0,13.5,1.75],"tintindex":0,"rotation":0,"texture":"#1"},"up":{"uv":[14.75,1.0,15.25,1.75],"tintindex":0,"rotation":0,"texture":"#1"},"down":{"uv":[15.25,2.5,14.75,3.25],"tintindex":0,"rotation":0,"texture":"#1"}}},{"from":[0.33333302,25.0,4.6666665],"to":[1.333333,29.333334,5.6666665],"faces":{"east":{"uv":[13.5,0.0,14.25,3.25],"tintindex":0,"rotation":0,"texture":"#1"},"south":{"uv":[14.25,0.0,13.5,3.25],"tintindex":0,"rotation":0,"texture":"#1"},"north":{"uv":[13.5,0.0,14.25,3.25],"tintindex":0,"rotation":0,"texture":"#1"},"west":{"uv":[14.0,0.0,14.75,3.25],"tintindex":0,"rotation":0,"texture":"#1"},"up":{"uv":[16.0,1.0,15.25,1.75],"tintindex":0,"rotation":0,"texture":"#1"},"down":{"uv":[13.5,0.0,14.25,0.75],"tintindex":0,"rotation":0,"texture":"#1"}}},{"from":[12.333334,26.0,4.6666665],"to":[13.666667,28.333334,5.6666665],"faces":{"east":{"uv":[13.25,0.75,12.5,2.5],"tintindex":0,"rotation":0,"texture":"#1"},"south":{"uv":[11.75,0.75,12.75,2.5],"tintindex":0,"rotation":0,"texture":"#1"},"north":{"uv":[12.75,0.75,11.75,2.5],"tintindex":0,"rotation":0,"texture":"#1"},"west":{"uv":[12.5,0.75,11.75,2.5],"tintindex":0,"rotation":0,"texture":"#1"},"up":{"uv":[11.5,0.25,12.5,1.0],"tintindex":0,"rotation":0,"texture":"#1"},"down":{"uv":[12.75,0.75,11.75,1.5],"tintindex":0,"rotation":0,"texture":"#1"}}},{"from":[-1.0,25.0,4.6666665],"to":[-0.33333397,27.333334,5.6666665],"faces":{"east":{"uv":[13.5,0.0,14.25,1.75],"tintindex":0,"rotation":0,"texture":"#1"},"south":{"uv":[15.25,1.5,14.75,3.25],"tintindex":0,"rotation":0,"texture":"#1"},"north":{"uv":[14.75,1.5,15.25,3.25],"tintindex":0,"rotation":0,"texture":"#1"},"west":{"uv":[13.5,1.25,14.25,3.0],"tintindex":0,"rotation":0,"texture":"#1"},"up":{"uv":[15.25,1.0,14.75,1.75],"tintindex":0,"rotation":0,"texture":"#1"},"down":{"uv":[14.75,2.5,15.25,3.25],"tintindex":0,"rotation":0,"texture":"#1"}}}],"display":{"gui":{"rotation":[30,225,0]}}}