{"textures":{"2":"modelengine:entity/herobrine_shield","3":"modelengine:entity/herobrine_zombie"},"elements":[{"from":[5.01,5.0,3.0],"to":[10.01,8.0,9.0],"faces":{"east":{"uv":[6.25,3.0,7.75,3.75],"tintindex":0,"rotation":0,"texture":"#2"},"south":{"uv":[6.25,5.25,7.5,6.0],"tintindex":0,"rotation":0,"texture":"#2"},"north":{"uv":[6.25,4.5,7.5,5.25],"tintindex":0,"rotation":0,"texture":"#2"},"west":{"uv":[6.25,3.75,7.75,4.5],"tintindex":0,"rotation":0,"texture":"#2"},"up":{"uv":[7.0,1.5,5.75,0.0],"tintindex":0,"rotation":0,"texture":"#2"},"down":{"uv":[7.0,1.5,5.75,3.0],"tintindex":0,"rotation":0,"texture":"#2"}}},{"from":[6.01,2.0,4.0],"to":[10.01,8.0,8.0],"faces":{"east":{"uv":[4.0,6.5,5.0,8.0],"tintindex":0,"rotation":0,"texture":"#3"},"south":{"uv":[5.0,6.5,6.0,8.0],"tintindex":0,"rotation":0,"texture":"#3"},"north":{"uv":[3.0,6.5,4.0,8.0],"tintindex":0,"rotation":0,"texture":"#3"},"west":{"uv":[6.0,6.5,7.0,8.0],"tintindex":0,"rotation":0,"texture":"#3"},"up":{"uv":[9.0,5.5,8.0,4.5],"tintindex":0,"rotation":0,"texture":"#3"},"down":{"uv":[6.0,8.0,5.0,9.0],"tintindex":0,"rotation":0,"texture":"#3"}}},{"from":[10.01,-1.0,-4.0],"to":[11.01,13.0,19.0],"faces":{"east":{"uv":[0.0,0.0,5.75,3.5],"tintindex":0,"rotation":0,"texture":"#2"},"south":{"uv":[6.5,6.0,6.75,9.5],"tintindex":0,"rotation":0,"texture":"#2"},"north":{"uv":[6.25,6.0,6.5,9.5],"tintindex":0,"rotation":0,"texture":"#2"},"west":{"uv":[0.0,3.5,5.75,7.0],"tintindex":0,"rotation":0,"texture":"#2"},"up":{"uv":[6.0,8.75,5.75,3.0],"tintindex":0,"rotation":0,"texture":"#2"},"down":{"uv":[6.25,3.0,6.0,8.75],"tintindex":0,"rotation":0,"texture":"#2"}}}],"display":{"gui":{"rotation":[30,225,0]}}}