{"textures":{"0":"modelengine:entity/lost_explorer"},"elements":[{"from":[6.5,11.0,7.5],"to":[9.5,13.0,8.5],"faces":{"east":{"uv":[2.75,15.0,3.0,15.5],"tintindex":0,"rotation":0,"texture":"#0"},"south":{"uv":[3.5,15.0,2.75,15.5],"tintindex":0,"rotation":0,"texture":"#0"},"north":{"uv":[2.75,15.0,3.5,15.5],"tintindex":0,"rotation":0,"texture":"#0"},"west":{"uv":[3.25,15.0,3.5,15.5],"tintindex":0,"rotation":0,"texture":"#0"},"up":{"uv":[2.75,15.0,3.5,15.25],"tintindex":0,"rotation":180,"texture":"#0"}}},{"from":[5.5,3.0,5.5],"to":[10.5,10.0,10.5],"faces":{"east":{"uv":[0.0,14.25,1.25,16.0],"tintindex":0,"rotation":0,"texture":"#0"},"south":{"uv":[0.0,14.25,1.25,16.0],"tintindex":0,"rotation":0,"texture":"#0"},"north":{"uv":[0.0,14.25,1.25,16.0],"tintindex":0,"rotation":0,"texture":"#0"},"west":{"uv":[0.0,14.25,1.25,16.0],"tintindex":0,"rotation":0,"texture":"#0"},"up":{"uv":[0.0,13.0,1.25,14.25],"tintindex":0,"rotation":0,"texture":"#0"},"down":{"uv":[1.25,14.75,2.5,16.0],"tintindex":0,"rotation":0,"texture":"#0"}}},{"from":[6.5,10.0,6.5],"to":[9.5,11.0,9.5],"faces":{"east":{"uv":[2.25,14.0,1.5,14.25],"tintindex":0,"rotation":0,"texture":"#0"},"south":{"uv":[2.25,13.5,1.5,13.75],"tintindex":0,"rotation":0,"texture":"#0"},"north":{"uv":[1.5,14.0,2.25,14.25],"tintindex":0,"rotation":0,"texture":"#0"},"west":{"uv":[1.5,13.5,2.25,13.75],"tintindex":0,"rotation":0,"texture":"#0"},"up":{"uv":[1.5,13.5,2.25,14.25],"tintindex":0,"rotation":180,"texture":"#0"},"down":{"uv":[1.5,13.5,2.25,14.25],"tintindex":0,"rotation":0,"texture":"#0"}}}],"display":{"gui":{"rotation":[30,225,0]}}}