{"textures":{"0":"modelengine:entity/dragon_monk"},"elements":[{"from":[6.8945,2.2520003,7.29985],"to":[9.1055,8.148001,8.70015],"faces":{"east":{"uv":[1.5075,9.3825,1.6175,9.8675],"tintindex":0,"rotation":0,"texture":"#0"},"south":{"uv":[8.3825,5.5075,8.5625,5.9925],"tintindex":0,"rotation":0,"texture":"#0"},"north":{"uv":[8.3825,2.2575,8.5625,2.7425],"tintindex":0,"rotation":0,"texture":"#0"},"west":{"uv":[1.7575,9.3825,1.8675,9.8675],"tintindex":0,"rotation":0,"texture":"#0"},"up":{"uv":[9.9375,0.9925,9.7575,0.8825],"tintindex":0,"rotation":0,"texture":"#0"},"down":{"uv":[9.9375,1.1325,9.7575,1.2425],"tintindex":0,"rotation":0,"texture":"#0"}}}],"display":{"gui":{"rotation":[30,225,0]}}}