{"textures":{"0":"modelengine:entity/dragon_monk"},"elements":[{"from":[6.1575,7.6315002,7.8157496],"to":[9.8425,8.3685,8.18425],"faces":{"east":{"uv":[8.5075,5.2575,8.5625,5.3125],"tintindex":0,"rotation":0,"texture":"#0"},"south":{"uv":[9.7575,5.0075,10.0625,5.0625],"tintindex":0,"rotation":0,"texture":"#0"},"north":{"uv":[9.7575,4.7575,10.0625,4.8125],"tintindex":0,"rotation":0,"texture":"#0"},"west":{"uv":[3.2575,8.6325,3.3125,8.6875],"tintindex":0,"rotation":0,"texture":"#0"},"up":{"uv":[10.0625,5.3125,9.7575,5.2575],"tintindex":0,"rotation":0,"texture":"#0"},"down":{"uv":[10.0625,5.5075,9.7575,5.5625],"tintindex":0,"rotation":0,"texture":"#0"}}}],"display":{"gui":{"rotation":[30,225,0]}}}