{"textures":{"0":"modelengine:entity/dragon_monk"},"elements":[{"from":[7.8725004,2.6762695,7.263],"to":[10.0835,8.572269,8.7369995],"faces":{"east":{"uv":[1.3675,9.3825,1.2575,9.8675],"tintindex":0,"rotation":0,"texture":"#0"},"south":{"uv":[1.1875,8.3825,1.0075,8.8675],"tintindex":0,"rotation":0,"texture":"#0"},"north":{"uv":[8.1875,8.2575,8.0075,8.7425],"tintindex":0,"rotation":0,"texture":"#0"},"west":{"uv":[1.1175,9.3825,1.0075,9.8675],"tintindex":0,"rotation":0,"texture":"#0"},"up":{"uv":[0.2575,9.8675,0.4375,9.7575],"tintindex":0,"rotation":0,"texture":"#0"},"down":{"uv":[9.7575,0.6325,9.9375,0.7425],"tintindex":0,"rotation":0,"texture":"#0"}},"rotation":{"origin":[8.978001,5.6242695,8.0],"angle":22.5,"axis":"z"}}],"display":{"gui":{"rotation":[30,225,0]}}}