{"textures":{"0":"modelengine:entity/dragon_monk"},"elements":[{"from":[6.1575003,7.6315002,7.8157496],"to":[9.842501,8.3685,8.18425],"faces":{"east":{"uv":[3.3125,8.6325,3.2575,8.6875],"tintindex":0,"rotation":0,"texture":"#0"},"south":{"uv":[10.0625,5.0075,9.7575,5.0625],"tintindex":0,"rotation":0,"texture":"#0"},"north":{"uv":[10.0625,4.7575,9.7575,4.8125],"tintindex":0,"rotation":0,"texture":"#0"},"west":{"uv":[8.5625,5.2575,8.5075,5.3125],"tintindex":0,"rotation":0,"texture":"#0"},"up":{"uv":[9.7575,5.3125,10.0625,5.2575],"tintindex":0,"rotation":0,"texture":"#0"},"down":{"uv":[9.7575,5.5075,10.0625,5.5625],"tintindex":0,"rotation":0,"texture":"#0"}}}],"display":{"gui":{"rotation":[30,225,0]}}}