{"textures":{"0":"modelengine:entity/dragon_monk"},"elements":[{"from":[2.104,6.6562853,4.7642155],"to":[13.896,9.604286,11.397215],"faces":{"east":{"uv":[1.6325,7.8825,2.1875,8.1175],"tintindex":0,"rotation":0,"texture":"#0"},"south":{"uv":[6.6325,5.5075,7.6175,5.7425],"tintindex":0,"rotation":0,"texture":"#0"},"north":{"uv":[6.6325,2.6325,7.6175,2.8675],"tintindex":0,"rotation":0,"texture":"#0"},"west":{"uv":[7.8825,1.8825,8.4375,2.1175],"tintindex":0,"rotation":0,"texture":"#0"},"up":{"uv":[1.9925,3.3125,1.0075,2.7575],"tintindex":0,"rotation":0,"texture":"#0"},"down":{"uv":[3.9925,0.0075,3.0075,0.5625],"tintindex":0,"rotation":0,"texture":"#0"}}},{"from":[6.526,6.3957167,2.4452844],"to":[9.474,9.343716,5.3932843],"faces":{"east":{"uv":[7.1325,9.2575,7.3675,9.4925],"tintindex":0,"rotation":0,"texture":"#0"},"south":{"uv":[7.5075,9.2575,7.7425,9.4925],"tintindex":0,"rotation":0,"texture":"#0"},"north":{"uv":[5.1325,9.2575,5.3675,9.4925],"tintindex":0,"rotation":0,"texture":"#0"},"west":{"uv":[7.8825,9.2575,8.1175,9.4925],"tintindex":0,"rotation":0,"texture":"#0"},"up":{"uv":[0.2425,9.6175,0.0075,9.3825],"tintindex":0,"rotation":0,"texture":"#0"},"down":{"uv":[0.6175,9.3825,0.3825,9.6175],"tintindex":0,"rotation":0,"texture":"#0"}},"rotation":{"origin":[8.0,7.8697166,3.9192843],"angle":45.0,"axis":"x"}}],"display":{"gui":{"rotation":[30,225,0]}}}