{"textures":{"0":"modelengine:entity/dragon_monk"},"elements":[{"from":[10.951088,10.52446,5.45735],"to":[13.899088,14.946459,10.54265],"faces":{"east":{"uv":[6.7575,7.7575,7.1875,8.1175],"tintindex":0,"rotation":0,"texture":"#0"},"south":{"uv":[5.0075,5.8825,5.2425,6.2425],"tintindex":0,"rotation":0,"texture":"#0"},"north":{"uv":[0.6325,3.7575,0.8675,4.1175],"tintindex":0,"rotation":0,"texture":"#0"},"west":{"uv":[7.7575,7.0075,8.1875,7.3675],"tintindex":0,"rotation":0,"texture":"#0"},"up":{"uv":[2.7425,5.5625,2.5075,5.1325],"tintindex":0,"rotation":0,"texture":"#0"},"down":{"uv":[3.8675,7.8825,3.6325,8.3125],"tintindex":0,"rotation":0,"texture":"#0"}},"rotation":{"origin":[12.425089,12.73546,8.0],"angle":-22.5,"axis":"z"}},{"from":[2.1009116,10.52446,5.45735],"to":[5.0489116,14.946459,10.54265],"faces":{"east":{"uv":[7.3825,7.7575,7.8125,8.1175],"tintindex":0,"rotation":0,"texture":"#0"},"south":{"uv":[6.8825,8.2575,7.1175,8.6175],"tintindex":0,"rotation":0,"texture":"#0"},"north":{"uv":[0.6325,8.1325,0.8675,8.4925],"tintindex":0,"rotation":0,"texture":"#0"},"west":{"uv":[7.8825,0.0075,8.3125,0.3675],"tintindex":0,"rotation":0,"texture":"#0"},"up":{"uv":[4.2425,8.3125,4.0075,7.8825],"tintindex":0,"rotation":0,"texture":"#0"},"down":{"uv":[8.1175,4.1325,7.8825,4.5625],"tintindex":0,"rotation":0,"texture":"#0"}},"rotation":{"origin":[3.5749116,12.73546,8.0],"angle":22.5,"axis":"z"}},{"from":[2.841,6.844082,5.4205],"to":[13.159,14.214083,10.5795],"faces":{"east":{"uv":[0.0075,4.5075,0.4375,5.1175],"tintindex":0,"rotation":0,"texture":"#0"},"south":{"uv":[2.1325,3.0075,2.9925,3.6175],"tintindex":0,"rotation":0,"texture":"#0"},"north":{"uv":[0.0075,3.0075,0.8675,3.6175],"tintindex":0,"rotation":0,"texture":"#0"},"west":{"uv":[4.5075,3.6325,4.9375,4.2425],"tintindex":0,"rotation":0,"texture":"#0"},"up":{"uv":[3.9925,3.4375,3.1325,3.0075],"tintindex":0,"rotation":0,"texture":"#0"},"down":{"uv":[4.1175,0.7575,3.2575,1.1875],"tintindex":0,"rotation":0,"texture":"#0"}}}],"display":{"gui":{"rotation":[30,225,0]}}}