{"textures":{"0":"modelengine:entity/hourglass"},"elements":[{"from":[6.5,9.75,6.5],"to":[9.5,10.25,9.5],"faces":{"east":{"uv":[8.0,1.0,14.0,2.0],"tintindex":0,"rotation":0,"texture":"#0"},"south":{"uv":[8.0,1.0,14.0,2.0],"tintindex":0,"rotation":0,"texture":"#0"},"north":{"uv":[8.0,1.0,14.0,2.0],"tintindex":0,"rotation":0,"texture":"#0"},"west":{"uv":[8.0,1.0,14.0,2.0],"tintindex":0,"rotation":0,"texture":"#0"},"up":{"uv":[7.0,7.0,1.0,1.0],"tintindex":0,"rotation":0,"texture":"#0"},"down":{"uv":[7.0,14.0,1.0,8.0],"tintindex":0,"rotation":0,"texture":"#0"}}},{"from":[7.0,8.25,7.0],"to":[9.0,9.75,9.0],"faces":{"east":{"uv":[9.0,6.0,13.0,9.0],"tintindex":0,"rotation":0,"texture":"#0"},"south":{"uv":[9.0,6.0,13.0,9.0],"tintindex":0,"rotation":0,"texture":"#0"},"north":{"uv":[9.0,6.0,13.0,9.0],"tintindex":0,"rotation":0,"texture":"#0"},"west":{"uv":[9.0,6.0,13.0,9.0],"tintindex":0,"rotation":0,"texture":"#0"},"up":{"uv":[13.0,14.0,9.0,10.0],"tintindex":0,"rotation":0,"texture":"#0"},"down":{"uv":[13.0,14.0,9.0,10.0],"tintindex":0,"rotation":0,"texture":"#0"}}},{"from":[7.5,7.75,7.5],"to":[8.5,8.25,8.5],"faces":{"east":{"uv":[10.0,4.0,12.0,5.0],"tintindex":0,"rotation":0,"texture":"#0"},"south":{"uv":[10.0,4.0,12.0,5.0],"tintindex":0,"rotation":0,"texture":"#0"},"north":{"uv":[10.0,4.0,12.0,5.0],"tintindex":0,"rotation":0,"texture":"#0"},"west":{"uv":[10.0,4.0,12.0,5.0],"tintindex":0,"rotation":0,"texture":"#0"},"up":{"uv":[14.0,6.0,12.0,4.0],"tintindex":0,"rotation":0,"texture":"#0"},"down":{"uv":[14.0,4.0,12.0,6.0],"tintindex":0,"rotation":0,"texture":"#0"}}},{"from":[7.0,6.25,7.0],"to":[9.0,7.75,9.0],"faces":{"east":{"uv":[9.0,9.0,13.0,6.0],"tintindex":0,"rotation":0,"texture":"#0"},"south":{"uv":[9.0,9.0,13.0,6.0],"tintindex":0,"rotation":0,"texture":"#0"},"north":{"uv":[9.0,9.0,13.0,6.0],"tintindex":0,"rotation":0,"texture":"#0"},"west":{"uv":[9.0,9.0,13.0,6.0],"tintindex":0,"rotation":0,"texture":"#0"},"up":{"uv":[13.0,14.0,9.0,10.0],"tintindex":0,"rotation":0,"texture":"#0"},"down":{"uv":[13.0,14.0,9.0,10.0],"tintindex":0,"rotation":0,"texture":"#0"}}},{"from":[6.5,5.75,6.5],"to":[9.5,6.25,9.5],"faces":{"east":{"uv":[8.0,1.0,14.0,2.0],"tintindex":0,"rotation":0,"texture":"#0"},"south":{"uv":[8.0,1.0,14.0,2.0],"tintindex":0,"rotation":0,"texture":"#0"},"north":{"uv":[8.0,1.0,14.0,2.0],"tintindex":0,"rotation":0,"texture":"#0"},"west":{"uv":[8.0,1.0,14.0,2.0],"tintindex":0,"rotation":0,"texture":"#0"},"up":{"uv":[7.0,14.0,1.0,8.0],"tintindex":0,"rotation":0,"texture":"#0"},"down":{"uv":[7.0,7.0,1.0,1.0],"tintindex":0,"rotation":0,"texture":"#0"}}}],"display":{"gui":{"rotation":[30,225,0]}}}