{"textures":{"0":"modelengine:entity/herobrine_zombie"},"elements":[{"from":[7.0,7.0,7.0],"to":[9.0,9.0,9.0],"faces":{"east":{"uv":[15.5,10.0,16.0,10.5],"tintindex":0,"rotation":0,"texture":"#0"},"south":{"uv":[15.5,10.0,16.0,10.5],"tintindex":0,"rotation":0,"texture":"#0"},"north":{"uv":[15.5,10.0,16.0,10.5],"tintindex":0,"rotation":0,"texture":"#0"},"west":{"uv":[15.5,10.0,16.0,10.5],"tintindex":0,"rotation":0,"texture":"#0"},"up":{"uv":[15.5,10.0,16.0,10.5],"tintindex":0,"rotation":0,"texture":"#0"},"down":{"uv":[15.5,10.0,16.0,10.5],"tintindex":0,"rotation":0,"texture":"#0"}}}],"display":{"gui":{"rotation":[30,225,0]}}}