{"textures":{"1":"modelengine:entity/herobrine_bits","3":"modelengine:entity/herobrine_alex"},"elements":[{"from":[6.995001,-3.5950012,0.08998585],"to":[8.0,-2.590002,3.1049857],"faces":{"east":{"uv":[12.25,7.75,12.5,7.0],"tintindex":0,"rotation":270,"texture":"#1"},"south":{"uv":[12.25,7.5,12.5,7.75],"tintindex":0,"rotation":270,"texture":"#1"},"north":{"uv":[12.5,7.0,12.25,7.25],"tintindex":0,"rotation":90,"texture":"#1"},"west":{"uv":[12.25,7.0,12.5,7.75],"tintindex":0,"rotation":270,"texture":"#1"},"up":{"uv":[12.25,7.0,12.5,7.75],"tintindex":0,"rotation":0,"texture":"#1"},"down":{"uv":[12.25,7.0,12.5,7.75],"tintindex":0,"rotation":180,"texture":"#1"}},"rotation":{"origin":[2.4974995,4.9770756,-5.1217365],"angle":-45.0,"axis":"x"}},{"from":[6.995001,3.4399986,-7.950014],"to":[8.0,4.4449987,-3.9300146],"faces":{"east":{"uv":[14.0,6.0,14.25,5.0],"tintindex":0,"rotation":270,"texture":"#1"},"south":{"uv":[14.0,5.75,14.25,6.0],"tintindex":0,"rotation":270,"texture":"#1"},"north":{"uv":[14.25,5.0,14.0,5.25],"tintindex":0,"rotation":90,"texture":"#1"},"west":{"uv":[14.0,5.0,14.25,6.0],"tintindex":0,"rotation":270,"texture":"#1"},"up":{"uv":[14.0,5.0,14.25,6.0],"tintindex":0,"rotation":0,"texture":"#1"},"down":{"uv":[14.0,5.0,14.25,6.0],"tintindex":0,"rotation":180,"texture":"#1"}},"rotation":{"origin":[2.4974995,4.9770756,-5.1217365],"angle":-45.0,"axis":"x"}},{"from":[6.995001,4.4449987,-8.955013],"to":[8.0,5.449999,-4.9350147],"faces":{"east":{"uv":[14.25,5.75,14.5,4.75],"tintindex":0,"rotation":270,"texture":"#1"},"south":{"uv":[14.25,5.5,14.5,5.75],"tintindex":0,"rotation":270,"texture":"#1"},"north":{"uv":[14.5,4.75,14.25,5.0],"tintindex":0,"rotation":90,"texture":"#1"},"west":{"uv":[14.25,4.75,14.5,5.75],"tintindex":0,"rotation":270,"texture":"#1"},"up":{"uv":[14.25,4.75,14.5,5.75],"tintindex":0,"rotation":0,"texture":"#1"},"down":{"uv":[14.25,4.75,14.5,5.75],"tintindex":0,"rotation":180,"texture":"#1"}},"rotation":{"origin":[2.4974995,4.9770756,-5.1217365],"angle":-45.0,"axis":"x"}},{"from":[6.995001,5.449999,-9.960014],"to":[8.0,6.454998,-5.940015],"faces":{"east":{"uv":[14.5,5.5,14.75,4.5],"tintindex":0,"rotation":270,"texture":"#1"},"south":{"uv":[14.5,5.25,14.75,5.5],"tintindex":0,"rotation":270,"texture":"#1"},"north":{"uv":[14.75,4.5,14.5,4.75],"tintindex":0,"rotation":90,"texture":"#1"},"west":{"uv":[14.5,4.5,14.75,5.5],"tintindex":0,"rotation":270,"texture":"#1"},"up":{"uv":[14.5,4.5,14.75,5.5],"tintindex":0,"rotation":0,"texture":"#1"},"down":{"uv":[14.5,4.5,14.75,5.5],"tintindex":0,"rotation":180,"texture":"#1"}},"rotation":{"origin":[2.4974995,4.9770756,-5.1217365],"angle":-45.0,"axis":"x"}},{"from":[6.01,2.0,4.0],"to":[9.51,8.0,7.5],"faces":{"east":{"uv":[4.0,6.5,5.0,8.0],"tintindex":0,"rotation":0,"texture":"#3"},"south":{"uv":[5.0,6.5,6.0,8.0],"tintindex":0,"rotation":0,"texture":"#3"},"north":{"uv":[3.0,6.5,4.0,8.0],"tintindex":0,"rotation":0,"texture":"#3"},"west":{"uv":[6.0,6.5,7.0,8.0],"tintindex":0,"rotation":0,"texture":"#3"},"up":{"uv":[9.0,5.5,8.0,4.5],"tintindex":0,"rotation":0,"texture":"#3"},"down":{"uv":[6.0,8.0,5.0,9.0],"tintindex":0,"rotation":0,"texture":"#3"}}},{"from":[6.995001,6.454998,-10.965015],"to":[8.0,8.464998,-7.950014],"faces":{"east":{"uv":[14.75,5.0,15.25,4.25],"tintindex":0,"rotation":270,"texture":"#1"},"south":{"uv":[14.75,4.75,15.25,5.0],"tintindex":0,"rotation":270,"texture":"#1"},"north":{"uv":[15.25,4.25,14.75,4.5],"tintindex":0,"rotation":90,"texture":"#1"},"west":{"uv":[14.75,4.25,15.25,5.0],"tintindex":0,"rotation":270,"texture":"#1"},"up":{"uv":[15.0,4.25,15.25,5.0],"tintindex":0,"rotation":0,"texture":"#1"},"down":{"uv":[14.75,4.25,15.0,5.0],"tintindex":0,"rotation":180,"texture":"#1"}},"rotation":{"origin":[2.4974995,4.9770756,-5.1217365],"angle":-45.0,"axis":"x"}},{"from":[6.995001,-2.590002,-0.91501427],"to":[8.0,-1.585001,2.0999856],"faces":{"east":{"uv":[12.5,7.5,12.75,6.75],"tintindex":0,"rotation":270,"texture":"#1"},"south":{"uv":[12.5,7.25,12.75,7.5],"tintindex":0,"rotation":270,"texture":"#1"},"north":{"uv":[12.75,6.75,12.5,7.0],"tintindex":0,"rotation":90,"texture":"#1"},"west":{"uv":[12.5,6.75,12.75,7.5],"tintindex":0,"rotation":270,"texture":"#1"},"up":{"uv":[12.5,6.75,12.75,7.5],"tintindex":0,"rotation":0,"texture":"#1"},"down":{"uv":[12.5,6.75,12.75,7.5],"tintindex":0,"rotation":180,"texture":"#1"}},"rotation":{"origin":[2.4974995,4.9770756,-5.1217365],"angle":-45.0,"axis":"x"}},{"from":[6.995001,-4.6000013,1.0949855],"to":[8.0,-3.5950012,3.1049857],"faces":{"east":{"uv":[12.0,7.75,12.25,7.25],"tintindex":0,"rotation":270,"texture":"#1"},"south":{"uv":[12.0,7.5,12.25,7.75],"tintindex":0,"rotation":270,"texture":"#1"},"north":{"uv":[12.25,7.25,12.0,7.5],"tintindex":0,"rotation":90,"texture":"#1"},"west":{"uv":[12.0,7.25,12.25,7.75],"tintindex":0,"rotation":270,"texture":"#1"},"up":{"uv":[12.0,7.25,12.25,7.75],"tintindex":0,"rotation":0,"texture":"#1"},"down":{"uv":[12.0,7.25,12.25,7.75],"tintindex":0,"rotation":180,"texture":"#1"}},"rotation":{"origin":[2.4974995,4.9770756,-5.1217365],"angle":-45.0,"axis":"x"}},{"from":[6.995001,2.4349985,-6.945014],"to":[8.0,3.4399986,-2.9250145],"faces":{"east":{"uv":[13.75,6.25,14.0,5.25],"tintindex":0,"rotation":270,"texture":"#1"},"south":{"uv":[13.75,6.0,14.0,6.25],"tintindex":0,"rotation":270,"texture":"#1"},"north":{"uv":[14.0,5.25,13.75,5.5],"tintindex":0,"rotation":90,"texture":"#1"},"west":{"uv":[13.75,5.25,14.0,6.25],"tintindex":0,"rotation":270,"texture":"#1"},"up":{"uv":[13.75,5.25,14.0,6.25],"tintindex":0,"rotation":0,"texture":"#1"},"down":{"uv":[13.75,5.25,14.0,6.25],"tintindex":0,"rotation":180,"texture":"#1"}},"rotation":{"origin":[2.4974995,4.9770756,-5.1217365],"angle":-45.0,"axis":"x"}},{"from":[6.995001,-0.58000183,-3.9300146],"to":[8.0,0.42499828,2.0999856],"faces":{"east":{"uv":[13.0,7.5,13.25,6.0],"tintindex":0,"rotation":270,"texture":"#1"},"south":{"uv":[13.0,7.25,13.25,7.5],"tintindex":0,"rotation":270,"texture":"#1"},"north":{"uv":[13.25,6.0,13.0,6.25],"tintindex":0,"rotation":90,"texture":"#1"},"west":{"uv":[13.0,6.0,13.25,7.5],"tintindex":0,"rotation":270,"texture":"#1"},"up":{"uv":[13.0,6.0,13.25,7.5],"tintindex":0,"rotation":0,"texture":"#1"},"down":{"uv":[13.0,6.0,13.25,7.5],"tintindex":0,"rotation":180,"texture":"#1"}},"rotation":{"origin":[2.4974995,4.9770756,-5.1217365],"angle":-45.0,"axis":"x"}},{"from":[6.995001,0.42499828,-4.9350147],"to":[8.0,1.4299984,2.0999856],"faces":{"east":{"uv":[13.25,7.5,13.5,5.75],"tintindex":0,"rotation":270,"texture":"#1"},"south":{"uv":[13.25,7.25,13.5,7.5],"tintindex":0,"rotation":270,"texture":"#1"},"north":{"uv":[13.5,5.75,13.25,6.0],"tintindex":0,"rotation":90,"texture":"#1"},"west":{"uv":[13.25,5.75,13.5,7.5],"tintindex":0,"rotation":270,"texture":"#1"},"up":{"uv":[13.25,5.75,13.5,7.5],"tintindex":0,"rotation":0,"texture":"#1"},"down":{"uv":[13.25,5.75,13.5,7.5],"tintindex":0,"rotation":180,"texture":"#1"}},"rotation":{"origin":[2.4974995,4.9770756,-5.1217365],"angle":-45.0,"axis":"x"}},{"from":[6.995001,6.454998,-7.950014],"to":[8.0,7.459998,-6.945014],"faces":{"east":{"uv":[14.75,5.25,15.0,5.0],"tintindex":0,"rotation":270,"texture":"#1"},"south":{"uv":[14.75,5.0,15.0,5.25],"tintindex":0,"rotation":270,"texture":"#1"},"north":{"uv":[15.0,5.0,14.75,5.25],"tintindex":0,"rotation":90,"texture":"#1"},"west":{"uv":[14.75,5.0,15.0,5.25],"tintindex":0,"rotation":270,"texture":"#1"},"up":{"uv":[14.75,5.0,15.0,5.25],"tintindex":0,"rotation":0,"texture":"#1"},"down":{"uv":[14.75,5.0,15.0,5.25],"tintindex":0,"rotation":180,"texture":"#1"}},"rotation":{"origin":[2.4974995,4.9770756,-5.1217365],"angle":-45.0,"axis":"x"}},{"from":[6.995001,1.4299984,-5.940015],"to":[8.0,2.4349985,-1.9200144],"faces":{"east":{"uv":[13.5,6.5,13.75,5.5],"tintindex":0,"rotation":270,"texture":"#1"},"south":{"uv":[13.5,6.25,13.75,6.5],"tintindex":0,"rotation":270,"texture":"#1"},"north":{"uv":[13.75,5.5,13.5,5.75],"tintindex":0,"rotation":90,"texture":"#1"},"west":{"uv":[13.5,5.5,13.75,6.5],"tintindex":0,"rotation":270,"texture":"#1"},"up":{"uv":[13.5,5.5,13.75,6.5],"tintindex":0,"rotation":0,"texture":"#1"},"down":{"uv":[13.5,5.5,13.75,6.5],"tintindex":0,"rotation":180,"texture":"#1"}},"rotation":{"origin":[2.4974995,4.9770756,-5.1217365],"angle":-45.0,"axis":"x"}},{"from":[6.995001,-1.585001,-2.9250145],"to":[8.0,-0.58000183,1.0949855],"faces":{"east":{"uv":[12.75,7.25,13.0,6.25],"tintindex":0,"rotation":270,"texture":"#1"},"south":{"uv":[12.75,7.0,13.0,7.25],"tintindex":0,"rotation":270,"texture":"#1"},"north":{"uv":[13.0,6.25,12.75,6.5],"tintindex":0,"rotation":90,"texture":"#1"},"west":{"uv":[12.75,6.25,13.0,7.25],"tintindex":0,"rotation":270,"texture":"#1"},"up":{"uv":[12.75,6.25,13.0,7.25],"tintindex":0,"rotation":0,"texture":"#1"},"down":{"uv":[12.75,6.25,13.0,7.25],"tintindex":0,"rotation":180,"texture":"#1"}},"rotation":{"origin":[2.4974995,4.9770756,-5.1217365],"angle":-45.0,"axis":"x"}},{"from":[6.995001,1.4299984,-0.91501427],"to":[8.0,2.4349985,1.0949855],"faces":{"east":{"uv":[13.5,7.25,13.75,6.75],"tintindex":0,"rotation":270,"texture":"#1"},"south":{"uv":[13.5,7.0,13.75,7.25],"tintindex":0,"rotation":270,"texture":"#1"},"north":{"uv":[13.75,6.75,13.5,7.0],"tintindex":0,"rotation":90,"texture":"#1"},"west":{"uv":[13.5,6.75,13.75,7.25],"tintindex":0,"rotation":270,"texture":"#1"},"up":{"uv":[13.5,6.75,13.75,7.25],"tintindex":0,"rotation":0,"texture":"#1"},"down":{"uv":[13.5,6.75,13.75,7.25],"tintindex":0,"rotation":180,"texture":"#1"}},"rotation":{"origin":[2.4974995,4.9770756,-5.1217365],"angle":-45.0,"axis":"x"}}],"display":{"gui":{"rotation":[30,225,0]}}}