{"textures":{"1":"modelengine:entity/herobrine_bits","3":"modelengine:entity/herobrine_alex"},"elements":[{"from":[7.4471664,9.309835,-7.4266644],"to":[8.4521675,10.314835,-4.411664],"faces":{"east":{"uv":[2.0,6.0,2.25,5.25],"tintindex":0,"rotation":270,"texture":"#1"},"south":{"uv":[2.0,5.75,2.25,6.0],"tintindex":0,"rotation":270,"texture":"#1"},"north":{"uv":[2.25,5.25,2.0,5.5],"tintindex":0,"rotation":90,"texture":"#1"},"west":{"uv":[2.0,5.25,2.25,6.0],"tintindex":0,"rotation":270,"texture":"#1"},"up":{"uv":[2.0,5.25,2.25,6.0],"tintindex":0,"rotation":0,"texture":"#1"},"down":{"uv":[2.0,5.25,2.25,6.0],"tintindex":0,"rotation":180,"texture":"#1"}},"rotation":{"origin":[-18.210333,15.802025,4.820757],"angle":-45.0,"axis":"x"}},{"from":[7.4471664,15.339834,-4.411664],"to":[8.4521675,16.344835,-3.4066648],"faces":{"east":{"uv":[3.5,6.25,3.75,6.0],"tintindex":0,"rotation":270,"texture":"#1"},"south":{"uv":[3.5,6.0,3.75,6.25],"tintindex":0,"rotation":270,"texture":"#1"},"north":{"uv":[3.75,6.0,3.5,6.25],"tintindex":0,"rotation":90,"texture":"#1"},"west":{"uv":[3.5,6.0,3.75,6.25],"tintindex":0,"rotation":270,"texture":"#1"},"up":{"uv":[3.5,6.0,3.75,6.25],"tintindex":0,"rotation":0,"texture":"#1"},"down":{"uv":[3.5,6.0,3.75,6.25],"tintindex":0,"rotation":180,"texture":"#1"}},"rotation":{"origin":[-18.210333,15.802025,4.820757],"angle":-45.0,"axis":"x"}},{"from":[7.4471664,4.284835,-2.4016647],"to":[8.4521675,5.289835,-0.3916645],"faces":{"east":{"uv":[0.75,7.0,1.0,6.5],"tintindex":0,"rotation":270,"texture":"#1"},"south":{"uv":[0.75,6.75,1.0,7.0],"tintindex":0,"rotation":270,"texture":"#1"},"north":{"uv":[1.0,6.5,0.75,6.75],"tintindex":0,"rotation":90,"texture":"#1"},"west":{"uv":[0.75,6.5,1.0,7.0],"tintindex":0,"rotation":270,"texture":"#1"},"up":{"uv":[0.75,6.5,1.0,7.0],"tintindex":0,"rotation":0,"texture":"#1"},"down":{"uv":[0.75,6.5,1.0,7.0],"tintindex":0,"rotation":180,"texture":"#1"}},"rotation":{"origin":[-18.210333,15.802025,4.820757],"angle":-45.0,"axis":"x"}},{"from":[7.4471664,16.344835,-9.436665],"to":[8.4521675,17.349834,-4.411664],"faces":{"east":{"uv":[3.75,6.0,4.0,4.75],"tintindex":0,"rotation":270,"texture":"#1"},"south":{"uv":[3.75,5.75,4.0,6.0],"tintindex":0,"rotation":270,"texture":"#1"},"north":{"uv":[4.0,4.75,3.75,5.0],"tintindex":0,"rotation":90,"texture":"#1"},"west":{"uv":[3.75,4.75,4.0,6.0],"tintindex":0,"rotation":270,"texture":"#1"},"up":{"uv":[3.75,4.75,4.0,6.0],"tintindex":0,"rotation":0,"texture":"#1"},"down":{"uv":[3.75,4.75,4.0,6.0],"tintindex":0,"rotation":180,"texture":"#1"}},"rotation":{"origin":[-18.210333,15.802025,4.820757],"angle":-45.0,"axis":"x"}},{"from":[7.4471664,8.304834,-13.456665],"to":[8.4521675,13.329834,-10.441666],"faces":{"east":{"uv":[1.75,4.5,3.0,3.75],"tintindex":0,"rotation":270,"texture":"#1"},"south":{"uv":[1.75,4.25,3.0,4.5],"tintindex":0,"rotation":270,"texture":"#1"},"north":{"uv":[3.0,3.75,1.75,4.0],"tintindex":0,"rotation":90,"texture":"#1"},"west":{"uv":[1.75,3.75,3.0,4.5],"tintindex":0,"rotation":270,"texture":"#1"},"up":{"uv":[2.75,3.75,3.0,4.5],"tintindex":0,"rotation":0,"texture":"#1"},"down":{"uv":[1.75,3.75,2.0,4.5],"tintindex":0,"rotation":180,"texture":"#1"}},"rotation":{"origin":[-18.210333,15.802025,4.820757],"angle":-45.0,"axis":"x"}},{"from":[6.01,2.0,4.0],"to":[9.51,8.0,7.5],"faces":{"east":{"uv":[4.0,6.5,5.0,8.0],"tintindex":0,"rotation":0,"texture":"#3"},"south":{"uv":[5.0,6.5,6.0,8.0],"tintindex":0,"rotation":0,"texture":"#3"},"north":{"uv":[3.0,6.5,4.0,8.0],"tintindex":0,"rotation":0,"texture":"#3"},"west":{"uv":[6.0,6.5,7.0,8.0],"tintindex":0,"rotation":0,"texture":"#3"},"up":{"uv":[9.0,5.5,8.0,4.5],"tintindex":0,"rotation":0,"texture":"#3"},"down":{"uv":[6.0,8.0,5.0,9.0],"tintindex":0,"rotation":0,"texture":"#3"}}},{"from":[7.4471664,7.2998343,-12.451664],"to":[8.4521675,8.304834,-11.446663],"faces":{"east":{"uv":[1.5,4.25,1.75,4.0],"tintindex":0,"rotation":270,"texture":"#1"},"south":{"uv":[1.5,4.0,1.75,4.25],"tintindex":0,"rotation":270,"texture":"#1"},"north":{"uv":[1.75,4.0,1.5,4.25],"tintindex":0,"rotation":90,"texture":"#1"},"west":{"uv":[1.5,4.0,1.75,4.25],"tintindex":0,"rotation":270,"texture":"#1"},"up":{"uv":[1.5,4.0,1.75,4.25],"tintindex":0,"rotation":0,"texture":"#1"},"down":{"uv":[1.5,4.0,1.75,4.25],"tintindex":0,"rotation":180,"texture":"#1"}},"rotation":{"origin":[-18.210333,15.802025,4.820757],"angle":-45.0,"axis":"x"}},{"from":[7.4471664,13.329834,-12.451664],"to":[8.4521675,16.344835,-8.4316635],"faces":{"east":{"uv":[3.0,5.0,3.75,4.0],"tintindex":0,"rotation":270,"texture":"#1"},"south":{"uv":[3.0,4.75,3.75,5.0],"tintindex":0,"rotation":270,"texture":"#1"},"north":{"uv":[3.75,4.0,3.0,4.25],"tintindex":0,"rotation":90,"texture":"#1"},"west":{"uv":[3.0,4.0,3.75,5.0],"tintindex":0,"rotation":270,"texture":"#1"},"up":{"uv":[3.5,4.0,3.75,5.0],"tintindex":0,"rotation":0,"texture":"#1"},"down":{"uv":[3.0,4.0,3.25,5.0],"tintindex":0,"rotation":180,"texture":"#1"}},"rotation":{"origin":[-18.210333,15.802025,4.820757],"angle":-45.0,"axis":"x"}},{"from":[7.4471664,11.319834,-9.436665],"to":[8.4521675,12.324835,-6.421664],"faces":{"east":{"uv":[2.5,5.5,2.75,4.75],"tintindex":0,"rotation":270,"texture":"#1"},"south":{"uv":[2.5,5.25,2.75,5.5],"tintindex":0,"rotation":270,"texture":"#1"},"north":{"uv":[2.75,4.75,2.5,5.0],"tintindex":0,"rotation":90,"texture":"#1"},"west":{"uv":[2.5,4.75,2.75,5.5],"tintindex":0,"rotation":270,"texture":"#1"},"up":{"uv":[2.5,4.75,2.75,5.5],"tintindex":0,"rotation":0,"texture":"#1"},"down":{"uv":[2.5,4.75,2.75,5.5],"tintindex":0,"rotation":180,"texture":"#1"}},"rotation":{"origin":[-18.210333,15.802025,4.820757],"angle":-45.0,"axis":"x"}},{"from":[7.4471664,7.2998343,-5.416664],"to":[8.4521675,8.304834,-2.4016647],"faces":{"east":{"uv":[1.5,6.5,1.75,5.75],"tintindex":0,"rotation":270,"texture":"#1"},"south":{"uv":[1.5,6.25,1.75,6.5],"tintindex":0,"rotation":270,"texture":"#1"},"north":{"uv":[1.75,5.75,1.5,6.0],"tintindex":0,"rotation":90,"texture":"#1"},"west":{"uv":[1.5,5.75,1.75,6.5],"tintindex":0,"rotation":270,"texture":"#1"},"up":{"uv":[1.5,5.75,1.75,6.5],"tintindex":0,"rotation":0,"texture":"#1"},"down":{"uv":[1.5,5.75,1.75,6.5],"tintindex":0,"rotation":180,"texture":"#1"}},"rotation":{"origin":[-18.210333,15.802025,4.820757],"angle":-45.0,"axis":"x"}},{"from":[7.4471664,14.334835,-8.4316635],"to":[8.4521675,16.344835,-4.411664],"faces":{"east":{"uv":[3.25,6.0,3.75,5.0],"tintindex":0,"rotation":270,"texture":"#1"},"south":{"uv":[3.25,5.75,3.75,6.0],"tintindex":0,"rotation":270,"texture":"#1"},"north":{"uv":[3.75,5.0,3.25,5.25],"tintindex":0,"rotation":90,"texture":"#1"},"west":{"uv":[3.25,5.0,3.75,6.0],"tintindex":0,"rotation":270,"texture":"#1"},"up":{"uv":[3.5,5.0,3.75,6.0],"tintindex":0,"rotation":0,"texture":"#1"},"down":{"uv":[3.25,5.0,3.5,6.0],"tintindex":0,"rotation":180,"texture":"#1"}},"rotation":{"origin":[-18.210333,15.802025,4.820757],"angle":-45.0,"axis":"x"}},{"from":[7.4471664,12.324835,-10.441666],"to":[8.4521675,13.329834,-7.4266644],"faces":{"east":{"uv":[2.75,5.25,3.0,4.5],"tintindex":0,"rotation":270,"texture":"#1"},"south":{"uv":[2.75,5.0,3.0,5.25],"tintindex":0,"rotation":270,"texture":"#1"},"north":{"uv":[3.0,4.5,2.75,4.75],"tintindex":0,"rotation":90,"texture":"#1"},"west":{"uv":[2.75,4.5,3.0,5.25],"tintindex":0,"rotation":270,"texture":"#1"},"up":{"uv":[2.75,4.5,3.0,5.25],"tintindex":0,"rotation":0,"texture":"#1"},"down":{"uv":[2.75,4.5,3.0,5.25],"tintindex":0,"rotation":180,"texture":"#1"}},"rotation":{"origin":[-18.210333,15.802025,4.820757],"angle":-45.0,"axis":"x"}},{"from":[7.4471664,8.304834,-6.421664],"to":[8.4521675,9.309835,-3.4066648],"faces":{"east":{"uv":[1.75,6.25,2.0,5.5],"tintindex":0,"rotation":270,"texture":"#1"},"south":{"uv":[1.75,6.0,2.0,6.25],"tintindex":0,"rotation":270,"texture":"#1"},"north":{"uv":[2.0,5.5,1.75,5.75],"tintindex":0,"rotation":90,"texture":"#1"},"west":{"uv":[1.75,5.5,2.0,6.25],"tintindex":0,"rotation":270,"texture":"#1"},"up":{"uv":[1.75,5.5,2.0,6.25],"tintindex":0,"rotation":0,"texture":"#1"},"down":{"uv":[1.75,5.5,2.0,6.25],"tintindex":0,"rotation":180,"texture":"#1"}},"rotation":{"origin":[-18.210333,15.802025,4.820757],"angle":-45.0,"axis":"x"}},{"from":[7.4471664,10.314835,-8.4316635],"to":[8.4521675,11.319834,-5.416664],"faces":{"east":{"uv":[2.25,5.75,2.5,5.0],"tintindex":0,"rotation":270,"texture":"#1"},"south":{"uv":[2.25,5.5,2.5,5.75],"tintindex":0,"rotation":270,"texture":"#1"},"north":{"uv":[2.5,5.0,2.25,5.25],"tintindex":0,"rotation":90,"texture":"#1"},"west":{"uv":[2.25,5.0,2.5,5.75],"tintindex":0,"rotation":270,"texture":"#1"},"up":{"uv":[2.25,5.0,2.5,5.75],"tintindex":0,"rotation":0,"texture":"#1"},"down":{"uv":[2.25,5.0,2.5,5.75],"tintindex":0,"rotation":180,"texture":"#1"}},"rotation":{"origin":[-18.210333,15.802025,4.820757],"angle":-45.0,"axis":"x"}},{"from":[7.4471664,6.294835,-4.411664],"to":[8.4521675,7.2998343,-1.3966646],"faces":{"east":{"uv":[1.25,6.75,1.5,6.0],"tintindex":0,"rotation":270,"texture":"#1"},"south":{"uv":[1.25,6.5,1.5,6.75],"tintindex":0,"rotation":270,"texture":"#1"},"north":{"uv":[1.5,6.0,1.25,6.25],"tintindex":0,"rotation":90,"texture":"#1"},"west":{"uv":[1.25,6.0,1.5,6.75],"tintindex":0,"rotation":270,"texture":"#1"},"up":{"uv":[1.25,6.0,1.5,6.75],"tintindex":0,"rotation":0,"texture":"#1"},"down":{"uv":[1.25,6.0,1.5,6.75],"tintindex":0,"rotation":180,"texture":"#1"}},"rotation":{"origin":[-18.210333,15.802025,4.820757],"angle":-45.0,"axis":"x"}},{"from":[7.4471664,5.289835,-3.4066648],"to":[8.4521675,6.294835,-0.3916645],"faces":{"east":{"uv":[1.0,7.0,1.25,6.25],"tintindex":0,"rotation":270,"texture":"#1"},"south":{"uv":[1.0,6.75,1.25,7.0],"tintindex":0,"rotation":270,"texture":"#1"},"north":{"uv":[1.25,6.25,1.0,6.5],"tintindex":0,"rotation":90,"texture":"#1"},"west":{"uv":[1.0,6.25,1.25,7.0],"tintindex":0,"rotation":270,"texture":"#1"},"up":{"uv":[1.0,6.25,1.25,7.0],"tintindex":0,"rotation":0,"texture":"#1"},"down":{"uv":[1.0,6.25,1.25,7.0],"tintindex":0,"rotation":180,"texture":"#1"}},"rotation":{"origin":[-18.210333,15.802025,4.820757],"angle":-45.0,"axis":"x"}}],"display":{"gui":{"rotation":[30,225,0]}}}