{"textures":{"1":"modelengine:entity/herobrine_bits","3":"modelengine:entity/herobrine_alex"},"elements":[{"from":[6.995,-1.0199757,3.0111828],"to":[8.0,-0.014974594,7.0311832],"faces":{"east":{"uv":[1.25,12.25,1.5,11.25],"tintindex":0,"rotation":270,"texture":"#1"},"south":{"uv":[1.25,12.0,1.5,12.25],"tintindex":0,"rotation":270,"texture":"#1"},"north":{"uv":[1.5,11.25,1.25,11.5],"tintindex":0,"rotation":90,"texture":"#1"},"west":{"uv":[1.25,11.25,1.5,12.25],"tintindex":0,"rotation":270,"texture":"#1"},"up":{"uv":[1.25,11.25,1.5,12.25],"tintindex":0,"rotation":0,"texture":"#1"},"down":{"uv":[1.25,11.25,1.5,12.25],"tintindex":0,"rotation":180,"texture":"#1"}},"rotation":{"origin":[-2.5024996,3.904235,0.3614459],"angle":-45.0,"axis":"x"}},{"from":[6.995,1.9950247,-1.0088177],"to":[8.0,3.0000248,3.0111828],"faces":{"east":{"uv":[2.0,11.25,2.25,10.25],"tintindex":0,"rotation":270,"texture":"#1"},"south":{"uv":[2.0,11.0,2.25,11.25],"tintindex":0,"rotation":270,"texture":"#1"},"north":{"uv":[2.25,10.25,2.0,10.5],"tintindex":0,"rotation":90,"texture":"#1"},"west":{"uv":[2.0,10.25,2.25,11.25],"tintindex":0,"rotation":270,"texture":"#1"},"up":{"uv":[2.0,10.25,2.25,11.25],"tintindex":0,"rotation":0,"texture":"#1"},"down":{"uv":[2.0,10.25,2.25,11.25],"tintindex":0,"rotation":180,"texture":"#1"}},"rotation":{"origin":[-2.5024996,3.904235,0.3614459],"angle":-45.0,"axis":"x"}},{"from":[6.995,-1.0199757,-3.018817],"to":[8.0,0.99002457,-1.0088177],"faces":{"east":{"uv":[1.25,10.25,1.75,9.75],"tintindex":0,"rotation":270,"texture":"#1"},"south":{"uv":[1.25,10.0,1.75,10.25],"tintindex":0,"rotation":270,"texture":"#1"},"north":{"uv":[1.75,9.75,1.25,10.0],"tintindex":0,"rotation":90,"texture":"#1"},"west":{"uv":[1.25,9.75,1.75,10.25],"tintindex":0,"rotation":270,"texture":"#1"},"up":{"uv":[1.5,9.75,1.75,10.25],"tintindex":0,"rotation":0,"texture":"#1"},"down":{"uv":[1.25,9.75,1.5,10.25],"tintindex":0,"rotation":180,"texture":"#1"}},"rotation":{"origin":[-2.5024996,3.904235,0.3614459],"angle":-45.0,"axis":"x"}},{"from":[6.995,8.025024,-7.0388174],"to":[8.0,9.0300255,-2.0138168],"faces":{"east":{"uv":[3.5,10.0,3.75,8.75],"tintindex":0,"rotation":270,"texture":"#1"},"south":{"uv":[3.5,9.75,3.75,10.0],"tintindex":0,"rotation":270,"texture":"#1"},"north":{"uv":[3.75,8.75,3.5,9.0],"tintindex":0,"rotation":90,"texture":"#1"},"west":{"uv":[3.5,8.75,3.75,10.0],"tintindex":0,"rotation":270,"texture":"#1"},"up":{"uv":[3.5,8.75,3.75,10.0],"tintindex":0,"rotation":0,"texture":"#1"},"down":{"uv":[3.5,8.75,3.75,10.0],"tintindex":0,"rotation":180,"texture":"#1"}},"rotation":{"origin":[-2.5024996,3.904235,0.3614459],"angle":-45.0,"axis":"x"}},{"from":[6.995,10.035025,-6.0338173],"to":[8.0,12.045025,-5.028817],"faces":{"east":{"uv":[4.0,9.25,4.5,9.0],"tintindex":0,"rotation":270,"texture":"#1"},"south":{"uv":[4.0,9.0,4.5,9.25],"tintindex":0,"rotation":270,"texture":"#1"},"north":{"uv":[4.5,9.0,4.0,9.25],"tintindex":0,"rotation":90,"texture":"#1"},"west":{"uv":[4.0,9.0,4.5,9.25],"tintindex":0,"rotation":270,"texture":"#1"},"up":{"uv":[4.25,9.0,4.5,9.25],"tintindex":0,"rotation":0,"texture":"#1"},"down":{"uv":[4.0,9.0,4.25,9.25],"tintindex":0,"rotation":180,"texture":"#1"}},"rotation":{"origin":[-2.5024996,3.904235,0.3614459],"angle":-45.0,"axis":"x"}},{"from":[6.01,2.0,4.0],"to":[9.51,8.0,7.5],"faces":{"east":{"uv":[4.0,6.5,5.0,8.0],"tintindex":0,"rotation":0,"texture":"#3"},"south":{"uv":[5.0,6.5,6.0,8.0],"tintindex":0,"rotation":0,"texture":"#3"},"north":{"uv":[3.0,6.5,4.0,8.0],"tintindex":0,"rotation":0,"texture":"#3"},"west":{"uv":[6.0,6.5,7.0,8.0],"tintindex":0,"rotation":0,"texture":"#3"},"up":{"uv":[9.0,5.5,8.0,4.5],"tintindex":0,"rotation":0,"texture":"#3"},"down":{"uv":[6.0,8.0,5.0,9.0],"tintindex":0,"rotation":0,"texture":"#3"}}},{"from":[6.995,-0.014974594,2.0061827],"to":[8.0,0.99002457,5.021183],"faces":{"east":{"uv":[1.5,11.75,1.75,11.0],"tintindex":0,"rotation":270,"texture":"#1"},"south":{"uv":[1.5,11.5,1.75,11.75],"tintindex":0,"rotation":270,"texture":"#1"},"north":{"uv":[1.75,11.0,1.5,11.25],"tintindex":0,"rotation":90,"texture":"#1"},"west":{"uv":[1.5,11.0,1.75,11.75],"tintindex":0,"rotation":270,"texture":"#1"},"up":{"uv":[1.5,11.0,1.75,11.75],"tintindex":0,"rotation":0,"texture":"#1"},"down":{"uv":[1.5,11.0,1.75,11.75],"tintindex":0,"rotation":180,"texture":"#1"}},"rotation":{"origin":[-2.5024996,3.904235,0.3614459],"angle":-45.0,"axis":"x"}},{"from":[6.995,3.0000248,-2.0138168],"to":[8.0,4.005025,4.016183],"faces":{"east":{"uv":[2.25,11.5,2.5,10.0],"tintindex":0,"rotation":270,"texture":"#1"},"south":{"uv":[2.25,11.25,2.5,11.5],"tintindex":0,"rotation":270,"texture":"#1"},"north":{"uv":[2.5,10.0,2.25,10.25],"tintindex":0,"rotation":90,"texture":"#1"},"west":{"uv":[2.25,10.0,2.5,11.5],"tintindex":0,"rotation":270,"texture":"#1"},"up":{"uv":[2.25,10.0,2.5,11.5],"tintindex":0,"rotation":0,"texture":"#1"},"down":{"uv":[2.25,10.0,2.5,11.5],"tintindex":0,"rotation":180,"texture":"#1"}},"rotation":{"origin":[-2.5024996,3.904235,0.3614459],"angle":-45.0,"axis":"x"}},{"from":[6.995,7.0200243,-6.0338173],"to":[8.0,8.025024,-1.0088177],"faces":{"east":{"uv":[3.25,10.25,3.5,9.0],"tintindex":0,"rotation":270,"texture":"#1"},"south":{"uv":[3.25,10.0,3.5,10.25],"tintindex":0,"rotation":270,"texture":"#1"},"north":{"uv":[3.5,9.0,3.25,9.25],"tintindex":0,"rotation":90,"texture":"#1"},"west":{"uv":[3.25,9.0,3.5,10.25],"tintindex":0,"rotation":270,"texture":"#1"},"up":{"uv":[3.25,9.0,3.5,10.25],"tintindex":0,"rotation":0,"texture":"#1"},"down":{"uv":[3.25,9.0,3.5,10.25],"tintindex":0,"rotation":180,"texture":"#1"}},"rotation":{"origin":[-2.5024996,3.904235,0.3614459],"angle":-45.0,"axis":"x"}},{"from":[6.995,5.010025,2.0061827],"to":[8.0,6.015025,5.021183],"faces":{"east":{"uv":[2.75,11.75,3.0,11.0],"tintindex":0,"rotation":270,"texture":"#1"},"south":{"uv":[2.75,11.5,3.0,11.75],"tintindex":0,"rotation":270,"texture":"#1"},"north":{"uv":[3.0,11.0,2.75,11.25],"tintindex":0,"rotation":90,"texture":"#1"},"west":{"uv":[2.75,11.0,3.0,11.75],"tintindex":0,"rotation":270,"texture":"#1"},"up":{"uv":[2.75,11.0,3.0,11.75],"tintindex":0,"rotation":0,"texture":"#1"},"down":{"uv":[2.75,11.0,3.0,11.75],"tintindex":0,"rotation":180,"texture":"#1"}},"rotation":{"origin":[-2.5024996,3.904235,0.3614459],"angle":-45.0,"axis":"x"}},{"from":[6.995,10.035025,-9.048817],"to":[8.0,13.050024,-6.0338173],"faces":{"east":{"uv":[4.0,9.0,4.75,8.25],"tintindex":0,"rotation":270,"texture":"#1"},"south":{"uv":[4.0,8.75,4.75,9.0],"tintindex":0,"rotation":270,"texture":"#1"},"north":{"uv":[4.75,8.25,4.0,8.5],"tintindex":0,"rotation":90,"texture":"#1"},"west":{"uv":[4.0,8.25,4.75,9.0],"tintindex":0,"rotation":270,"texture":"#1"},"up":{"uv":[4.5,8.25,4.75,9.0],"tintindex":0,"rotation":0,"texture":"#1"},"down":{"uv":[4.0,8.25,4.25,9.0],"tintindex":0,"rotation":180,"texture":"#1"}},"rotation":{"origin":[-2.5024996,3.904235,0.3614459],"angle":-45.0,"axis":"x"}},{"from":[6.995,0.99002457,-2.0138168],"to":[8.0,1.9950247,4.016183],"faces":{"east":{"uv":[1.75,11.5,2.0,10.0],"tintindex":0,"rotation":270,"texture":"#1"},"south":{"uv":[1.75,11.25,2.0,11.5],"tintindex":0,"rotation":270,"texture":"#1"},"north":{"uv":[2.0,10.0,1.75,10.25],"tintindex":0,"rotation":90,"texture":"#1"},"west":{"uv":[1.75,10.0,2.0,11.5],"tintindex":0,"rotation":270,"texture":"#1"},"up":{"uv":[1.75,10.0,2.0,11.5],"tintindex":0,"rotation":0,"texture":"#1"},"down":{"uv":[1.75,10.0,2.0,11.5],"tintindex":0,"rotation":180,"texture":"#1"}},"rotation":{"origin":[-2.5024996,3.904235,0.3614459],"angle":-45.0,"axis":"x"}},{"from":[6.995,9.0300255,-8.043816],"to":[8.0,10.035025,-3.018817],"faces":{"east":{"uv":[3.75,9.75,4.0,8.5],"tintindex":0,"rotation":270,"texture":"#1"},"south":{"uv":[3.75,9.5,4.0,9.75],"tintindex":0,"rotation":270,"texture":"#1"},"north":{"uv":[4.0,8.5,3.75,8.75],"tintindex":0,"rotation":90,"texture":"#1"},"west":{"uv":[3.75,8.5,4.0,9.75],"tintindex":0,"rotation":270,"texture":"#1"},"up":{"uv":[3.75,8.5,4.0,9.75],"tintindex":0,"rotation":0,"texture":"#1"},"down":{"uv":[3.75,8.5,4.0,9.75],"tintindex":0,"rotation":180,"texture":"#1"}},"rotation":{"origin":[-2.5024996,3.904235,0.3614459],"angle":-45.0,"axis":"x"}},{"from":[6.995,4.005025,-3.018817],"to":[8.0,5.010025,4.016183],"faces":{"east":{"uv":[2.5,11.5,2.75,9.75],"tintindex":0,"rotation":270,"texture":"#1"},"south":{"uv":[2.5,11.25,2.75,11.5],"tintindex":0,"rotation":270,"texture":"#1"},"north":{"uv":[2.75,9.75,2.5,10.0],"tintindex":0,"rotation":90,"texture":"#1"},"west":{"uv":[2.5,9.75,2.75,11.5],"tintindex":0,"rotation":270,"texture":"#1"},"up":{"uv":[2.5,9.75,2.75,11.5],"tintindex":0,"rotation":0,"texture":"#1"},"down":{"uv":[2.5,9.75,2.75,11.5],"tintindex":0,"rotation":180,"texture":"#1"}},"rotation":{"origin":[-2.5024996,3.904235,0.3614459],"angle":-45.0,"axis":"x"}},{"from":[6.995,6.015025,-5.028817],"to":[8.0,7.0200243,-0.0038166046],"faces":{"east":{"uv":[3.0,10.5,3.25,9.25],"tintindex":0,"rotation":270,"texture":"#1"},"south":{"uv":[3.0,10.25,3.25,10.5],"tintindex":0,"rotation":270,"texture":"#1"},"north":{"uv":[3.25,9.25,3.0,9.5],"tintindex":0,"rotation":90,"texture":"#1"},"west":{"uv":[3.0,9.25,3.25,10.5],"tintindex":0,"rotation":270,"texture":"#1"},"up":{"uv":[3.0,9.25,3.25,10.5],"tintindex":0,"rotation":0,"texture":"#1"},"down":{"uv":[3.0,9.25,3.25,10.5],"tintindex":0,"rotation":180,"texture":"#1"}},"rotation":{"origin":[-2.5024996,3.904235,0.3614459],"angle":-45.0,"axis":"x"}},{"from":[6.995,-0.014974594,-1.0088177],"to":[8.0,0.99002457,1.001183],"faces":{"east":{"uv":[1.5,10.75,1.75,10.25],"tintindex":0,"rotation":270,"texture":"#1"},"south":{"uv":[1.5,10.5,1.75,10.75],"tintindex":0,"rotation":270,"texture":"#1"},"north":{"uv":[1.75,10.25,1.5,10.5],"tintindex":0,"rotation":90,"texture":"#1"},"west":{"uv":[1.5,10.25,1.75,10.75],"tintindex":0,"rotation":270,"texture":"#1"},"up":{"uv":[1.5,10.25,1.75,10.75],"tintindex":0,"rotation":0,"texture":"#1"},"down":{"uv":[1.5,10.25,1.75,10.75],"tintindex":0,"rotation":180,"texture":"#1"}},"rotation":{"origin":[-2.5024996,3.904235,0.3614459],"angle":-45.0,"axis":"x"}},{"from":[6.995,5.010025,-4.023817],"to":[8.0,6.015025,1.001183],"faces":{"east":{"uv":[2.75,10.75,3.0,9.5],"tintindex":0,"rotation":270,"texture":"#1"},"south":{"uv":[2.75,10.5,3.0,10.75],"tintindex":0,"rotation":270,"texture":"#1"},"north":{"uv":[3.0,9.5,2.75,9.75],"tintindex":0,"rotation":90,"texture":"#1"},"west":{"uv":[2.75,9.5,3.0,10.75],"tintindex":0,"rotation":270,"texture":"#1"},"up":{"uv":[2.75,9.5,3.0,10.75],"tintindex":0,"rotation":0,"texture":"#1"},"down":{"uv":[2.75,9.5,3.0,10.75],"tintindex":0,"rotation":180,"texture":"#1"}},"rotation":{"origin":[-2.5024996,3.904235,0.3614459],"angle":-45.0,"axis":"x"}},{"from":[6.995,-3.029976,4.016183],"to":[8.0,-1.0199757,7.0311832],"faces":{"east":{"uv":[0.75,12.25,1.25,11.5],"tintindex":0,"rotation":270,"texture":"#1"},"south":{"uv":[0.75,12.0,1.25,12.25],"tintindex":0,"rotation":270,"texture":"#1"},"north":{"uv":[1.25,11.5,0.75,11.75],"tintindex":0,"rotation":90,"texture":"#1"},"west":{"uv":[0.75,11.5,1.25,12.25],"tintindex":0,"rotation":270,"texture":"#1"},"up":{"uv":[1.0,11.5,1.25,12.25],"tintindex":0,"rotation":0,"texture":"#1"},"down":{"uv":[0.75,11.5,1.0,12.25],"tintindex":0,"rotation":180,"texture":"#1"}},"rotation":{"origin":[-2.5024996,3.904235,0.3614459],"angle":-45.0,"axis":"x"}},{"from":[6.995,10.035025,-5.028817],"to":[8.0,11.040024,-4.023817],"faces":{"east":{"uv":[4.0,9.5,4.25,9.25],"tintindex":0,"rotation":270,"texture":"#1"},"south":{"uv":[4.0,9.25,4.25,9.5],"tintindex":0,"rotation":270,"texture":"#1"},"north":{"uv":[4.25,9.25,4.0,9.5],"tintindex":0,"rotation":90,"texture":"#1"},"west":{"uv":[4.0,9.25,4.25,9.5],"tintindex":0,"rotation":270,"texture":"#1"},"up":{"uv":[4.0,9.25,4.25,9.5],"tintindex":0,"rotation":0,"texture":"#1"},"down":{"uv":[4.0,9.25,4.25,9.5],"tintindex":0,"rotation":180,"texture":"#1"}},"rotation":{"origin":[-2.5024996,3.904235,0.3614459],"angle":-45.0,"axis":"x"}},{"from":[6.995,6.015025,3.0111828],"to":[8.0,7.0200243,5.021183],"faces":{"east":{"uv":[3.0,11.75,3.25,11.25],"tintindex":0,"rotation":270,"texture":"#1"},"south":{"uv":[3.0,11.5,3.25,11.75],"tintindex":0,"rotation":270,"texture":"#1"},"north":{"uv":[3.25,11.25,3.0,11.5],"tintindex":0,"rotation":90,"texture":"#1"},"west":{"uv":[3.0,11.25,3.25,11.75],"tintindex":0,"rotation":270,"texture":"#1"},"up":{"uv":[3.0,11.25,3.25,11.75],"tintindex":0,"rotation":0,"texture":"#1"},"down":{"uv":[3.0,11.25,3.25,11.75],"tintindex":0,"rotation":180,"texture":"#1"}},"rotation":{"origin":[-2.5024996,3.904235,0.3614459],"angle":-45.0,"axis":"x"}}],"display":{"gui":{"rotation":[30,225,0]}}}