{"textures":{"6":"modelengine:entity/lrd_witherstorm_bacteria"},"elements":[{"from":[2.6666665,29.333334,3.756536],"to":[13.333334,29.333334,12.243464],"faces":{"up":{"uv":[10.0,4.6875,8.0,3.125],"tintindex":0,"rotation":0,"texture":"#6"},"down":{"uv":[10.0,4.6875,8.0,3.125],"tintindex":0,"rotation":0,"texture":"#6"}},"rotation":{"origin":[2.6666665,8.0,8.0],"angle":-22.5,"axis":"x"}},{"from":[2.6666665,3.7565355,-13.333334],"to":[13.333334,12.243464,-13.333334],"faces":{"south":{"uv":[2.0,0.0,4.0,1.5625],"tintindex":0,"rotation":0,"texture":"#6"},"north":{"uv":[2.0,0.0,4.0,1.5625],"tintindex":0,"rotation":0,"texture":"#6"}},"rotation":{"origin":[2.6666665,8.0,8.0],"angle":-45.0,"axis":"x"}},{"from":[2.6666665,29.333334,3.756536],"to":[13.333334,29.333334,12.243464],"faces":{"up":{"uv":[2.0,10.9375,0.0,9.375],"tintindex":0,"rotation":0,"texture":"#6"},"down":{"uv":[2.0,10.9375,0.0,9.375],"tintindex":0,"rotation":0,"texture":"#6"}},"rotation":{"origin":[2.6666665,8.0,8.0],"angle":22.5,"axis":"x"}},{"from":[2.6666665,-13.333334,3.756536],"to":[13.333334,-13.333334,12.243464],"faces":{"up":{"uv":[4.0,7.8125,2.0,9.375],"tintindex":0,"rotation":0,"texture":"#6"},"down":{"uv":[4.0,7.8125,2.0,9.375],"tintindex":0,"rotation":0,"texture":"#6"}},"rotation":{"origin":[2.6666665,8.0,8.0],"angle":-22.5,"axis":"x"}},{"from":[2.6666665,-13.333334,3.756536],"to":[13.333334,-13.333334,12.243464],"faces":{"up":{"uv":[8.0,7.8125,6.0,9.375],"tintindex":0,"rotation":0,"texture":"#6"},"down":{"uv":[8.0,7.8125,6.0,9.375],"tintindex":0,"rotation":0,"texture":"#6"}}},{"from":[2.6666665,-13.333334,3.756536],"to":[13.333334,-13.333334,12.243464],"faces":{"up":{"uv":[10.0,1.5625,8.0,3.125],"tintindex":0,"rotation":0,"texture":"#6"},"down":{"uv":[10.0,1.5625,8.0,3.125],"tintindex":0,"rotation":0,"texture":"#6"}},"rotation":{"origin":[2.6666665,8.0,8.0],"angle":22.5,"axis":"x"}},{"from":[2.6666665,3.7565355,29.333334],"to":[13.333334,12.243464,29.333334],"faces":{"south":{"uv":[6.0,6.25,8.0,7.8125],"tintindex":0,"rotation":0,"texture":"#6"},"north":{"uv":[6.0,6.25,8.0,7.8125],"tintindex":0,"rotation":0,"texture":"#6"}},"rotation":{"origin":[2.6666665,8.0,8.0],"angle":45.0,"axis":"x"}},{"from":[2.6666665,29.333334,3.756536],"to":[13.333334,29.333334,12.243464],"faces":{"up":{"uv":[10.0,7.8125,8.0,6.25],"tintindex":0,"rotation":0,"texture":"#6"},"down":{"uv":[10.0,7.8125,8.0,6.25],"tintindex":0,"rotation":0,"texture":"#6"}}},{"from":[2.6666665,3.7565355,29.333334],"to":[13.333334,12.243464,29.333334],"faces":{"south":{"uv":[6.0,4.6875,8.0,6.25],"tintindex":0,"rotation":0,"texture":"#6"},"north":{"uv":[6.0,4.6875,8.0,6.25],"tintindex":0,"rotation":0,"texture":"#6"}}},{"from":[2.6666665,3.7565355,-13.333334],"to":[13.333334,12.243464,-13.333334],"faces":{"south":{"uv":[0.0,3.125,2.0,4.6875],"tintindex":0,"rotation":0,"texture":"#6"},"north":{"uv":[0.0,3.125,2.0,4.6875],"tintindex":0,"rotation":0,"texture":"#6"}},"rotation":{"origin":[2.6666665,8.0,8.0],"angle":-22.5,"axis":"x"}},{"from":[2.6666665,3.7565355,29.333334],"to":[13.333334,12.243464,29.333334],"faces":{"south":{"uv":[2.0,6.25,4.0,7.8125],"tintindex":0,"rotation":0,"texture":"#6"},"north":{"uv":[2.0,6.25,4.0,7.8125],"tintindex":0,"rotation":0,"texture":"#6"}},"rotation":{"origin":[2.6666665,8.0,8.0],"angle":22.5,"axis":"x"}},{"from":[2.6666665,3.7565355,-13.333334],"to":[13.333334,12.243464,-13.333334],"faces":{"south":{"uv":[4.0,4.6875,6.0,3.125],"tintindex":0,"rotation":0,"texture":"#6"},"north":{"uv":[4.0,3.125,6.0,4.6875],"tintindex":0,"rotation":0,"texture":"#6"}},"rotation":{"origin":[2.6666665,8.0,8.0],"angle":45.0,"axis":"x"}},{"from":[2.6666665,3.7565355,29.333334],"to":[13.333334,12.243464,29.333334],"faces":{"south":{"uv":[6.0,1.5625,8.0,3.125],"tintindex":0,"rotation":0,"texture":"#6"},"north":{"uv":[6.0,1.5625,8.0,3.125],"tintindex":0,"rotation":0,"texture":"#6"}},"rotation":{"origin":[2.6666665,8.0,8.0],"angle":-22.5,"axis":"x"}},{"from":[2.6666665,3.7565355,-13.333334],"to":[13.333334,12.243464,-13.333334],"faces":{"south":{"uv":[0.0,0.0,2.0,1.5625],"tintindex":0,"rotation":0,"texture":"#6"},"north":{"uv":[0.0,0.0,2.0,1.5625],"tintindex":0,"rotation":0,"texture":"#6"}},"rotation":{"origin":[2.6666665,8.0,8.0],"angle":22.5,"axis":"x"}},{"from":[2.6666665,3.7565355,-13.333334],"to":[13.333334,12.243464,-13.333334],"faces":{"south":{"uv":[4.0,0.0,6.0,1.5625],"tintindex":0,"rotation":0,"texture":"#6"},"north":{"uv":[4.0,0.0,6.0,1.5625],"tintindex":0,"rotation":0,"texture":"#6"}}},{"from":[2.6666665,3.7565355,29.333334],"to":[13.333334,12.243464,29.333334],"faces":{"south":{"uv":[4.0,4.6875,6.0,6.25],"tintindex":0,"rotation":0,"texture":"#6"},"north":{"uv":[4.0,4.6875,6.0,6.25],"tintindex":0,"rotation":0,"texture":"#6"}},"rotation":{"origin":[2.6666665,8.0,8.0],"angle":-45.0,"axis":"x"}}],"display":{"gui":{"rotation":[30,225,0]}}}