{"textures":{"5":"modelengine:entity/lrd_witherstorm_body"},"elements":[{"from":[4.833333,16.0,-6.0],"to":[11.333334,22.5,-2.5],"faces":{"east":{"uv":[3.859375,10.421875,4.1875,11.03125],"tintindex":0,"rotation":0,"texture":"#5"},"south":{"uv":[11.671875,11.28125,12.28125,11.890625],"tintindex":0,"rotation":0,"texture":"#5"},"north":{"uv":[11.671875,10.671875,12.28125,11.28125],"tintindex":0,"rotation":0,"texture":"#5"},"west":{"uv":[11.203125,11.921875,11.53125,12.53125],"tintindex":0,"rotation":0,"texture":"#5"},"up":{"uv":[12.5,5.5625,11.890625,5.234375],"tintindex":0,"rotation":0,"texture":"#5"},"down":{"uv":[3.796875,12.015625,3.1875,12.34375],"tintindex":0,"rotation":0,"texture":"#5"}}},{"from":[12.833334,-0.16666698,7.0],"to":[31.0,19.166668,7.0],"faces":{"south":{"uv":[0.0,5.0,1.703125,6.8125],"tintindex":0,"rotation":0,"texture":"#5"},"north":{"uv":[1.703125,5.0,0.0,6.8125],"tintindex":0,"rotation":0,"texture":"#5"}}},{"from":[-9.666668,5.333333,1.1666665],"to":[-6.166667,16.833334,11.5],"faces":{"east":{"uv":[5.984375,10.4375,6.953125,11.515625],"tintindex":0,"rotation":0,"texture":"#5"},"south":{"uv":[6.890625,11.859375,7.21875,12.9375],"tintindex":0,"rotation":0,"texture":"#5"},"north":{"uv":[2.421875,9.171875,2.75,10.25],"tintindex":0,"rotation":0,"texture":"#5"},"west":{"uv":[10.46875,0.0,11.4375,1.078125],"tintindex":0,"rotation":0,"texture":"#5"},"up":{"uv":[4.609375,10.09375,4.28125,9.125],"tintindex":0,"rotation":0,"texture":"#5"},"down":{"uv":[12.21875,3.765625,11.890625,4.734375],"tintindex":0,"rotation":0,"texture":"#5"}}},{"from":[9.166667,-11.333334,-8.666668],"to":[9.166667,0.833333,-0.5],"faces":{"east":{"uv":[0.0,11.03125,0.765625,12.171875],"tintindex":0,"rotation":0,"texture":"#5"},"west":{"uv":[0.765625,11.03125,0.0,12.171875],"tintindex":0,"rotation":0,"texture":"#5"}}},{"from":[1.333333,0.833333,-8.666668],"to":[16.166668,16.0,-2.5],"faces":{"east":{"uv":[6.953125,10.4375,7.53125,11.859375],"tintindex":0,"rotation":0,"texture":"#5"},"south":{"uv":[8.046875,4.296875,9.4375,5.71875],"tintindex":0,"rotation":0,"texture":"#5"},"north":{"uv":[8.046875,2.875,9.4375,4.296875],"tintindex":0,"rotation":0,"texture":"#5"},"west":{"uv":[4.1875,11.21875,4.765625,12.640625],"tintindex":0,"rotation":0,"texture":"#5"},"up":{"uv":[5.859375,2.390625,4.46875,1.8125],"tintindex":0,"rotation":0,"texture":"#5"},"down":{"uv":[12.71875,10.09375,11.328125,10.671875],"tintindex":0,"rotation":0,"texture":"#5"}}},{"from":[12.833334,4.6666665,1.833333],"to":[22.833334,12.666667,13.0],"faces":{"east":{"uv":[0.765625,11.421875,1.8125,12.171875],"tintindex":0,"rotation":0,"texture":"#5"},"south":{"uv":[11.4375,7.0625,12.375,7.8125],"tintindex":0,"rotation":0,"texture":"#5"},"north":{"uv":[11.4375,6.3125,12.375,7.0625],"tintindex":0,"rotation":0,"texture":"#5"},"west":{"uv":[11.4375,0.0,12.484375,0.75],"tintindex":0,"rotation":0,"texture":"#5"},"up":{"uv":[11.4375,7.359375,10.5,6.3125],"tintindex":0,"rotation":0,"texture":"#5"},"down":{"uv":[11.4375,7.359375,10.5,8.40625],"tintindex":0,"rotation":0,"texture":"#5"}}},{"from":[-6.166667,-1.5,-2.5],"to":[17.666668,25.166668,18.166668],"faces":{"east":{"uv":[0.0,2.5,1.9375,5.0],"tintindex":0,"rotation":0,"texture":"#5"},"south":{"uv":[2.234375,0.0,4.46875,2.5],"tintindex":0,"rotation":0,"texture":"#5"},"north":{"uv":[0.0,0.0,2.234375,2.5],"tintindex":0,"rotation":0,"texture":"#5"},"west":{"uv":[1.9375,2.5,3.875,5.0],"tintindex":0,"rotation":0,"texture":"#5"},"up":{"uv":[6.109375,4.4375,3.875,2.5],"tintindex":0,"rotation":0,"texture":"#5"},"down":{"uv":[6.109375,4.4375,3.875,6.375],"tintindex":0,"rotation":0,"texture":"#5"}}}],"display":{"gui":{"rotation":[30,225,0]}}}