{"textures":{"5":"modelengine:entity/lrd_witherstorm_body"},"elements":[{"from":[1.5625,-7.59375,12.125],"to":[20.8125,9.65625,20.125],"faces":{"east":{"uv":[4.78125,7.671875,5.28125,8.75],"tintindex":0,"rotation":0,"texture":"#5"},"south":{"uv":[4.28125,10.140625,5.484375,11.21875],"tintindex":0,"rotation":0,"texture":"#5"},"north":{"uv":[10.125,9.8125,11.328125,10.890625],"tintindex":0,"rotation":0,"texture":"#5"},"west":{"uv":[7.53125,11.296875,8.03125,12.375],"tintindex":0,"rotation":0,"texture":"#5"},"up":{"uv":[12.84375,1.75,11.640625,1.25],"tintindex":0,"rotation":0,"texture":"#5"},"down":{"uv":[12.84375,1.75,11.640625,2.25],"tintindex":0,"rotation":0,"texture":"#5"}}},{"from":[-3.4375,1.40625,-1.375],"to":[19.8125,17.90625,12.375],"faces":{"east":{"uv":[9.953125,10.890625,10.8125,11.921875],"tintindex":0,"rotation":0,"texture":"#5"},"south":{"uv":[9.4375,4.53125,10.890625,5.5625],"tintindex":0,"rotation":0,"texture":"#5"},"north":{"uv":[9.4375,3.5,10.890625,4.53125],"tintindex":0,"rotation":0,"texture":"#5"},"west":{"uv":[10.8125,10.890625,11.671875,11.921875],"tintindex":0,"rotation":0,"texture":"#5"},"up":{"uv":[11.640625,2.15625,10.1875,1.296875],"tintindex":0,"rotation":0,"texture":"#5"},"down":{"uv":[11.640625,2.15625,10.1875,3.015625],"tintindex":0,"rotation":0,"texture":"#5"}}},{"from":[-6.6875,-11.09375,-4.875],"to":[16.8125,13.90625,15.875],"faces":{"east":{"uv":[6.78125,7.421875,8.078125,8.984375],"tintindex":0,"rotation":0,"texture":"#5"},"south":{"uv":[6.171875,0.0,7.640625,1.5625],"tintindex":0,"rotation":0,"texture":"#5"},"north":{"uv":[6.109375,5.859375,7.578125,7.421875],"tintindex":0,"rotation":0,"texture":"#5"},"west":{"uv":[7.578125,5.859375,8.875,7.421875],"tintindex":0,"rotation":0,"texture":"#5"},"up":{"uv":[6.25,10.140625,4.78125,8.84375],"tintindex":0,"rotation":0,"texture":"#5"},"down":{"uv":[10.34375,5.71875,8.875,7.015625],"tintindex":0,"rotation":0,"texture":"#5"}}},{"from":[1.5625,17.90625,0.875],"to":[13.5625,21.90625,8.875],"faces":{"east":{"uv":[8.875,7.015625,9.375,7.265625],"tintindex":0,"rotation":0,"texture":"#5"},"south":{"uv":[0.0,12.171875,0.75,12.421875],"tintindex":0,"rotation":0,"texture":"#5"},"north":{"uv":[11.78125,6.0625,12.53125,6.3125],"tintindex":0,"rotation":0,"texture":"#5"},"west":{"uv":[0.75,12.171875,1.25,12.421875],"tintindex":0,"rotation":0,"texture":"#5"},"up":{"uv":[12.390625,3.0,11.640625,2.5],"tintindex":0,"rotation":0,"texture":"#5"},"down":{"uv":[9.703125,11.671875,8.953125,12.171875],"tintindex":0,"rotation":0,"texture":"#5"}}}],"display":{"gui":{"rotation":[30,225,0]}}}