{"textures":{"1":"modelengine:entity/lrd_witherstorm_head_animated","5":"modelengine:entity/lrd_witherstorm_body"},"elements":[{"from":[2.2999997,6.475,1.2999997],"to":[16.7,25.675001,17.900002],"faces":{"east":{"uv":[8.078125,7.421875,9.375,8.921875],"tintindex":0,"rotation":0,"texture":"#5"},"south":{"uv":[9.375,7.015625,10.5,8.515625],"tintindex":0,"rotation":0,"texture":"#5"},"north":{"uv":[1.296875,9.171875,2.421875,10.671875],"tintindex":0,"rotation":0,"texture":"#5"},"west":{"uv":[0.0,8.234375,1.296875,9.734375],"tintindex":0,"rotation":0,"texture":"#5"},"up":{"uv":[1.125,11.03125,0.0,9.734375],"tintindex":0,"rotation":0,"texture":"#5"},"down":{"uv":[11.25,8.515625,10.125,9.8125],"tintindex":0,"rotation":0,"texture":"#5"}}},{"from":[-3.3000002,-3.125,1.2999997],"to":[15.1,6.475,17.900002],"faces":{"east":{"uv":[1.125,10.671875,2.421875,11.421875],"tintindex":0,"rotation":0,"texture":"#5"},"south":{"uv":[2.421875,10.421875,3.859375,11.171875],"tintindex":0,"rotation":0,"texture":"#5"},"north":{"uv":[10.34375,5.5625,11.78125,6.3125],"tintindex":0,"rotation":0,"texture":"#5"},"west":{"uv":[10.890625,3.015625,12.1875,3.765625],"tintindex":0,"rotation":0,"texture":"#5"},"up":{"uv":[10.46875,1.296875,9.03125,0.0],"tintindex":0,"rotation":0,"texture":"#5"},"down":{"uv":[4.28125,9.125,2.84375,10.421875],"tintindex":0,"rotation":0,"texture":"#5"}}},{"from":[-3.3000002,3.275,-1.9000006],"to":[21.5,21.875,14.700001],"faces":{"east":{"uv":[8.078125,8.921875,9.375,10.375],"tintindex":0,"rotation":0,"texture":"#5"},"south":{"uv":[6.109375,1.8125,8.046875,3.265625],"tintindex":0,"rotation":0,"texture":"#5"},"north":{"uv":[1.703125,5.0,3.640625,6.453125],"tintindex":0,"rotation":0,"texture":"#5"},"west":{"uv":[6.25,8.984375,7.546875,10.4375],"tintindex":0,"rotation":0,"texture":"#5"},"up":{"uv":[8.046875,4.5625,6.109375,3.265625],"tintindex":0,"rotation":0,"texture":"#5"},"down":{"uv":[8.046875,4.5625,6.109375,5.859375],"tintindex":0,"rotation":0,"texture":"#5"}}},{"from":[10.7,25.675001,3.9],"to":[16.900002,31.675001,3.9],"faces":{"south":{"uv":[6.5625,5.25,4.625,3.375],"tintindex":0,"rotation":0,"texture":"#1"},"north":{"uv":[4.625,5.25,6.5625,3.375],"tintindex":0,"rotation":0,"texture":"#1"}}},{"from":[-3.3000002,0.07499981,-1.9000006],"to":[18.3,3.275,14.700001],"faces":{"east":{"uv":[11.78125,5.5625,13.078125,5.8125],"tintindex":0,"rotation":0,"texture":"#5"},"south":{"uv":[11.640625,2.25,13.328125,2.5],"tintindex":0,"rotation":0,"texture":"#5"},"north":{"uv":[6.171875,1.5625,7.859375,1.8125],"tintindex":0,"rotation":0,"texture":"#5"},"west":{"uv":[11.78125,5.8125,13.078125,6.0625],"tintindex":0,"rotation":0,"texture":"#5"},"up":{"uv":[5.328125,7.671875,3.640625,6.375],"tintindex":0,"rotation":0,"texture":"#5"},"down":{"uv":[3.390625,6.453125,1.703125,7.75],"tintindex":0,"rotation":0,"texture":"#5"}}}],"display":{"gui":{"rotation":[30,225,0]}}}