{"textures":{"5":"modelengine:entity/lrd_witherstorm_body"},"elements":[{"from":[8.060439,-14.236263,8.494506],"to":[11.752748,-3.39011,8.494506],"faces":{"south":{"uv":[9.4375,1.296875,10.1875,3.5],"tintindex":0,"rotation":0,"texture":"#5"},"north":{"uv":[10.1875,1.296875,9.4375,3.5],"tintindex":0,"rotation":0,"texture":"#5"}}},{"from":[4.9065933,0.76373625,4.494505],"to":[11.752748,7.7637362,11.648352],"faces":{"east":{"uv":[0.0,6.8125,1.453125,8.234375],"tintindex":0,"rotation":0,"texture":"#5"},"south":{"uv":[8.046875,1.453125,9.4375,2.875],"tintindex":0,"rotation":0,"texture":"#5"},"north":{"uv":[1.453125,7.75,2.84375,9.171875],"tintindex":0,"rotation":0,"texture":"#5"},"west":{"uv":[5.328125,7.421875,6.78125,8.84375],"tintindex":0,"rotation":0,"texture":"#5"},"up":{"uv":[9.03125,1.453125,7.640625,0.0],"tintindex":0,"rotation":0,"texture":"#5"},"down":{"uv":[4.78125,7.671875,3.390625,9.125],"tintindex":0,"rotation":0,"texture":"#5"}}},{"from":[9.291208,-8.543957,6.956044],"to":[11.752748,-3.39011,9.186813],"faces":{"east":{"uv":[5.984375,11.515625,6.4375,12.5625],"tintindex":0,"rotation":0,"texture":"#5"},"south":{"uv":[1.8125,11.421875,2.3125,12.46875],"tintindex":0,"rotation":0,"texture":"#5"},"north":{"uv":[5.328125,6.375,5.828125,7.421875],"tintindex":0,"rotation":0,"texture":"#5"},"west":{"uv":[6.4375,11.515625,6.890625,12.5625],"tintindex":0,"rotation":0,"texture":"#5"},"up":{"uv":[10.6875,3.46875,10.1875,3.015625],"tintindex":0,"rotation":0,"texture":"#5"},"down":{"uv":[10.203125,11.921875,9.703125,12.375],"tintindex":0,"rotation":0,"texture":"#5"}}},{"from":[2.4450545,5.302198,5.7252746],"to":[4.9065933,7.7637362,11.648352],"faces":{"east":{"uv":[11.4375,0.75,12.640625,1.25],"tintindex":0,"rotation":0,"texture":"#5"},"south":{"uv":[11.671875,11.890625,12.171875,12.390625],"tintindex":0,"rotation":0,"texture":"#5"},"north":{"uv":[11.890625,4.734375,12.390625,5.234375],"tintindex":0,"rotation":0,"texture":"#5"},"west":{"uv":[11.4375,7.8125,12.640625,8.3125],"tintindex":0,"rotation":0,"texture":"#5"},"up":{"uv":[3.34375,8.953125,2.84375,7.75],"tintindex":0,"rotation":0,"texture":"#5"},"down":{"uv":[5.265625,11.21875,4.765625,12.421875],"tintindex":0,"rotation":0,"texture":"#5"}}},{"from":[6.8296704,-15.467033,8.186813],"to":[8.060439,-10.543957,9.186813],"faces":{"east":{"uv":[3.640625,5.0,3.84375,6.0],"tintindex":0,"rotation":0,"texture":"#5"},"south":{"uv":[3.390625,6.453125,3.640625,7.453125],"tintindex":0,"rotation":0,"texture":"#5"},"north":{"uv":[5.828125,6.375,6.078125,7.375],"tintindex":0,"rotation":0,"texture":"#5"},"west":{"uv":[5.265625,11.21875,5.46875,12.21875],"tintindex":0,"rotation":0,"texture":"#5"},"up":{"uv":[6.109375,2.015625,5.859375,1.8125],"tintindex":0,"rotation":0,"texture":"#5"},"down":{"uv":[6.109375,2.015625,5.859375,2.21875],"tintindex":0,"rotation":0,"texture":"#5"}}},{"from":[6.8296704,-3.39011,5.7252746],"to":[11.752748,0.76373625,10.4175825],"faces":{"east":{"uv":[11.25,8.40625,12.203125,9.25],"tintindex":0,"rotation":0,"texture":"#5"},"south":{"uv":[3.1875,11.171875,4.1875,12.015625],"tintindex":0,"rotation":0,"texture":"#5"},"north":{"uv":[10.890625,4.71875,11.890625,5.5625],"tintindex":0,"rotation":0,"texture":"#5"},"west":{"uv":[11.328125,9.25,12.28125,10.09375],"tintindex":0,"rotation":0,"texture":"#5"},"up":{"uv":[9.953125,11.671875,8.953125,10.71875],"tintindex":0,"rotation":0,"texture":"#5"},"down":{"uv":[11.890625,3.765625,10.890625,4.71875],"tintindex":0,"rotation":0,"texture":"#5"}}},{"from":[5.598901,-10.543957,6.956044],"to":[8.060439,0.84065914,9.186813],"faces":{"east":{"uv":[8.046875,10.375,8.5,12.6875],"tintindex":0,"rotation":0,"texture":"#5"},"south":{"uv":[5.484375,10.140625,5.984375,12.453125],"tintindex":0,"rotation":0,"texture":"#5"},"north":{"uv":[7.546875,8.984375,8.046875,11.296875],"tintindex":0,"rotation":0,"texture":"#5"},"west":{"uv":[8.5,10.375,8.953125,12.6875],"tintindex":0,"rotation":0,"texture":"#5"},"up":{"uv":[10.703125,12.375,10.203125,11.921875],"tintindex":0,"rotation":0,"texture":"#5"},"down":{"uv":[11.203125,11.921875,10.703125,12.375],"tintindex":0,"rotation":0,"texture":"#5"}}}],"display":{"gui":{"rotation":[30,225,0]}}}