{"textures":{"0":"modelengine:entity/lrd_witherstorm_head"},"elements":[{"from":[-11.072235,-2.4720688,8.0],"to":[-8.072235,18.427933,8.0],"faces":{"east":{"uv":[0.0,0.9375,0.125,0.0],"tintindex":0,"rotation":0,"texture":"#0"},"south":{"uv":[15.6875,0.25,16.0,0.0],"tintindex":0,"rotation":0,"texture":"#0"},"north":{"uv":[15.6875,0.25,16.0,0.0],"tintindex":0,"rotation":0,"texture":"#0"},"west":{"uv":[0.0,0.9375,0.125,0.0],"tintindex":0,"rotation":0,"texture":"#0"},"up":{"uv":[15.6875,0.0625,16.0,0.0],"tintindex":0,"rotation":0,"texture":"#0"},"down":{"uv":[15.6875,0.0625,16.0,0.0],"tintindex":0,"rotation":0,"texture":"#0"}}},{"from":[-9.5,5.25,8.0],"to":[8.0,11.75,8.0],"faces":{"east":{"uv":[0.0,0.0,0.125,0.9375],"tintindex":0,"rotation":0,"texture":"#0"},"south":{"uv":[15.6875,0.0,16.0,0.25],"tintindex":0,"rotation":0,"texture":"#0"},"north":{"uv":[15.6875,0.0,16.0,0.25],"tintindex":0,"rotation":0,"texture":"#0"},"west":{"uv":[0.0,0.0,0.125,0.9375],"tintindex":0,"rotation":0,"texture":"#0"},"up":{"uv":[15.6875,0.0,16.0,0.0625],"tintindex":0,"rotation":0,"texture":"#0"},"down":{"uv":[15.6875,0.0,16.0,0.0625],"tintindex":0,"rotation":0,"texture":"#0"}},"rotation":{"origin":[8.0,11.5,8.0],"angle":-22.5,"axis":"z"}},{"from":[-9.294098,4.2090454,8.0],"to":[8.205902,10.709045,8.0],"faces":{"east":{"uv":[0.0,0.9375,0.125,0.0],"tintindex":0,"rotation":0,"texture":"#0"},"south":{"uv":[15.6875,0.25,16.0,0.0],"tintindex":0,"rotation":0,"texture":"#0"},"north":{"uv":[15.6875,0.25,16.0,0.0],"tintindex":0,"rotation":0,"texture":"#0"},"west":{"uv":[0.0,0.9375,0.125,0.0],"tintindex":0,"rotation":0,"texture":"#0"},"up":{"uv":[15.6875,0.0625,16.0,0.0],"tintindex":0,"rotation":0,"texture":"#0"},"down":{"uv":[15.6875,0.0625,16.0,0.0],"tintindex":0,"rotation":0,"texture":"#0"}},"rotation":{"origin":[8.095673,3.9429169,8.0],"angle":22.5,"axis":"z"}},{"from":[-10.904327,4.2309723,8.0],"to":[8.095673,11.730972,8.0],"faces":{"east":{"uv":[0.0,0.9375,0.125,0.0],"tintindex":0,"rotation":0,"texture":"#0"},"south":{"uv":[15.6875,0.25,16.0,0.0],"tintindex":0,"rotation":0,"texture":"#0"},"north":{"uv":[15.6875,0.25,16.0,0.0],"tintindex":0,"rotation":0,"texture":"#0"},"west":{"uv":[0.0,0.9375,0.125,0.0],"tintindex":0,"rotation":0,"texture":"#0"},"up":{"uv":[15.6875,0.0625,16.0,0.0],"tintindex":0,"rotation":0,"texture":"#0"},"down":{"uv":[15.6875,0.0625,16.0,0.0],"tintindex":0,"rotation":0,"texture":"#0"}}}],"display":{"gui":{"rotation":[30,225,0]}}}