{"textures":{"0":"modelengine:entity/lrd_witherstorm_head"},"elements":[{"from":[-2.0,-2.0,4.0],"to":[18.0,18.0,8.0],"faces":{"east":{"uv":[8.25,12.3125,8.5,13.5625],"tintindex":0,"rotation":0,"texture":"#0"},"south":{"uv":[9.625,11.75,10.875,13.0],"tintindex":0,"rotation":0,"texture":"#0"},"north":{"uv":[11.625,5.1875,12.875,6.4375],"tintindex":0,"rotation":0,"texture":"#0"},"west":{"uv":[8.5,12.3125,8.75,13.5625],"tintindex":0,"rotation":0,"texture":"#0"},"up":{"uv":[12.125,12.5625,10.875,12.3125],"tintindex":0,"rotation":0,"texture":"#0"},"down":{"uv":[13.375,12.3125,12.125,12.5625],"tintindex":0,"rotation":0,"texture":"#0"}}}],"display":{"gui":{"rotation":[30,225,0]}}}