{"textures":{"4":"modelengine:entity/lrd_witherstorm_spotlight"},"elements":[{"from":[7.315789,7.4736843,-5.4736843],"to":[8.684211,7.4736843,-2.1052628],"faces":{"east":{"uv":[12.75,8.0,16.0,16.0],"tintindex":0,"rotation":270,"texture":"#4"},"south":{"uv":[0.5,0.0,0.0,0.5],"tintindex":0,"rotation":270,"texture":"#4"},"north":{"uv":[0.5,0.0,0.0,0.5],"tintindex":0,"rotation":90,"texture":"#4"},"west":{"uv":[12.75,16.0,16.0,8.0],"tintindex":0,"rotation":270,"texture":"#4"},"up":{"uv":[16.0,12.75,11.875,16.0],"tintindex":0,"rotation":270,"texture":"#4"},"down":{"uv":[0.125,0.0,0.0,0.25],"tintindex":0,"rotation":270,"texture":"#4"}}},{"from":[7.2105265,7.4736843,-12.2105255],"to":[8.789474,7.4736843,-8.842106],"faces":{"east":{"uv":[9.0,16.0,5.375,12.25],"tintindex":0,"rotation":0,"texture":"#4"},"south":{"uv":[0.375,0.0,0.0,0.25],"tintindex":0,"rotation":270,"texture":"#4"},"north":{"uv":[0.375,0.0,0.0,0.25],"tintindex":0,"rotation":90,"texture":"#4"},"west":{"uv":[5.375,12.25,9.0,16.0],"tintindex":0,"rotation":0,"texture":"#4"},"up":{"uv":[9.0,12.25,5.375,16.0],"tintindex":0,"rotation":270,"texture":"#4"},"down":{"uv":[0.0,0.0,0.375,0.25],"tintindex":0,"rotation":270,"texture":"#4"}}},{"from":[7.4210525,8.526316,1.2631578],"to":[8.578947,8.526316,4.631579],"faces":{"east":{"uv":[16.0,8.0,13.25,16.0],"tintindex":0,"rotation":270,"texture":"#4"},"south":{"uv":[0.0,0.0,0.625,0.375],"tintindex":0,"rotation":270,"texture":"#4"},"north":{"uv":[0.0,0.0,0.625,0.375],"tintindex":0,"rotation":90,"texture":"#4"},"west":{"uv":[16.0,16.0,13.25,8.0],"tintindex":0,"rotation":270,"texture":"#4"},"up":{"uv":[0.0,0.0,0.625,0.25],"tintindex":0,"rotation":270,"texture":"#4"},"down":{"uv":[13.875,13.25,16.0,16.0],"tintindex":0,"rotation":270,"texture":"#4"}}},{"from":[7.4736843,8.526316,4.631579],"to":[8.526316,8.526316,8.0],"faces":{"east":{"uv":[16.0,13.5,13.875,16.0],"tintindex":0,"rotation":0,"texture":"#4"},"south":{"uv":[0.0,0.0,0.5,0.5],"tintindex":0,"rotation":270,"texture":"#4"},"north":{"uv":[0.0,0.0,0.5,0.5],"tintindex":0,"rotation":90,"texture":"#4"},"west":{"uv":[16.0,16.0,13.875,13.5],"tintindex":0,"rotation":0,"texture":"#4"},"up":{"uv":[0.0,0.0,0.625,0.25],"tintindex":0,"rotation":270,"texture":"#4"},"down":{"uv":[13.875,13.5,16.0,16.0],"tintindex":0,"rotation":270,"texture":"#4"}}},{"from":[7.4736843,7.263158,-8.842106],"to":[7.4736843,8.736842,-5.4736843],"faces":{"east":{"uv":[16.0,12.5,10.875,16.0],"tintindex":0,"rotation":0,"texture":"#4"},"south":{"uv":[0.5,0.0,0.0,0.375],"tintindex":0,"rotation":0,"texture":"#4"},"north":{"uv":[0.5,0.0,0.0,0.375],"tintindex":0,"rotation":0,"texture":"#4"},"west":{"uv":[0.25,0.0,0.0,0.375],"tintindex":0,"rotation":0,"texture":"#4"},"up":{"uv":[12.5,16.0,16.0,8.0],"tintindex":0,"rotation":0,"texture":"#4"},"down":{"uv":[12.5,8.0,16.0,16.0],"tintindex":0,"rotation":0,"texture":"#4"}}},{"from":[7.4736843,7.368421,-2.1052628],"to":[7.4736843,8.631578,1.2631578],"faces":{"east":{"uv":[16.0,13.0,13.0,16.0],"tintindex":0,"rotation":0,"texture":"#4"},"south":{"uv":[0.5,0.0,0.0,0.5],"tintindex":0,"rotation":0,"texture":"#4"},"north":{"uv":[0.5,0.0,0.0,0.5],"tintindex":0,"rotation":0,"texture":"#4"},"west":{"uv":[0.375,0.0,0.0,0.25],"tintindex":0,"rotation":0,"texture":"#4"},"up":{"uv":[13.0,16.0,16.0,8.0],"tintindex":0,"rotation":0,"texture":"#4"},"down":{"uv":[13.0,8.0,16.0,16.0],"tintindex":0,"rotation":0,"texture":"#4"}}},{"from":[7.4736843,7.4210525,1.2631578],"to":[7.4736843,8.578947,4.631579],"faces":{"east":{"uv":[16.0,13.25,13.875,16.0],"tintindex":0,"rotation":0,"texture":"#4"},"south":{"uv":[0.625,0.0,0.0,0.375],"tintindex":0,"rotation":0,"texture":"#4"},"north":{"uv":[0.625,0.0,0.0,0.375],"tintindex":0,"rotation":0,"texture":"#4"},"west":{"uv":[0.625,0.0,0.0,0.25],"tintindex":0,"rotation":0,"texture":"#4"},"up":{"uv":[13.25,16.0,16.0,8.0],"tintindex":0,"rotation":0,"texture":"#4"},"down":{"uv":[13.25,8.0,16.0,16.0],"tintindex":0,"rotation":0,"texture":"#4"}}},{"from":[8.526316,7.263158,-8.842106],"to":[8.526316,8.736842,-5.4736843],"faces":{"east":{"uv":[0.0,0.0,0.25,0.375],"tintindex":0,"rotation":0,"texture":"#4"},"south":{"uv":[0.0,0.0,0.5,0.375],"tintindex":0,"rotation":0,"texture":"#4"},"north":{"uv":[0.0,0.0,0.5,0.375],"tintindex":0,"rotation":0,"texture":"#4"},"west":{"uv":[10.875,12.5,16.0,16.0],"tintindex":0,"rotation":0,"texture":"#4"},"up":{"uv":[16.0,16.0,12.5,8.0],"tintindex":0,"rotation":0,"texture":"#4"},"down":{"uv":[16.0,8.0,12.5,16.0],"tintindex":0,"rotation":0,"texture":"#4"}}},{"from":[7.263158,8.526316,-8.842106],"to":[8.736842,8.526316,-5.4736843],"faces":{"east":{"uv":[16.0,8.0,12.5,16.0],"tintindex":0,"rotation":270,"texture":"#4"},"south":{"uv":[0.0,0.0,0.5,0.375],"tintindex":0,"rotation":270,"texture":"#4"},"north":{"uv":[0.0,0.0,0.5,0.375],"tintindex":0,"rotation":90,"texture":"#4"},"west":{"uv":[16.0,16.0,12.5,8.0],"tintindex":0,"rotation":270,"texture":"#4"},"up":{"uv":[0.0,0.0,0.25,0.375],"tintindex":0,"rotation":270,"texture":"#4"},"down":{"uv":[10.875,12.5,16.0,16.0],"tintindex":0,"rotation":270,"texture":"#4"}}},{"from":[7.4736843,7.1578946,-15.578947],"to":[7.4736843,8.842105,-12.2105255],"faces":{"east":{"uv":[5.625,12.25,2.0,16.0],"tintindex":0,"rotation":0,"texture":"#4"},"south":{"uv":[0.375,0.0,0.0,0.125],"tintindex":0,"rotation":0,"texture":"#4"},"north":{"uv":[0.375,0.0,0.0,0.25],"tintindex":0,"rotation":0,"texture":"#4"},"west":{"uv":[0.0,0.0,0.5,0.25],"tintindex":0,"rotation":0,"texture":"#4"},"up":{"uv":[2.0,12.25,5.625,16.0],"tintindex":0,"rotation":90,"texture":"#4"},"down":{"uv":[5.625,16.0,2.0,12.25],"tintindex":0,"rotation":90,"texture":"#4"}}},{"from":[7.4736843,7.2105265,-12.2105255],"to":[7.4736843,8.789474,-8.842106],"faces":{"east":{"uv":[9.0,12.25,5.375,16.0],"tintindex":0,"rotation":0,"texture":"#4"},"south":{"uv":[0.375,0.0,0.0,0.25],"tintindex":0,"rotation":0,"texture":"#4"},"north":{"uv":[0.375,0.0,0.0,0.25],"tintindex":0,"rotation":0,"texture":"#4"},"west":{"uv":[0.0,0.0,0.375,0.25],"tintindex":0,"rotation":0,"texture":"#4"},"up":{"uv":[5.375,12.25,9.0,16.0],"tintindex":0,"rotation":90,"texture":"#4"},"down":{"uv":[9.0,16.0,5.375,12.25],"tintindex":0,"rotation":90,"texture":"#4"}}},{"from":[8.526316,7.315789,-5.4736843],"to":[8.526316,8.684211,-2.1052628],"faces":{"east":{"uv":[0.0,0.0,0.125,0.25],"tintindex":0,"rotation":0,"texture":"#4"},"south":{"uv":[0.0,0.0,0.5,0.5],"tintindex":0,"rotation":0,"texture":"#4"},"north":{"uv":[0.0,0.0,0.5,0.5],"tintindex":0,"rotation":0,"texture":"#4"},"west":{"uv":[11.875,12.75,16.0,16.0],"tintindex":0,"rotation":0,"texture":"#4"},"up":{"uv":[16.0,16.0,12.75,8.0],"tintindex":0,"rotation":0,"texture":"#4"},"down":{"uv":[16.0,8.0,12.75,16.0],"tintindex":0,"rotation":0,"texture":"#4"}}},{"from":[8.526316,7.4210525,1.2631578],"to":[8.526316,8.578947,4.631579],"faces":{"east":{"uv":[0.0,0.0,0.625,0.25],"tintindex":0,"rotation":0,"texture":"#4"},"south":{"uv":[0.0,0.0,0.625,0.375],"tintindex":0,"rotation":0,"texture":"#4"},"north":{"uv":[0.0,0.0,0.625,0.375],"tintindex":0,"rotation":0,"texture":"#4"},"west":{"uv":[13.875,13.25,16.0,16.0],"tintindex":0,"rotation":0,"texture":"#4"},"up":{"uv":[16.0,16.0,13.25,8.0],"tintindex":0,"rotation":0,"texture":"#4"},"down":{"uv":[16.0,8.0,13.25,16.0],"tintindex":0,"rotation":0,"texture":"#4"}}},{"from":[7.1578946,7.4736843,-15.578947],"to":[8.842105,7.4736843,-12.2105255],"faces":{"east":{"uv":[5.625,16.0,2.0,12.25],"tintindex":0,"rotation":0,"texture":"#4"},"south":{"uv":[0.375,0.0,0.0,0.125],"tintindex":0,"rotation":270,"texture":"#4"},"north":{"uv":[0.375,0.0,0.0,0.25],"tintindex":0,"rotation":90,"texture":"#4"},"west":{"uv":[2.0,12.25,5.625,16.0],"tintindex":0,"rotation":0,"texture":"#4"},"up":{"uv":[5.625,12.25,2.0,16.0],"tintindex":0,"rotation":270,"texture":"#4"},"down":{"uv":[0.0,0.0,0.5,0.25],"tintindex":0,"rotation":270,"texture":"#4"}}},{"from":[8.526316,7.4736843,4.631579],"to":[8.526316,8.526316,8.0],"faces":{"east":{"uv":[0.0,0.0,0.625,0.25],"tintindex":0,"rotation":0,"texture":"#4"},"south":{"uv":[0.0,0.0,0.5,0.5],"tintindex":0,"rotation":0,"texture":"#4"},"north":{"uv":[0.0,0.0,0.5,0.5],"tintindex":0,"rotation":0,"texture":"#4"},"west":{"uv":[13.875,13.5,16.0,16.0],"tintindex":0,"rotation":0,"texture":"#4"},"up":{"uv":[16.0,16.0,13.875,13.5],"tintindex":0,"rotation":90,"texture":"#4"},"down":{"uv":[16.0,13.5,13.875,16.0],"tintindex":0,"rotation":90,"texture":"#4"}}},{"from":[7.4736843,7.4736843,4.631579],"to":[7.4736843,8.526316,8.0],"faces":{"east":{"uv":[16.0,13.5,13.875,16.0],"tintindex":0,"rotation":0,"texture":"#4"},"south":{"uv":[0.5,0.0,0.0,0.5],"tintindex":0,"rotation":0,"texture":"#4"},"north":{"uv":[0.5,0.0,0.0,0.5],"tintindex":0,"rotation":0,"texture":"#4"},"west":{"uv":[0.625,0.0,0.0,0.25],"tintindex":0,"rotation":0,"texture":"#4"},"up":{"uv":[16.0,13.5,13.875,16.0],"tintindex":0,"rotation":90,"texture":"#4"},"down":{"uv":[16.0,16.0,13.875,13.5],"tintindex":0,"rotation":90,"texture":"#4"}}},{"from":[7.2105265,8.526316,-12.2105255],"to":[8.789474,8.526316,-8.842106],"faces":{"east":{"uv":[9.0,12.25,5.375,16.0],"tintindex":0,"rotation":0,"texture":"#4"},"south":{"uv":[0.0,0.0,0.375,0.25],"tintindex":0,"rotation":270,"texture":"#4"},"north":{"uv":[0.0,0.0,0.375,0.25],"tintindex":0,"rotation":90,"texture":"#4"},"west":{"uv":[5.375,16.0,9.0,12.25],"tintindex":0,"rotation":0,"texture":"#4"},"up":{"uv":[0.375,0.0,0.0,0.25],"tintindex":0,"rotation":270,"texture":"#4"},"down":{"uv":[5.375,12.25,9.0,16.0],"tintindex":0,"rotation":270,"texture":"#4"}}},{"from":[7.4736843,7.315789,-5.4736843],"to":[7.4736843,8.684211,-2.1052628],"faces":{"east":{"uv":[16.0,12.75,11.875,16.0],"tintindex":0,"rotation":0,"texture":"#4"},"south":{"uv":[0.5,0.0,0.0,0.5],"tintindex":0,"rotation":0,"texture":"#4"},"north":{"uv":[0.5,0.0,0.0,0.5],"tintindex":0,"rotation":0,"texture":"#4"},"west":{"uv":[0.125,0.0,0.0,0.25],"tintindex":0,"rotation":0,"texture":"#4"},"up":{"uv":[12.75,16.0,16.0,8.0],"tintindex":0,"rotation":0,"texture":"#4"},"down":{"uv":[12.75,8.0,16.0,16.0],"tintindex":0,"rotation":0,"texture":"#4"}}},{"from":[8.526316,7.1578946,-15.578947],"to":[8.526316,8.842105,-12.2105255],"faces":{"east":{"uv":[0.5,0.0,0.0,0.25],"tintindex":0,"rotation":0,"texture":"#4"},"south":{"uv":[0.0,0.0,0.375,0.125],"tintindex":0,"rotation":0,"texture":"#4"},"north":{"uv":[0.0,0.0,0.375,0.25],"tintindex":0,"rotation":0,"texture":"#4"},"west":{"uv":[2.0,12.25,5.625,16.0],"tintindex":0,"rotation":0,"texture":"#4"},"up":{"uv":[2.0,16.0,5.625,12.25],"tintindex":0,"rotation":90,"texture":"#4"},"down":{"uv":[5.625,12.25,2.0,16.0],"tintindex":0,"rotation":90,"texture":"#4"}}},{"from":[7.368421,7.4736843,-2.1052628],"to":[8.631578,7.4736843,1.2631578],"faces":{"east":{"uv":[13.0,8.0,16.0,16.0],"tintindex":0,"rotation":270,"texture":"#4"},"south":{"uv":[0.5,0.0,0.0,0.5],"tintindex":0,"rotation":270,"texture":"#4"},"north":{"uv":[0.5,0.0,0.0,0.5],"tintindex":0,"rotation":90,"texture":"#4"},"west":{"uv":[13.0,16.0,16.0,8.0],"tintindex":0,"rotation":270,"texture":"#4"},"up":{"uv":[16.0,13.0,13.0,16.0],"tintindex":0,"rotation":270,"texture":"#4"},"down":{"uv":[0.375,0.0,0.0,0.25],"tintindex":0,"rotation":270,"texture":"#4"}}},{"from":[7.4210525,7.4736843,1.2631578],"to":[8.578947,7.4736843,4.631579],"faces":{"east":{"uv":[13.25,8.0,16.0,16.0],"tintindex":0,"rotation":270,"texture":"#4"},"south":{"uv":[0.625,0.0,0.0,0.375],"tintindex":0,"rotation":270,"texture":"#4"},"north":{"uv":[0.625,0.0,0.0,0.375],"tintindex":0,"rotation":90,"texture":"#4"},"west":{"uv":[13.25,16.0,16.0,8.0],"tintindex":0,"rotation":270,"texture":"#4"},"up":{"uv":[16.0,13.25,13.875,16.0],"tintindex":0,"rotation":270,"texture":"#4"},"down":{"uv":[0.625,0.0,0.0,0.25],"tintindex":0,"rotation":270,"texture":"#4"}}},{"from":[7.368421,8.526316,-2.1052628],"to":[8.631578,8.526316,1.2631578],"faces":{"east":{"uv":[16.0,8.0,13.0,16.0],"tintindex":0,"rotation":270,"texture":"#4"},"south":{"uv":[0.0,0.0,0.5,0.5],"tintindex":0,"rotation":270,"texture":"#4"},"north":{"uv":[0.0,0.0,0.5,0.5],"tintindex":0,"rotation":90,"texture":"#4"},"west":{"uv":[16.0,16.0,13.0,8.0],"tintindex":0,"rotation":270,"texture":"#4"},"up":{"uv":[0.0,0.0,0.375,0.25],"tintindex":0,"rotation":270,"texture":"#4"},"down":{"uv":[13.0,13.0,16.0,16.0],"tintindex":0,"rotation":270,"texture":"#4"}}},{"from":[7.263158,7.4736843,-8.842106],"to":[8.736842,7.4736843,-5.4736843],"faces":{"east":{"uv":[12.5,8.0,16.0,16.0],"tintindex":0,"rotation":270,"texture":"#4"},"south":{"uv":[0.5,0.0,0.0,0.375],"tintindex":0,"rotation":270,"texture":"#4"},"north":{"uv":[0.5,0.0,0.0,0.375],"tintindex":0,"rotation":90,"texture":"#4"},"west":{"uv":[12.5,16.0,16.0,8.0],"tintindex":0,"rotation":270,"texture":"#4"},"up":{"uv":[16.0,12.5,10.875,16.0],"tintindex":0,"rotation":270,"texture":"#4"},"down":{"uv":[0.25,0.0,0.0,0.375],"tintindex":0,"rotation":270,"texture":"#4"}}},{"from":[8.526316,7.368421,-2.1052628],"to":[8.526316,8.631578,1.2631578],"faces":{"east":{"uv":[0.0,0.0,0.375,0.25],"tintindex":0,"rotation":0,"texture":"#4"},"south":{"uv":[0.0,0.0,0.5,0.5],"tintindex":0,"rotation":0,"texture":"#4"},"north":{"uv":[0.0,0.0,0.5,0.5],"tintindex":0,"rotation":0,"texture":"#4"},"west":{"uv":[13.0,13.0,16.0,16.0],"tintindex":0,"rotation":0,"texture":"#4"},"up":{"uv":[16.0,16.0,13.0,8.0],"tintindex":0,"rotation":0,"texture":"#4"},"down":{"uv":[16.0,8.0,13.0,16.0],"tintindex":0,"rotation":0,"texture":"#4"}}},{"from":[7.4736843,7.4736843,4.631579],"to":[8.526316,7.4736843,8.0],"faces":{"east":{"uv":[16.0,16.0,13.875,13.5],"tintindex":0,"rotation":0,"texture":"#4"},"south":{"uv":[0.5,0.0,0.0,0.5],"tintindex":0,"rotation":270,"texture":"#4"},"north":{"uv":[0.5,0.0,0.0,0.5],"tintindex":0,"rotation":90,"texture":"#4"},"west":{"uv":[16.0,13.5,13.875,16.0],"tintindex":0,"rotation":0,"texture":"#4"},"up":{"uv":[16.0,13.5,13.875,16.0],"tintindex":0,"rotation":270,"texture":"#4"},"down":{"uv":[0.625,0.0,0.0,0.25],"tintindex":0,"rotation":270,"texture":"#4"}}},{"from":[7.315789,8.526316,-5.4736843],"to":[8.684211,8.526316,-2.1052628],"faces":{"east":{"uv":[16.0,8.0,12.75,16.0],"tintindex":0,"rotation":270,"texture":"#4"},"south":{"uv":[0.0,0.0,0.5,0.5],"tintindex":0,"rotation":270,"texture":"#4"},"north":{"uv":[0.0,0.0,0.5,0.5],"tintindex":0,"rotation":90,"texture":"#4"},"west":{"uv":[16.0,16.0,12.75,8.0],"tintindex":0,"rotation":270,"texture":"#4"},"up":{"uv":[0.0,0.0,0.125,0.25],"tintindex":0,"rotation":270,"texture":"#4"},"down":{"uv":[11.875,12.75,16.0,16.0],"tintindex":0,"rotation":270,"texture":"#4"}}},{"from":[8.526316,7.2105265,-12.2105255],"to":[8.526316,8.789474,-8.842106],"faces":{"east":{"uv":[0.375,0.0,0.0,0.25],"tintindex":0,"rotation":0,"texture":"#4"},"south":{"uv":[0.0,0.0,0.375,0.25],"tintindex":0,"rotation":0,"texture":"#4"},"north":{"uv":[0.0,0.0,0.375,0.25],"tintindex":0,"rotation":0,"texture":"#4"},"west":{"uv":[5.375,12.25,9.0,16.0],"tintindex":0,"rotation":0,"texture":"#4"},"up":{"uv":[5.375,16.0,9.0,12.25],"tintindex":0,"rotation":90,"texture":"#4"},"down":{"uv":[9.0,12.25,5.375,16.0],"tintindex":0,"rotation":90,"texture":"#4"}}},{"from":[7.1578946,8.526316,-15.578947],"to":[8.842105,8.526316,-12.2105255],"faces":{"east":{"uv":[5.625,12.25,2.0,16.0],"tintindex":0,"rotation":0,"texture":"#4"},"south":{"uv":[0.0,0.0,0.375,0.125],"tintindex":0,"rotation":270,"texture":"#4"},"north":{"uv":[0.0,0.0,0.375,0.25],"tintindex":0,"rotation":90,"texture":"#4"},"west":{"uv":[2.0,16.0,5.625,12.25],"tintindex":0,"rotation":0,"texture":"#4"},"up":{"uv":[0.5,0.0,0.0,0.25],"tintindex":0,"rotation":270,"texture":"#4"},"down":{"uv":[2.0,12.25,5.625,16.0],"tintindex":0,"rotation":270,"texture":"#4"}}}],"display":{"gui":{"rotation":[30,225,0]}}}