{"textures":{"0":"modelengine:entity/lrd_witherstorm_head","1":"modelengine:entity/lrd_witherstorm_head_animated"},"elements":[{"from":[3.6666665,1.6666665,-10.666668],"to":[6.0,4.6666665,-9.0],"faces":{"east":{"uv":[8.75,12.9375,9.0625,13.5],"tintindex":0,"rotation":0,"texture":"#0"},"south":{"uv":[2.1875,12.875,2.625,13.4375],"tintindex":0,"rotation":0,"texture":"#0"},"north":{"uv":[1.75,12.8125,2.1875,13.375],"tintindex":0,"rotation":0,"texture":"#0"},"west":{"uv":[9.5625,13.0,9.875,13.5625],"tintindex":0,"rotation":0,"texture":"#0"},"up":{"uv":[13.6875,8.3125,13.25,8.0],"tintindex":0,"rotation":0,"texture":"#0"},"down":{"uv":[4.0,13.375,3.5625,13.6875],"tintindex":0,"rotation":0,"texture":"#0"}},"rotation":{"origin":[4.833333,2.6666665,-9.833334],"angle":45.0,"axis":"y"}},{"from":[12.333334,4.6666665,-2.333334],"to":[25.0,22.666668,-2.333334],"faces":{"south":{"uv":[2.375,0.0,0.0,3.375],"tintindex":0,"rotation":0,"texture":"#1"},"north":{"uv":[0.0,0.0,2.375,3.375],"tintindex":0,"rotation":0,"texture":"#1"}},"rotation":{"origin":[18.666668,13.666667,-2.333334],"angle":-45.0,"axis":"y"}},{"from":[5.0,-0.666667,-0.666667],"to":[17.0,14.666667,11.666667],"faces":{"east":{"uv":[9.1875,2.875,6.875,5.75],"tintindex":0,"rotation":0,"texture":"#0"},"south":{"uv":[7.125,5.75,9.375,8.625],"tintindex":0,"rotation":0,"texture":"#0"},"north":{"uv":[0.0,6.9375,2.25,9.8125],"tintindex":0,"rotation":0,"texture":"#0"},"west":{"uv":[6.875,2.875,9.1875,5.75],"tintindex":0,"rotation":0,"texture":"#0"},"up":{"uv":[11.625,7.5,9.375,5.1875],"tintindex":0,"rotation":0,"texture":"#0"},"down":{"uv":[2.25,9.8125,0.0,12.125],"tintindex":0,"rotation":0,"texture":"#0"}}},{"from":[3.333333,16.333334,-7.0],"to":[11.666667,24.0,-7.0],"faces":{"south":{"uv":[3.0,6.5625,1.4375,8.0],"tintindex":0,"rotation":0,"texture":"#1"},"north":{"uv":[1.4375,6.5625,3.0,8.0],"tintindex":0,"rotation":0,"texture":"#1"}},"rotation":{"origin":[7.5,16.333334,-7.0],"angle":45.0,"axis":"x"}},{"from":[1.6666665,4.6666665,-10.0],"to":[20.666668,12.666667,2.333333],"faces":{"east":{"uv":[5.0,10.8125,7.3125,12.3125],"tintindex":0,"rotation":0,"texture":"#0"},"south":{"uv":[9.1875,3.6875,12.75,5.1875],"tintindex":0,"rotation":0,"texture":"#0"},"north":{"uv":[9.1875,2.1875,12.75,3.6875],"tintindex":0,"rotation":0,"texture":"#0"},"west":{"uv":[7.3125,10.8125,5.0,12.3125],"tintindex":0,"rotation":0,"texture":"#0"},"up":{"uv":[3.5625,6.9375,0.0,4.625],"tintindex":0,"rotation":0,"texture":"#0"},"down":{"uv":[7.125,5.75,3.5625,8.0625],"tintindex":0,"rotation":0,"texture":"#0"}}},{"from":[-2.08782,4.6666665,-6.245516],"to":[-2.08782,16.333334,1.4211512],"faces":{"east":{"uv":[1.4375,5.375,0.0,7.5625],"tintindex":0,"rotation":0,"texture":"#1"},"west":{"uv":[0.0,5.375,1.4375,7.5625],"tintindex":0,"rotation":0,"texture":"#1"}},"rotation":{"origin":[-2.08782,10.5,1.4211512],"angle":-45.0,"axis":"y"}},{"from":[7.0,1.1378069,-12.701933],"to":[9.666667,5.137807,-11.035267],"faces":{"east":{"uv":[2.625,12.875,2.9375,13.625],"tintindex":0,"rotation":0,"texture":"#0"},"south":{"uv":[5.5,12.3125,6.0,13.0625],"tintindex":0,"rotation":0,"texture":"#0"},"north":{"uv":[5.0,12.3125,5.5,13.0625],"tintindex":0,"rotation":0,"texture":"#0"},"west":{"uv":[2.9375,12.875,3.25,13.625],"tintindex":0,"rotation":0,"texture":"#0"},"up":{"uv":[11.625,13.4375,11.125,13.125],"tintindex":0,"rotation":0,"texture":"#0"},"down":{"uv":[13.3125,13.125,12.8125,13.4375],"tintindex":0,"rotation":0,"texture":"#0"}},"rotation":{"origin":[8.333333,3.137807,-11.868599],"angle":22.5,"axis":"x"}},{"from":[3.333333,4.6666665,-11.666668],"to":[19.0,16.333334,3.6666665],"faces":{"east":{"uv":[12.0625,0.0,9.1875,2.1875],"tintindex":0,"rotation":0,"texture":"#0"},"south":{"uv":[5.1875,8.625,8.125,10.8125],"tintindex":0,"rotation":0,"texture":"#0"},"north":{"uv":[2.25,8.0625,5.1875,10.25],"tintindex":0,"rotation":0,"texture":"#0"},"west":{"uv":[9.1875,0.0,12.0625,2.1875],"tintindex":0,"rotation":0,"texture":"#0"},"up":{"uv":[6.875,2.875,3.9375,0.0],"tintindex":0,"rotation":0,"texture":"#0"},"down":{"uv":[6.875,2.875,3.9375,5.75],"tintindex":0,"rotation":0,"texture":"#0"}}},{"from":[7.6666665,16.333334,-10.333334],"to":[15.0,17.666668,3.6666665],"faces":{"east":{"uv":[11.625,7.0,14.25,7.25],"tintindex":0,"rotation":0,"texture":"#0"},"south":{"uv":[5.1875,8.3125,6.5625,8.5625],"tintindex":0,"rotation":0,"texture":"#0"},"north":{"uv":[5.1875,8.0625,6.5625,8.3125],"tintindex":0,"rotation":0,"texture":"#0"},"west":{"uv":[11.625,7.25,14.25,7.5],"tintindex":0,"rotation":0,"texture":"#0"},"up":{"uv":[3.625,12.875,2.25,10.25],"tintindex":0,"rotation":0,"texture":"#0"},"down":{"uv":[5.0,10.25,3.625,12.875],"tintindex":0,"rotation":0,"texture":"#0"}}},{"from":[3.6666665,1.333333,-3.666667],"to":[5.333333,4.6666665,-0.666667],"faces":{"east":{"uv":[7.125,12.3125,7.6875,12.9375],"tintindex":0,"rotation":0,"texture":"#0"},"south":{"uv":[0.3125,12.9375,0.625,13.5625],"tintindex":0,"rotation":0,"texture":"#0"},"north":{"uv":[0.0,12.9375,0.3125,13.5625],"tintindex":0,"rotation":0,"texture":"#0"},"west":{"uv":[7.6875,12.3125,8.25,12.9375],"tintindex":0,"rotation":0,"texture":"#0"},"up":{"uv":[10.8125,13.5625,10.5,13.0],"tintindex":0,"rotation":0,"texture":"#0"},"down":{"uv":[13.3125,12.5625,13.0,13.125],"tintindex":0,"rotation":0,"texture":"#0"}}},{"from":[3.6666665,1.333333,-7.666667],"to":[5.333333,4.6666665,-4.666667],"faces":{"east":{"uv":[6.0,12.3125,6.5625,12.9375],"tintindex":0,"rotation":0,"texture":"#0"},"south":{"uv":[12.875,5.75,13.1875,6.375],"tintindex":0,"rotation":0,"texture":"#0"},"north":{"uv":[12.875,5.125,13.1875,5.75],"tintindex":0,"rotation":0,"texture":"#0"},"west":{"uv":[6.5625,12.3125,7.125,12.9375],"tintindex":0,"rotation":0,"texture":"#0"},"up":{"uv":[10.1875,13.5625,9.875,13.0],"tintindex":0,"rotation":0,"texture":"#0"},"down":{"uv":[10.5,13.0,10.1875,13.5625],"tintindex":0,"rotation":0,"texture":"#0"}}},{"from":[16.666668,1.333333,-7.333334],"to":[18.333334,4.6666665,-4.666667],"faces":{"east":{"uv":[8.75,12.3125,9.25,12.9375],"tintindex":0,"rotation":0,"texture":"#0"},"south":{"uv":[6.0,12.9375,6.3125,13.5625],"tintindex":0,"rotation":0,"texture":"#0"},"north":{"uv":[0.625,12.9375,0.9375,13.5625],"tintindex":0,"rotation":0,"texture":"#0"},"west":{"uv":[12.5625,0.0,13.0625,0.625],"tintindex":0,"rotation":0,"texture":"#0"},"up":{"uv":[13.5,2.125,13.1875,1.625],"tintindex":0,"rotation":0,"texture":"#0"},"down":{"uv":[13.5,3.25,13.1875,3.75],"tintindex":0,"rotation":0,"texture":"#0"}}},{"from":[16.666668,2.0,-3.666667],"to":[18.333334,4.6666665,-0.666667],"faces":{"east":{"uv":[12.5625,0.625,13.125,1.125],"tintindex":0,"rotation":0,"texture":"#0"},"south":{"uv":[13.1875,4.25,13.5,4.75],"tintindex":0,"rotation":0,"texture":"#0"},"north":{"uv":[13.1875,3.75,13.5,4.25],"tintindex":0,"rotation":0,"texture":"#0"},"west":{"uv":[12.5625,1.125,13.125,1.625],"tintindex":0,"rotation":0,"texture":"#0"},"up":{"uv":[13.375,0.5625,13.0625,0.0],"tintindex":0,"rotation":0,"texture":"#0"},"down":{"uv":[5.0625,13.0625,4.75,13.625],"tintindex":0,"rotation":0,"texture":"#0"}}},{"from":[15.666667,1.6666665,-10.333334],"to":[18.666668,4.6666665,-8.666668],"faces":{"east":{"uv":[7.5625,12.9375,7.875,13.5],"tintindex":0,"rotation":0,"texture":"#0"},"south":{"uv":[12.0625,1.625,12.625,2.1875],"tintindex":0,"rotation":0,"texture":"#0"},"north":{"uv":[6.5625,8.0625,7.125,8.625],"tintindex":0,"rotation":0,"texture":"#0"},"west":{"uv":[7.875,12.9375,8.1875,13.5],"tintindex":0,"rotation":0,"texture":"#0"},"up":{"uv":[13.25,8.3125,12.6875,8.0],"tintindex":0,"rotation":0,"texture":"#0"},"down":{"uv":[13.5,10.6875,12.9375,11.0],"tintindex":0,"rotation":0,"texture":"#0"}},"rotation":{"origin":[17.166668,2.6666665,-9.5],"angle":-45.0,"axis":"y"}},{"from":[11.0,1.0,-11.666668],"to":[14.0,4.6666665,-10.0],"faces":{"east":{"uv":[4.125,12.875,4.4375,13.5625],"tintindex":0,"rotation":0,"texture":"#0"},"south":{"uv":[1.5625,12.125,2.125,12.8125],"tintindex":0,"rotation":0,"texture":"#0"},"north":{"uv":[1.0,12.125,1.5625,12.8125],"tintindex":0,"rotation":0,"texture":"#0"},"west":{"uv":[4.4375,12.875,4.75,13.5625],"tintindex":0,"rotation":0,"texture":"#0"},"up":{"uv":[13.5,11.3125,12.9375,11.0],"tintindex":0,"rotation":0,"texture":"#0"},"down":{"uv":[13.5,11.3125,12.9375,11.625],"tintindex":0,"rotation":0,"texture":"#0"}}}],"display":{"gui":{"rotation":[30,225,0]}}}