{"textures":{"0":"modelengine:entity/lrd_witherstorm_head","1":"modelengine:entity/lrd_witherstorm_head_animated"},"elements":[{"from":[15.5,8.083333,1.1666665],"to":[17.166668,10.75,4.1666665],"faces":{"east":{"uv":[11.875,12.5625,12.4375,13.0625],"tintindex":0,"rotation":0,"texture":"#0"},"south":{"uv":[13.1875,11.625,13.5,12.125],"tintindex":0,"rotation":0,"texture":"#0"},"north":{"uv":[13.1875,5.75,13.5,6.25],"tintindex":0,"rotation":0,"texture":"#0"},"west":{"uv":[12.4375,12.5625,13.0,13.0625],"tintindex":0,"rotation":0,"texture":"#0"},"up":{"uv":[6.0,13.625,5.6875,13.0625],"tintindex":0,"rotation":0,"texture":"#0"},"down":{"uv":[12.1875,13.0625,11.875,13.625],"tintindex":0,"rotation":0,"texture":"#0"}}},{"from":[7.1666665,8.083333,-8.166668],"to":[9.5,10.75,-6.5],"faces":{"east":{"uv":[1.75,13.375,2.0625,13.875],"tintindex":0,"rotation":0,"texture":"#0"},"south":{"uv":[3.6875,12.875,4.125,13.375],"tintindex":0,"rotation":0,"texture":"#0"},"north":{"uv":[3.25,12.875,3.6875,13.375],"tintindex":0,"rotation":0,"texture":"#0"},"west":{"uv":[3.25,13.375,3.5625,13.875],"tintindex":0,"rotation":0,"texture":"#0"},"up":{"uv":[13.875,1.4375,13.4375,1.125],"tintindex":0,"rotation":0,"texture":"#0"},"down":{"uv":[2.5,13.4375,2.0625,13.75],"tintindex":0,"rotation":0,"texture":"#0"}}},{"from":[-0.83333397,-4.916667,-6.833334],"to":[9.5,5.083333,-6.833334],"faces":{"south":{"uv":[6.5625,3.375,4.625,5.25],"tintindex":0,"rotation":0,"texture":"#1"},"north":{"uv":[4.625,3.375,6.5625,5.25],"tintindex":0,"rotation":0,"texture":"#1"}}},{"from":[15.5,8.083333,-3.166667],"to":[17.166668,11.083334,-0.5],"faces":{"east":{"uv":[10.875,12.5625,11.375,13.125],"tintindex":0,"rotation":0,"texture":"#0"},"south":{"uv":[5.375,13.0625,5.6875,13.625],"tintindex":0,"rotation":0,"texture":"#0"},"north":{"uv":[5.0625,13.0625,5.375,13.625],"tintindex":0,"rotation":0,"texture":"#0"},"west":{"uv":[11.375,12.5625,11.875,13.125],"tintindex":0,"rotation":0,"texture":"#0"},"up":{"uv":[13.5,5.25,13.1875,4.75],"tintindex":0,"rotation":0,"texture":"#0"},"down":{"uv":[13.5,5.25,13.1875,5.75],"tintindex":0,"rotation":0,"texture":"#0"}}},{"from":[9.166667,-5.583334,-3.833334],"to":[9.166667,5.083333,8.5],"faces":{"east":{"uv":[0.0,3.375,2.3125,5.375],"tintindex":0,"rotation":0,"texture":"#1"},"west":{"uv":[2.3125,3.375,0.0,5.375],"tintindex":0,"rotation":0,"texture":"#1"}}},{"from":[0.833333,8.083333,-8.166668],"to":[2.5,12.416667,-5.5],"faces":{"east":{"uv":[0.0,12.125,0.5,12.9375],"tintindex":0,"rotation":0,"texture":"#0"},"south":{"uv":[1.4375,12.8125,1.75,13.625],"tintindex":0,"rotation":0,"texture":"#0"},"north":{"uv":[9.25,12.3125,9.5625,13.125],"tintindex":0,"rotation":0,"texture":"#0"},"west":{"uv":[0.5,12.125,1.0,12.9375],"tintindex":0,"rotation":0,"texture":"#0"},"up":{"uv":[13.625,13.5625,13.3125,13.0625],"tintindex":0,"rotation":0,"texture":"#0"},"down":{"uv":[13.6875,0.0,13.375,0.5],"tintindex":0,"rotation":0,"texture":"#0"}},"rotation":{"origin":[1.6666665,10.25,-6.833334],"angle":-45.0,"axis":"y"}},{"from":[18.5,-1.25,-3.833334],"to":[18.5,5.083333,8.5],"faces":{"east":{"uv":[3.75,5.375,1.4375,6.5625],"tintindex":0,"rotation":0,"texture":"#1"},"west":{"uv":[1.4375,5.375,3.75,6.5625],"tintindex":0,"rotation":0,"texture":"#1"}},"rotation":{"origin":[18.5,5.083333,2.333333],"angle":22.5,"axis":"z"}},{"from":[-2.5,5.083333,-3.833334],"to":[18.5,8.083333,8.5],"faces":{"east":{"uv":[11.625,6.4375,13.9375,7.0],"tintindex":0,"rotation":0,"texture":"#0"},"south":{"uv":[11.0,9.0,14.9375,9.5625],"tintindex":0,"rotation":0,"texture":"#0"},"north":{"uv":[11.0,8.4375,14.9375,9.0],"tintindex":0,"rotation":0,"texture":"#0"},"west":{"uv":[10.875,11.75,13.1875,12.3125],"tintindex":0,"rotation":0,"texture":"#0"},"up":{"uv":[3.9375,2.3125,0.0,0.0],"tintindex":0,"rotation":0,"texture":"#0"},"down":{"uv":[3.9375,2.3125,0.0,4.625],"tintindex":0,"rotation":0,"texture":"#0"}}},{"from":[-1.833334,8.083333,-3.166667],"to":[-0.16666698,11.083334,-0.5],"faces":{"east":{"uv":[12.75,2.125,13.25,2.6875],"tintindex":0,"rotation":0,"texture":"#0"},"south":{"uv":[9.0625,13.125,9.375,13.6875],"tintindex":0,"rotation":0,"texture":"#0"},"north":{"uv":[13.125,0.5625,13.4375,1.125],"tintindex":0,"rotation":0,"texture":"#0"},"west":{"uv":[12.75,2.6875,13.25,3.25],"tintindex":0,"rotation":0,"texture":"#0"},"up":{"uv":[13.5625,8.0,13.25,7.5],"tintindex":0,"rotation":0,"texture":"#0"},"down":{"uv":[13.625,12.5625,13.3125,13.0625],"tintindex":0,"rotation":0,"texture":"#0"}}},{"from":[14.166667,8.083333,-8.166668],"to":[15.833334,12.416667,-5.5],"faces":{"east":{"uv":[12.0625,0.0,12.5625,0.8125],"tintindex":0,"rotation":0,"texture":"#0"},"south":{"uv":[3.1875,6.9375,3.5,7.75],"tintindex":0,"rotation":0,"texture":"#0"},"north":{"uv":[3.5625,4.625,3.875,5.4375],"tintindex":0,"rotation":0,"texture":"#0"},"west":{"uv":[12.0625,0.8125,12.5625,1.625],"tintindex":0,"rotation":0,"texture":"#0"},"up":{"uv":[13.4375,1.625,13.125,1.125],"tintindex":0,"rotation":0,"texture":"#0"},"down":{"uv":[11.125,13.125,10.8125,13.625],"tintindex":0,"rotation":0,"texture":"#0"}},"rotation":{"origin":[15.0,10.25,-6.833334],"angle":45.0,"axis":"y"}},{"from":[10.166667,8.083333,-8.166668],"to":[12.5,11.416667,-6.5],"faces":{"east":{"uv":[6.3125,12.9375,6.625,13.5625],"tintindex":0,"rotation":0,"texture":"#0"},"south":{"uv":[12.75,3.875,13.1875,4.5],"tintindex":0,"rotation":0,"texture":"#0"},"north":{"uv":[12.75,3.25,13.1875,3.875],"tintindex":0,"rotation":0,"texture":"#0"},"west":{"uv":[6.625,12.9375,6.9375,13.5625],"tintindex":0,"rotation":0,"texture":"#0"},"up":{"uv":[13.8125,12.4375,13.375,12.125],"tintindex":0,"rotation":0,"texture":"#0"},"down":{"uv":[13.875,0.5,13.4375,0.8125],"tintindex":0,"rotation":0,"texture":"#0"}}},{"from":[4.1666665,8.083333,-8.166668],"to":[6.5,11.416667,-6.5],"faces":{"east":{"uv":[6.9375,12.9375,7.25,13.5625],"tintindex":0,"rotation":0,"texture":"#0"},"south":{"uv":[1.0,12.8125,1.4375,13.4375],"tintindex":0,"rotation":0,"texture":"#0"},"north":{"uv":[12.75,4.5,13.1875,5.125],"tintindex":0,"rotation":0,"texture":"#0"},"west":{"uv":[7.25,12.9375,7.5625,13.5625],"tintindex":0,"rotation":0,"texture":"#0"},"up":{"uv":[13.875,1.125,13.4375,0.8125],"tintindex":0,"rotation":0,"texture":"#0"},"down":{"uv":[1.375,13.4375,0.9375,13.75],"tintindex":0,"rotation":0,"texture":"#0"}}},{"from":[-1.5,8.083333,1.1666665],"to":[0.16666651,10.75,4.1666665],"faces":{"east":{"uv":[12.625,1.625,13.1875,2.125],"tintindex":0,"rotation":0,"texture":"#0"},"south":{"uv":[13.25,2.625,13.5625,3.125],"tintindex":0,"rotation":0,"texture":"#0"},"north":{"uv":[13.25,2.125,13.5625,2.625],"tintindex":0,"rotation":0,"texture":"#0"},"west":{"uv":[12.6875,7.5,13.25,8.0],"tintindex":0,"rotation":0,"texture":"#0"},"up":{"uv":[12.5,13.625,12.1875,13.0625],"tintindex":0,"rotation":0,"texture":"#0"},"down":{"uv":[12.8125,13.0625,12.5,13.625],"tintindex":0,"rotation":0,"texture":"#0"}}},{"from":[-0.83333397,5.083333,-8.833334],"to":[16.833334,8.083333,-3.833334],"faces":{"east":{"uv":[2.25,6.9375,3.1875,7.5],"tintindex":0,"rotation":0,"texture":"#0"},"south":{"uv":[11.0,10.125,14.3125,10.6875],"tintindex":0,"rotation":0,"texture":"#0"},"north":{"uv":[11.0,9.5625,14.3125,10.125],"tintindex":0,"rotation":0,"texture":"#0"},"west":{"uv":[2.25,7.5,3.1875,8.0625],"tintindex":0,"rotation":0,"texture":"#0"},"up":{"uv":[12.6875,8.4375,9.375,7.5],"tintindex":0,"rotation":0,"texture":"#0"},"down":{"uv":[12.9375,10.8125,9.625,11.75],"tintindex":0,"rotation":0,"texture":"#0"}}},{"from":[-2.5,-1.25,-3.833334],"to":[-2.5,5.083333,8.5],"faces":{"east":{"uv":[8.375,6.4375,6.0625,7.625],"tintindex":0,"rotation":0,"texture":"#1"},"west":{"uv":[6.0625,6.4375,8.375,7.625],"tintindex":0,"rotation":0,"texture":"#1"}},"rotation":{"origin":[-2.5,5.083333,2.333333],"angle":-22.5,"axis":"z"}}],"display":{"gui":{"rotation":[30,225,0]}}}