{"textures":{"3":"modelengine:entity/lrd_witherstorm_tentacle"},"elements":[{"from":[8.25,-1.125,1.125],"to":[8.25,4.375,20.624998],"faces":{"east":{"uv":[10.0625,6.375,7.625,5.6875],"tintindex":0,"rotation":0,"texture":"#3"},"west":{"uv":[7.625,6.375,10.0625,5.6875],"tintindex":0,"rotation":0,"texture":"#3"}}},{"from":[3.75,4.375,-6.875],"to":[11.75,12.375,23.124998],"faces":{"east":{"uv":[2.25,3.25,6.0,2.25],"tintindex":0,"rotation":0,"texture":"#3"},"south":{"uv":[2.625,9.0,3.625,8.0],"tintindex":0,"rotation":0,"texture":"#3"},"north":{"uv":[1.625,9.0,2.625,8.0],"tintindex":0,"rotation":0,"texture":"#3"},"west":{"uv":[6.0,3.25,2.25,2.25],"tintindex":0,"rotation":0,"texture":"#3"},"up":{"uv":[4.25,8.0,3.25,4.25],"tintindex":0,"rotation":0,"texture":"#3"},"down":{"uv":[3.25,4.25,4.25,8.0],"tintindex":0,"rotation":0,"texture":"#3"}}}],"display":{"gui":{"rotation":[30,225,0]}}}