{"textures":{"3":"modelengine:entity/lrd_witherstorm_tentacle"},"elements":[{"from":[4.5,4.5,-7.0],"to":[11.5,11.5,23.0],"faces":{"east":{"uv":[3.75,0.0,7.5,0.875],"tintindex":0,"rotation":0,"texture":"#3"},"south":{"uv":[4.5,8.0,5.375,8.875],"tintindex":0,"rotation":0,"texture":"#3"},"north":{"uv":[3.625,8.0,4.5,8.875],"tintindex":0,"rotation":0,"texture":"#3"},"west":{"uv":[7.5,0.0,3.75,0.875],"tintindex":0,"rotation":0,"texture":"#3"},"up":{"uv":[5.125,8.0,6.0,4.25],"tintindex":0,"rotation":0,"texture":"#3"},"down":{"uv":[6.0,4.25,5.125,8.0],"tintindex":0,"rotation":0,"texture":"#3"}}}],"display":{"gui":{"rotation":[30,225,0]}}}