{"textures":{"3":"modelengine:entity/lrd_witherstorm_tentacle"},"elements":[{"from":[-3.7507286,10.187607,-6.999996],"to":[2.7492714,10.187607,23.0],"faces":{"up":{"uv":[6.0,4.1875,9.75,5.0],"tintindex":0,"rotation":90,"texture":"#3"},"down":{"uv":[9.75,4.1875,6.0,5.0],"tintindex":0,"rotation":90,"texture":"#3"}},"rotation":{"origin":[9.12697,6.8730316,8.0],"angle":-22.5,"axis":"z"}},{"from":[13.50337,6.876404,-6.999996],"to":[20.00337,6.876404,23.0],"faces":{"up":{"uv":[9.75,1.75,6.0,2.5625],"tintindex":0,"rotation":90,"texture":"#3"},"down":{"uv":[6.0,1.75,9.75,2.5625],"tintindex":0,"rotation":90,"texture":"#3"}}},{"from":[8.50337,-3.1235962,-6.999996],"to":[8.50337,3.3764038,23.0],"faces":{"east":{"uv":[0.0,9.75,0.8125,6.0],"tintindex":0,"rotation":90,"texture":"#3"},"west":{"uv":[0.0,6.0,0.8125,9.75],"tintindex":0,"rotation":90,"texture":"#3"}}},{"from":[4.5033703,3.3764038,-6.999996],"to":[13.50337,12.376404,23.0],"faces":{"east":{"uv":[0.0,0.0,3.75,1.125],"tintindex":0,"rotation":0,"texture":"#3"},"south":{"uv":[7.625,7.5,8.75,8.625],"tintindex":0,"rotation":0,"texture":"#3"},"north":{"uv":[7.625,6.375,8.75,7.5],"tintindex":0,"rotation":0,"texture":"#3"},"west":{"uv":[3.75,0.0,0.0,1.125],"tintindex":0,"rotation":0,"texture":"#3"},"up":{"uv":[1.125,6.0,0.0,2.25],"tintindex":0,"rotation":0,"texture":"#3"},"down":{"uv":[0.0,2.25,1.125,6.0],"tintindex":0,"rotation":0,"texture":"#3"}}}],"display":{"gui":{"rotation":[30,225,0]}}}