{"textures":{"3":"modelengine:entity/lrd_witherstorm_tentacle"},"elements":[{"from":[-1.9966278,7.376404,-6.999999],"to":[4.503372,7.376404,23.0],"faces":{"up":{"uv":[0.8125,9.75,0.0,6.0],"tintindex":0,"rotation":0,"texture":"#3"},"down":{"uv":[0.0,6.0,0.8125,9.75],"tintindex":0,"rotation":0,"texture":"#3"}}},{"from":[4.503372,3.3764038,-6.999999],"to":[13.503372,12.376404,23.0],"faces":{"east":{"uv":[0.0,0.0,3.75,1.125],"tintindex":0,"rotation":0,"texture":"#3"},"south":{"uv":[7.625,7.5,8.75,8.625],"tintindex":0,"rotation":0,"texture":"#3"},"north":{"uv":[7.625,6.375,8.75,7.5],"tintindex":0,"rotation":0,"texture":"#3"},"west":{"uv":[3.75,0.0,0.0,1.125],"tintindex":0,"rotation":0,"texture":"#3"},"up":{"uv":[1.125,6.0,0.0,2.25],"tintindex":0,"rotation":0,"texture":"#3"},"down":{"uv":[0.0,2.25,1.125,6.0],"tintindex":0,"rotation":0,"texture":"#3"}}},{"from":[8.003372,12.376404,-6.999999],"to":[8.003372,18.876404,23.0],"faces":{"east":{"uv":[6.0,1.75,9.75,2.5625],"tintindex":0,"rotation":0,"texture":"#3"},"west":{"uv":[9.75,1.75,6.0,2.5625],"tintindex":0,"rotation":0,"texture":"#3"}}},{"from":[11.314575,-4.877701,-6.999999],"to":[11.314575,1.6222992,23.0],"faces":{"east":{"uv":[9.75,4.1875,6.0,5.0],"tintindex":0,"rotation":0,"texture":"#3"},"west":{"uv":[6.0,4.1875,9.75,5.0],"tintindex":0,"rotation":0,"texture":"#3"}},"rotation":{"origin":[8.0,8.0,8.0],"angle":22.5,"axis":"z"}}],"display":{"gui":{"rotation":[30,225,0]}}}