{"textures":{"0":"modelengine:entity/lorebun_copy_nometa"},"elements":[{"from":[7.561431,5.125,6.9260693],"to":[9.211431,8.224999,8.876069],"faces":{"east":{"uv":[4.0,9.0,4.25,9.75],"tintindex":0,"rotation":0,"texture":"#0"},"south":{"uv":[4.75,9.0,5.0,9.75],"tintindex":0,"rotation":0,"texture":"#0"},"north":{"uv":[4.25,9.0,4.5,9.75],"tintindex":0,"rotation":0,"texture":"#0"},"west":{"uv":[4.5,9.0,4.75,9.75],"tintindex":0,"rotation":0,"texture":"#0"},"up":{"uv":[4.5,9.0,4.25,8.75],"tintindex":0,"rotation":0,"texture":"#0"},"down":{"uv":[4.75,8.75,4.5,9.0],"tintindex":0,"rotation":0,"texture":"#0"}}},{"from":[7.5114307,5.375,6.876069],"to":[9.261431,6.225,8.926069],"faces":{"up":{"uv":[1.75,2.25,1.5,1.75],"tintindex":0,"rotation":0,"texture":"#0"},"down":{"uv":[2.0,1.75,1.75,2.25],"tintindex":0,"rotation":0,"texture":"#0"}}}],"display":{"gui":{"rotation":[30,225,0]}}}