{"textures":{"0":"modelengine:entity/lorebun_copy_nometa"},"elements":[{"from":[6.7885695,5.125,6.9260693],"to":[8.438569,8.224999,8.876069],"faces":{"east":{"uv":[0.0,5.75,0.25,6.5],"tintindex":0,"rotation":0,"texture":"#0"},"south":{"uv":[0.75,5.75,1.0,6.5],"tintindex":0,"rotation":0,"texture":"#0"},"north":{"uv":[0.25,5.75,0.5,6.5],"tintindex":0,"rotation":0,"texture":"#0"},"west":{"uv":[0.5,5.75,0.75,6.5],"tintindex":0,"rotation":0,"texture":"#0"},"up":{"uv":[0.5,5.75,0.25,5.5],"tintindex":0,"rotation":0,"texture":"#0"},"down":{"uv":[0.75,5.5,0.5,5.75],"tintindex":0,"rotation":0,"texture":"#0"}}},{"from":[6.7385693,5.375,6.876069],"to":[8.488569,6.225,8.926069],"faces":{"up":{"uv":[1.75,1.25,1.5,0.75],"tintindex":0,"rotation":0,"texture":"#0"},"down":{"uv":[2.0,0.75,1.75,1.25],"tintindex":0,"rotation":0,"texture":"#0"}}}],"display":{"gui":{"rotation":[30,225,0]}}}