{"textures":{"0":"modelengine:entity/lorebun_copy_nometa"},"elements":[{"from":[6.425,7.6975,12.5625],"to":[9.525,8.2475,13.3125],"faces":{"east":{"uv":[0.75,0.0,0.0,0.25],"tintindex":0,"rotation":0,"texture":"#0"},"south":{"uv":[0.75,0.0,0.0,0.25],"tintindex":0,"rotation":0,"texture":"#0"},"north":{"uv":[0.75,0.0,0.0,0.25],"tintindex":0,"rotation":0,"texture":"#0"},"west":{"uv":[0.75,0.0,0.0,0.25],"tintindex":0,"rotation":0,"texture":"#0"},"up":{"uv":[0.75,0.0,0.0,0.25],"tintindex":0,"rotation":0,"texture":"#0"},"down":{"uv":[0.75,0.0,0.0,0.25],"tintindex":0,"rotation":0,"texture":"#0"}}},{"from":[6.5,8.0,7.625],"to":[9.5,8.0,12.625],"faces":{"up":{"uv":[5.0,2.5,4.25,1.25],"tintindex":0,"rotation":0,"texture":"#0"},"down":{"uv":[5.75,1.25,5.0,2.5],"tintindex":0,"rotation":0,"texture":"#0"}}}],"display":{"gui":{"rotation":[30,225,0]}}}