{"textures":{"0":"modelengine:entity/lorebun_copy_nometa"},"elements":[{"from":[6.75,8.0,7.75],"to":[9.25,8.0,17.25],"faces":{"up":{"uv":[3.75,2.25,3.25,0.0],"tintindex":0,"rotation":0,"texture":"#0"},"down":{"uv":[4.25,0.0,3.75,2.25],"tintindex":0,"rotation":0,"texture":"#0"}}},{"from":[6.475,7.6975,16.75],"to":[9.575,8.2475,17.5],"faces":{"east":{"uv":[0.75,0.0,0.0,0.25],"tintindex":0,"rotation":0,"texture":"#0"},"south":{"uv":[0.75,0.0,0.0,0.25],"tintindex":0,"rotation":0,"texture":"#0"},"north":{"uv":[0.75,0.0,0.0,0.25],"tintindex":0,"rotation":0,"texture":"#0"},"west":{"uv":[0.75,0.0,0.0,0.25],"tintindex":0,"rotation":0,"texture":"#0"},"up":{"uv":[0.75,0.0,0.0,0.25],"tintindex":0,"rotation":0,"texture":"#0"},"down":{"uv":[0.75,0.0,0.0,0.25],"tintindex":0,"rotation":0,"texture":"#0"}}}],"display":{"gui":{"rotation":[30,225,0]}}}