{"textures":{"0":"modelengine:entity/lorebun_copy_nometa"},"elements":[{"from":[6.75,8.0,5.25],"to":[9.25,9.0,5.75],"faces":{"south":{"uv":[4.5,3.0,5.0,3.25],"tintindex":0,"rotation":0,"texture":"#0"},"north":{"uv":[4.0,3.0,4.5,3.25],"tintindex":0,"rotation":0,"texture":"#0"}}},{"from":[6.0,7.5,5.75],"to":[10.0,11.0,9.75],"faces":{"east":{"uv":[0.0,6.5,1.0,7.25],"tintindex":0,"rotation":0,"texture":"#0"},"south":{"uv":[3.0,6.5,4.0,7.25],"tintindex":0,"rotation":0,"texture":"#0"},"north":{"uv":[1.0,6.5,2.0,7.25],"tintindex":0,"rotation":0,"texture":"#0"},"west":{"uv":[2.0,6.5,3.0,7.25],"tintindex":0,"rotation":0,"texture":"#0"},"up":{"uv":[2.0,6.5,1.0,5.5],"tintindex":0,"rotation":0,"texture":"#0"},"down":{"uv":[3.0,5.5,2.0,6.5],"tintindex":0,"rotation":0,"texture":"#0"}}},{"from":[6.25,11.0,6.0],"to":[9.75,11.5,9.5],"faces":{"up":{"uv":[1.5,0.75,0.75,0.0],"tintindex":0,"rotation":0,"texture":"#0"},"down":{"uv":[2.25,0.0,1.5,0.75],"tintindex":0,"rotation":0,"texture":"#0"}}},{"from":[7.5,9.0,5.25],"to":[8.5,9.5,5.75],"faces":{"east":{"uv":[0.25,1.75,0.5,2.0],"tintindex":0,"rotation":0,"texture":"#0"},"south":{"uv":[0.25,1.75,0.5,2.0],"tintindex":0,"rotation":0,"texture":"#0"},"north":{"uv":[0.25,1.75,0.5,2.0],"tintindex":0,"rotation":0,"texture":"#0"},"west":{"uv":[0.25,1.75,0.5,2.0],"tintindex":0,"rotation":0,"texture":"#0"},"up":{"uv":[0.25,1.75,0.5,2.0],"tintindex":0,"rotation":0,"texture":"#0"},"down":{"uv":[0.25,1.75,0.5,2.0],"tintindex":0,"rotation":0,"texture":"#0"}}}],"display":{"gui":{"rotation":[30,225,0]}}}