{"textures":{"0":"modelengine:entity/lorebun_copy_nometa"},"elements":[{"from":[6.4666667,6.409192,3.6583333],"to":[9.566667,8.009192,5.9083333],"faces":{"east":{"uv":[6.75,8.5,7.25,8.75],"tintindex":0,"rotation":0,"texture":"#0"},"south":{"uv":[8.5,8.5,9.25,8.75],"tintindex":0,"rotation":0,"texture":"#0"},"north":{"uv":[7.25,8.5,8.0,8.75],"tintindex":0,"rotation":0,"texture":"#0"},"west":{"uv":[8.0,8.5,8.5,8.75],"tintindex":0,"rotation":0,"texture":"#0"},"up":{"uv":[8.0,8.5,7.25,8.0],"tintindex":0,"rotation":0,"texture":"#0"},"down":{"uv":[8.75,8.0,8.0,8.5],"tintindex":0,"rotation":0,"texture":"#0"}}},{"from":[6.666667,6.418333,4.857961],"to":[9.366667,7.8683333,8.8079605],"faces":{"east":{"uv":[7.75,6.0,8.5,6.25],"tintindex":0,"rotation":0,"texture":"#0"},"south":{"uv":[9.75,6.0,10.25,6.25],"tintindex":0,"rotation":0,"texture":"#0"},"north":{"uv":[8.5,6.0,9.0,6.25],"tintindex":0,"rotation":0,"texture":"#0"},"west":{"uv":[9.0,6.0,9.75,6.25],"tintindex":0,"rotation":0,"texture":"#0"},"up":{"uv":[9.0,6.0,8.5,5.25],"tintindex":0,"rotation":0,"texture":"#0"},"down":{"uv":[9.5,5.25,9.0,6.0],"tintindex":0,"rotation":0,"texture":"#0"}}},{"from":[6.7666664,6.49511,6.1886635],"to":[9.266666,8.99511,8.6886635],"faces":{"east":{"uv":[5.0,9.0,5.5,9.5],"tintindex":0,"rotation":0,"texture":"#0"},"south":{"uv":[6.5,9.0,7.0,9.5],"tintindex":0,"rotation":0,"texture":"#0"},"north":{"uv":[5.5,9.0,6.0,9.5],"tintindex":0,"rotation":0,"texture":"#0"},"west":{"uv":[6.0,9.0,6.5,9.5],"tintindex":0,"rotation":0,"texture":"#0"},"up":{"uv":[6.0,9.0,5.5,8.5],"tintindex":0,"rotation":0,"texture":"#0"},"down":{"uv":[6.5,8.5,6.0,9.0],"tintindex":0,"rotation":0,"texture":"#0"}}}],"display":{"gui":{"rotation":[30,225,0]}}}