{"textures":{"0":"modelengine:entity/lorebun_copy_nometa"},"elements":[{"from":[6.6475,6.653881,6.1817613],"to":[9.377501,9.653881,9.831761],"faces":{"east":{"uv":[7.25,3.0,8.0,3.75],"tintindex":0,"rotation":0,"texture":"#0"},"south":{"uv":[9.25,3.0,9.75,3.75],"tintindex":0,"rotation":0,"texture":"#0"},"north":{"uv":[8.0,3.0,8.5,3.75],"tintindex":0,"rotation":0,"texture":"#0"},"west":{"uv":[8.5,3.0,9.25,3.75],"tintindex":0,"rotation":0,"texture":"#0"},"up":{"uv":[8.5,3.0,8.0,2.25],"tintindex":0,"rotation":0,"texture":"#0"},"down":{"uv":[9.0,2.25,8.5,3.0],"tintindex":0,"rotation":0,"texture":"#0"}},"rotation":{"origin":[8.0125,8.153881,7.4567614],"angle":0.0,"axis":"x"}},{"from":[7.0375004,4.2859178,7.0507026],"to":[8.9375,7.835918,8.950703],"faces":{"east":{"uv":[0.0,4.0,0.25,4.75],"tintindex":0,"rotation":0,"texture":"#0"},"south":{"uv":[0.75,4.0,1.0,4.75],"tintindex":0,"rotation":0,"texture":"#0"},"north":{"uv":[0.25,4.0,0.5,4.75],"tintindex":0,"rotation":0,"texture":"#0"},"west":{"uv":[0.5,4.0,0.75,4.75],"tintindex":0,"rotation":0,"texture":"#0"},"up":{"uv":[0.5,4.0,0.25,3.75],"tintindex":0,"rotation":0,"texture":"#0"},"down":{"uv":[0.75,3.75,0.5,4.0],"tintindex":0,"rotation":0,"texture":"#0"}}}],"display":{"gui":{"rotation":[30,225,0]}}}