{"textures":{"0":"modelengine:entity/lorebun_copy_nometa"},"elements":[{"from":[6.4,6.75,6.6],"to":[9.0,7.75,9.4],"faces":{"east":{"uv":[1.5,10.0,2.25,10.25],"tintindex":0,"rotation":0,"texture":"#0"},"south":{"uv":[2.25,10.0,3.0,10.25],"tintindex":0,"rotation":0,"texture":"#0"},"north":{"uv":[0.75,10.0,1.5,10.25],"tintindex":0,"rotation":0,"texture":"#0"},"west":{"uv":[0.0,10.0,0.75,10.25],"tintindex":0,"rotation":0,"texture":"#0"},"up":{"uv":[9.75,0.5,9.25,0.0],"tintindex":0,"rotation":0,"texture":"#0"},"down":{"uv":[10.25,0.0,9.75,0.5],"tintindex":0,"rotation":0,"texture":"#0"}}},{"from":[6.9,5.1500006,7.1],"to":[8.35,7.75,8.85],"faces":{"east":{"uv":[7.0,9.0,7.25,9.5],"tintindex":0,"rotation":0,"texture":"#0"},"south":{"uv":[7.75,9.0,8.0,9.5],"tintindex":0,"rotation":0,"texture":"#0"},"north":{"uv":[7.25,9.0,7.5,9.5],"tintindex":0,"rotation":0,"texture":"#0"},"west":{"uv":[7.5,9.0,7.75,9.5],"tintindex":0,"rotation":0,"texture":"#0"},"up":{"uv":[7.5,9.0,7.25,8.75],"tintindex":0,"rotation":0,"texture":"#0"},"down":{"uv":[7.75,8.75,7.5,9.0],"tintindex":0,"rotation":0,"texture":"#0"}}},{"from":[6.65,7.75,7.0],"to":[9.0,8.35,9.0],"faces":{"up":{"uv":[4.5,3.0,4.0,2.5],"tintindex":0,"rotation":0,"texture":"#0"},"down":{"uv":[5.0,2.5,4.5,3.0],"tintindex":0,"rotation":0,"texture":"#0"}}}],"display":{"gui":{"rotation":[30,225,0]}}}