{"textures":{"0":"modelengine:entity/lorebun_copy_nometa"},"elements":[{"from":[7.25,6.0000005,10.175],"to":[8.75,7.5000005,11.375],"faces":{"east":{"uv":[3.75,4.75,4.0,5.0],"tintindex":0,"rotation":0,"texture":"#0"},"south":{"uv":[4.5,4.75,4.75,5.0],"tintindex":0,"rotation":0,"texture":"#0"},"north":{"uv":[4.0,4.75,4.25,5.0],"tintindex":0,"rotation":0,"texture":"#0"},"west":{"uv":[4.25,4.75,4.5,5.0],"tintindex":0,"rotation":0,"texture":"#0"},"up":{"uv":[4.25,4.75,4.0,4.5],"tintindex":0,"rotation":0,"texture":"#0"},"down":{"uv":[4.5,4.5,4.25,4.75],"tintindex":0,"rotation":0,"texture":"#0"}}},{"from":[5.05,8.25,5.375],"to":[10.95,8.75,10.425],"faces":{"up":{"uv":[5.5,1.25,4.25,0.0],"tintindex":0,"rotation":0,"texture":"#0"},"down":{"uv":[6.75,0.0,5.5,1.25],"tintindex":0,"rotation":0,"texture":"#0"}}},{"from":[5.0,5.5000005,5.575],"to":[11.0,8.25,10.375],"faces":{"east":{"uv":[0.0,3.25,1.0,3.75],"tintindex":0,"rotation":0,"texture":"#0"},"south":{"uv":[3.5,3.25,5.0,3.75],"tintindex":0,"rotation":0,"texture":"#0"},"north":{"uv":[1.0,3.25,2.5,3.75],"tintindex":0,"rotation":0,"texture":"#0"},"west":{"uv":[2.5,3.25,3.5,3.75],"tintindex":0,"rotation":0,"texture":"#0"},"up":{"uv":[2.5,3.25,1.0,2.25],"tintindex":0,"rotation":0,"texture":"#0"},"down":{"uv":[4.0,2.25,2.5,3.25],"tintindex":0,"rotation":0,"texture":"#0"}}}],"display":{"gui":{"rotation":[30,225,0]}}}