{"textures":{"0":"modelengine:entity/lorebun_copy_nometa"},"elements":[{"from":[7.0,7.5,7.0],"to":[9.35,8.1,9.0],"faces":{"up":{"uv":[1.0,2.25,0.5,1.75],"tintindex":0,"rotation":0,"texture":"#0"},"down":{"uv":[1.5,1.75,1.0,2.25],"tintindex":0,"rotation":0,"texture":"#0"}}},{"from":[7.0,6.5,6.6],"to":[9.6,7.5,9.4],"faces":{"east":{"uv":[0.0,10.0,0.75,10.25],"tintindex":0,"rotation":0,"texture":"#0"},"south":{"uv":[2.25,10.0,3.0,10.25],"tintindex":0,"rotation":0,"texture":"#0"},"north":{"uv":[0.75,10.0,1.5,10.25],"tintindex":0,"rotation":0,"texture":"#0"},"west":{"uv":[1.5,10.0,2.25,10.25],"tintindex":0,"rotation":0,"texture":"#0"},"up":{"uv":[1.0,9.25,0.5,8.75],"tintindex":0,"rotation":0,"texture":"#0"},"down":{"uv":[1.5,8.75,1.0,9.25],"tintindex":0,"rotation":0,"texture":"#0"}}},{"from":[7.65,4.9000006,7.1],"to":[9.1,7.5,8.85],"faces":{"east":{"uv":[8.75,4.0,9.0,4.5],"tintindex":0,"rotation":0,"texture":"#0"},"south":{"uv":[9.5,4.0,9.75,4.5],"tintindex":0,"rotation":0,"texture":"#0"},"north":{"uv":[9.0,4.0,9.25,4.5],"tintindex":0,"rotation":0,"texture":"#0"},"west":{"uv":[9.25,4.0,9.5,4.5],"tintindex":0,"rotation":0,"texture":"#0"},"up":{"uv":[9.25,4.0,9.0,3.75],"tintindex":0,"rotation":0,"texture":"#0"},"down":{"uv":[9.5,3.75,9.25,4.0],"tintindex":0,"rotation":0,"texture":"#0"}}}],"display":{"gui":{"rotation":[30,225,0]}}}