{"textures":{"0":"modelengine:entity/lorebun_copy_nometa"},"elements":[{"from":[6.35,6.3500004,5.3999996],"to":[9.65,9.65,10.6],"faces":{"east":{"uv":[3.75,3.75,5.0,4.5],"tintindex":0,"rotation":0,"texture":"#0"},"south":{"uv":[7.0,3.75,7.75,4.5],"tintindex":0,"rotation":0,"texture":"#0"},"north":{"uv":[5.0,3.75,5.75,4.5],"tintindex":0,"rotation":0,"texture":"#0"},"west":{"uv":[5.75,3.75,7.0,4.5],"tintindex":0,"rotation":0,"texture":"#0"},"up":{"uv":[5.75,3.75,5.0,2.5],"tintindex":0,"rotation":0,"texture":"#0"},"down":{"uv":[6.5,2.5,5.75,3.75],"tintindex":0,"rotation":0,"texture":"#0"}}}],"display":{"gui":{"rotation":[30,225,0]}}}