{"textures":{"0":"modelengine:entity/lorebun_copy_nometa"},"elements":[{"from":[6.4333334,6.409192,3.6583333],"to":[9.533333,8.009192,5.9083333],"faces":{"east":{"uv":[4.75,8.25,5.25,8.5],"tintindex":0,"rotation":0,"texture":"#0"},"south":{"uv":[6.5,8.25,7.25,8.5],"tintindex":0,"rotation":0,"texture":"#0"},"north":{"uv":[5.25,8.25,6.0,8.5],"tintindex":0,"rotation":0,"texture":"#0"},"west":{"uv":[6.0,8.25,6.5,8.5],"tintindex":0,"rotation":0,"texture":"#0"},"up":{"uv":[6.0,8.25,5.25,7.75],"tintindex":0,"rotation":0,"texture":"#0"},"down":{"uv":[6.75,7.75,6.0,8.25],"tintindex":0,"rotation":0,"texture":"#0"}}},{"from":[6.7333336,6.49511,6.1886635],"to":[9.233334,8.99511,8.6886635],"faces":{"east":{"uv":[0.0,1.25,0.5,1.75],"tintindex":0,"rotation":0,"texture":"#0"},"south":{"uv":[1.5,1.25,2.0,1.75],"tintindex":0,"rotation":0,"texture":"#0"},"north":{"uv":[0.5,1.25,1.0,1.75],"tintindex":0,"rotation":0,"texture":"#0"},"west":{"uv":[1.0,1.25,1.5,1.75],"tintindex":0,"rotation":0,"texture":"#0"},"up":{"uv":[1.0,1.25,0.5,0.75],"tintindex":0,"rotation":0,"texture":"#0"},"down":{"uv":[1.5,0.75,1.0,1.25],"tintindex":0,"rotation":0,"texture":"#0"}}},{"from":[6.633333,6.418333,4.857961],"to":[9.333333,7.8683333,8.8079605],"faces":{"east":{"uv":[3.0,8.5,3.75,8.75],"tintindex":0,"rotation":0,"texture":"#0"},"south":{"uv":[5.0,8.5,5.5,8.75],"tintindex":0,"rotation":0,"texture":"#0"},"north":{"uv":[3.75,8.5,4.25,8.75],"tintindex":0,"rotation":0,"texture":"#0"},"west":{"uv":[4.25,8.5,5.0,8.75],"tintindex":0,"rotation":0,"texture":"#0"},"up":{"uv":[4.25,8.5,3.75,7.75],"tintindex":0,"rotation":0,"texture":"#0"},"down":{"uv":[4.75,7.75,4.25,8.5],"tintindex":0,"rotation":0,"texture":"#0"}}}],"display":{"gui":{"rotation":[30,225,0]}}}