{"textures":{"0":"modelengine:entity/lorebun_copy_nometa"},"elements":[{"from":[6.6225,6.653881,6.1817613],"to":[9.3525,9.653881,9.831761],"faces":{"east":{"uv":[7.0,4.5,7.75,5.25],"tintindex":0,"rotation":0,"texture":"#0"},"south":{"uv":[9.0,4.5,9.5,5.25],"tintindex":0,"rotation":0,"texture":"#0"},"north":{"uv":[7.75,4.5,8.25,5.25],"tintindex":0,"rotation":0,"texture":"#0"},"west":{"uv":[8.25,4.5,9.0,5.25],"tintindex":0,"rotation":0,"texture":"#0"},"up":{"uv":[8.25,4.5,7.75,3.75],"tintindex":0,"rotation":0,"texture":"#0"},"down":{"uv":[8.75,3.75,8.25,4.5],"tintindex":0,"rotation":0,"texture":"#0"}},"rotation":{"origin":[7.9875,8.153881,7.4567614],"angle":0.0,"axis":"x"}},{"from":[7.0625,4.2859,7.0507],"to":[8.9625,7.8359,8.9507],"faces":{"east":{"uv":[0.0,2.5,0.25,3.25],"tintindex":0,"rotation":0,"texture":"#0"},"south":{"uv":[0.75,2.5,1.0,3.25],"tintindex":0,"rotation":0,"texture":"#0"},"north":{"uv":[0.25,2.5,0.5,3.25],"tintindex":0,"rotation":0,"texture":"#0"},"west":{"uv":[0.5,2.5,0.75,3.25],"tintindex":0,"rotation":0,"texture":"#0"},"up":{"uv":[0.5,2.5,0.25,2.25],"tintindex":0,"rotation":0,"texture":"#0"},"down":{"uv":[0.75,2.25,0.5,2.5],"tintindex":0,"rotation":0,"texture":"#0"}}}],"display":{"gui":{"rotation":[30,225,0]}}}