{"textures":{"0":"modelengine:entity/lorebun_copy_nometa"},"elements":[{"from":[5.1549997,11.0,4.855],"to":[10.915,12.900001,10.615],"faces":{"east":{"uv":[0.0,5.0,1.25,5.25],"tintindex":0,"rotation":0,"texture":"#0"},"south":{"uv":[3.75,5.0,5.0,5.25],"tintindex":0,"rotation":0,"texture":"#0"},"north":{"uv":[1.25,5.0,2.5,5.25],"tintindex":0,"rotation":0,"texture":"#0"},"west":{"uv":[2.5,5.0,3.75,5.25],"tintindex":0,"rotation":0,"texture":"#0"},"up":{"uv":[2.5,5.0,1.25,3.75],"tintindex":0,"rotation":0,"texture":"#0"},"down":{"uv":[3.75,3.75,2.5,5.0],"tintindex":0,"rotation":0,"texture":"#0"}},"rotation":{"origin":[8.035356,11.25,7.7853556],"angle":45.0,"axis":"y"}},{"from":[5.85,9.0,6.1],"to":[10.15,11.0,9.9],"faces":{"east":{"uv":[3.25,7.25,4.0,7.75],"tintindex":0,"rotation":0,"texture":"#0"},"south":{"uv":[5.75,7.25,6.75,7.75],"tintindex":0,"rotation":0,"texture":"#0"},"north":{"uv":[4.0,7.25,5.0,7.75],"tintindex":0,"rotation":0,"texture":"#0"},"west":{"uv":[5.0,7.25,5.75,7.75],"tintindex":0,"rotation":0,"texture":"#0"},"up":{"uv":[5.0,7.25,4.0,6.5],"tintindex":0,"rotation":0,"texture":"#0"},"down":{"uv":[6.0,6.5,5.0,7.25],"tintindex":0,"rotation":0,"texture":"#0"}}},{"from":[5.6,7.0,5.73],"to":[10.4,9.5,10.18],"faces":{"east":{"uv":[5.75,1.25,6.75,1.75],"tintindex":0,"rotation":0,"texture":"#0"},"south":{"uv":[8.75,1.25,9.75,1.75],"tintindex":0,"rotation":0,"texture":"#0"},"north":{"uv":[6.75,1.25,7.75,1.75],"tintindex":0,"rotation":0,"texture":"#0"},"west":{"uv":[7.75,1.25,8.75,1.75],"tintindex":0,"rotation":0,"texture":"#0"},"up":{"uv":[7.75,1.25,6.75,0.25],"tintindex":0,"rotation":0,"texture":"#0"},"down":{"uv":[8.75,0.25,7.75,1.25],"tintindex":0,"rotation":0,"texture":"#0"}}}],"display":{"gui":{"rotation":[30,225,0]}}}