{"textures":{"0":"modelengine:entity/lbvfx"},"elements":[{"from":[3.0,3.0,6.724388],"to":[13.0,13.0,6.724388],"faces":{"south":{"uv":[6.09375,1.890625,5.78125,2.203125],"tintindex":0,"rotation":0,"texture":"#0"},"north":{"uv":[5.78125,1.890625,6.09375,2.203125],"tintindex":0,"rotation":0,"texture":"#0"}}},{"from":[-6.619398,3.0,8.637806],"to":[3.3806024,13.0,8.637806],"faces":{"south":{"uv":[5.4375,1.890625,5.75,2.203125],"tintindex":0,"rotation":0,"texture":"#0"},"north":{"uv":[5.75,1.890625,5.4375,2.203125],"tintindex":0,"rotation":0,"texture":"#0"}},"rotation":{"origin":[-1.6193981,8.0,8.637806],"angle":22.5,"axis":"y"}},{"from":[12.619398,3.0,8.637806],"to":[22.619398,13.0,8.637806],"faces":{"south":{"uv":[5.75,1.890625,5.4375,2.203125],"tintindex":0,"rotation":0,"texture":"#0"},"north":{"uv":[5.4375,1.890625,5.75,2.203125],"tintindex":0,"rotation":0,"texture":"#0"}},"rotation":{"origin":[17.619398,8.0,8.637806],"angle":-22.5,"axis":"y"}}],"display":{"gui":{"rotation":[30,225,0]}}}