{"textures":{"0":"modelengine:entity/lbvfx"},"elements":[{"from":[0.0,0.0,6.5],"to":[16.0,16.0,6.5],"faces":{"south":{"uv":[7.296875,3.109375,7.796875,3.609375],"tintindex":0,"rotation":0,"texture":"#0"},"north":{"uv":[7.796875,3.109375,7.296875,3.609375],"tintindex":0,"rotation":0,"texture":"#0"}}},{"from":[3.0,3.0,9.5],"to":[13.0,13.0,9.5],"faces":{"south":{"uv":[7.8125,1.96875,8.125,2.28125],"tintindex":0,"rotation":0,"texture":"#0"},"north":{"uv":[8.125,1.96875,7.8125,2.28125],"tintindex":0,"rotation":0,"texture":"#0"}}}],"display":{"gui":{"rotation":[30,225,0]}}}