{"textures":{"0":"modelengine:entity/lbvfx"},"elements":[{"from":[8.0,12.0,1.0],"to":[8.0,26.0,15.0],"faces":{"east":{"uv":[8.578125,2.265625,8.140625,2.703125],"tintindex":0,"rotation":0,"texture":"#0"},"west":{"uv":[8.140625,2.265625,8.578125,2.703125],"tintindex":0,"rotation":0,"texture":"#0"}},"rotation":{"origin":[8.0,19.0,8.0],"angle":-45.0,"axis":"x"}},{"from":[1.0,19.0,1.0],"to":[15.0,19.0,15.0],"faces":{"up":{"uv":[9.03125,2.265625,8.59375,2.703125],"tintindex":0,"rotation":0,"texture":"#0"},"down":{"uv":[9.03125,2.703125,8.59375,2.265625],"tintindex":0,"rotation":0,"texture":"#0"}},"rotation":{"origin":[8.0,19.0,8.0],"angle":45.0,"axis":"y"}}],"display":{"gui":{"rotation":[30,225,0]}}}