{"textures":{"0":"modelengine:entity/lbvfx"},"elements":[{"from":[12.0,-0.5,-0.5],"to":[12.0,16.5,16.5],"faces":{"east":{"uv":[6.109375,1.5625,6.640625,2.09375],"tintindex":0,"rotation":0,"texture":"#0"},"west":{"uv":[6.640625,1.5625,6.109375,2.09375],"tintindex":0,"rotation":0,"texture":"#0"}}},{"from":[4.0,-0.5,-0.5],"to":[4.0,16.5,16.5],"faces":{"east":{"uv":[6.109375,1.5625,6.640625,2.09375],"tintindex":0,"rotation":0,"texture":"#0"},"west":{"uv":[6.640625,1.5625,6.109375,2.09375],"tintindex":0,"rotation":0,"texture":"#0"}}}],"display":{"gui":{"rotation":[30,225,0]}}}