{"textures":{"0":"modelengine:entity/lbvfx"},"elements":[{"from":[7.0,8.0,-6.0],"to":[9.0,8.0,22.0],"faces":{"up":{"uv":[9.171875,8.8125,9.046875,7.0625],"tintindex":0,"rotation":0,"texture":"#0"},"down":{"uv":[9.171875,7.0625,9.046875,8.8125],"tintindex":0,"rotation":0,"texture":"#0"}}},{"from":[8.0,8.0,-6.0],"to":[8.0,13.0,22.0],"faces":{"east":{"uv":[9.234375,4.015625,10.984375,4.328125],"tintindex":0,"rotation":0,"texture":"#0"},"west":{"uv":[10.984375,4.015625,9.234375,4.328125],"tintindex":0,"rotation":0,"texture":"#0"}},"rotation":{"origin":[8.0,8.0,8.0],"angle":22.5,"axis":"z"}},{"from":[8.0,8.0,-6.0],"to":[8.0,17.0,22.0],"faces":{"east":{"uv":[10.953125,1.734375,12.703125,2.296875],"tintindex":0,"rotation":0,"texture":"#0"},"west":{"uv":[12.703125,1.734375,10.953125,2.296875],"tintindex":0,"rotation":0,"texture":"#0"}}},{"from":[8.0,8.0,-6.0],"to":[8.0,13.0,22.0],"faces":{"east":{"uv":[9.234375,4.015625,10.984375,4.328125],"tintindex":0,"rotation":0,"texture":"#0"},"west":{"uv":[10.984375,4.015625,9.234375,4.328125],"tintindex":0,"rotation":0,"texture":"#0"}},"rotation":{"origin":[8.0,8.0,8.0],"angle":-22.5,"axis":"z"}}],"display":{"gui":{"rotation":[30,225,0]}}}