{"textures":{"0":"modelengine:entity/lbvfx"},"elements":[{"from":[8.0,8.0,-6.0],"to":[8.0,13.0,22.0],"faces":{"east":{"uv":[9.1875,0.984375,10.9375,1.296875],"tintindex":0,"rotation":0,"texture":"#0"},"west":{"uv":[10.9375,0.984375,9.1875,1.296875],"tintindex":0,"rotation":0,"texture":"#0"}},"rotation":{"origin":[8.0,8.0,8.0],"angle":-22.5,"axis":"z"}},{"from":[8.0,8.0,-6.0],"to":[8.0,13.0,22.0],"faces":{"east":{"uv":[9.1875,0.984375,10.9375,1.296875],"tintindex":0,"rotation":0,"texture":"#0"},"west":{"uv":[10.9375,0.984375,9.1875,1.296875],"tintindex":0,"rotation":0,"texture":"#0"}},"rotation":{"origin":[8.0,8.0,8.0],"angle":22.5,"axis":"z"}},{"from":[7.0,8.0,-6.0],"to":[9.0,8.0,22.0],"faces":{"up":{"uv":[9.171875,5.28125,9.046875,3.53125],"tintindex":0,"rotation":0,"texture":"#0"},"down":{"uv":[9.171875,3.53125,9.046875,5.28125],"tintindex":0,"rotation":0,"texture":"#0"}}},{"from":[8.0,8.0,-6.0],"to":[8.0,17.0,22.0],"faces":{"east":{"uv":[10.875,4.90625,12.625,5.46875],"tintindex":0,"rotation":0,"texture":"#0"},"west":{"uv":[12.625,4.90625,10.875,5.46875],"tintindex":0,"rotation":0,"texture":"#0"}}}],"display":{"gui":{"rotation":[30,225,0]}}}