{"textures":{"0":"modelengine:entity/lbvfx"},"elements":[{"from":[1.0,7.35,1.0],"to":[15.0,23.35,1.0],"faces":{"south":{"uv":[5.421875,5.078125,4.546875,6.078125],"tintindex":0,"rotation":0,"texture":"#0"},"north":{"uv":[4.546875,5.078125,5.421875,6.078125],"tintindex":0,"rotation":0,"texture":"#0"}},"rotation":{"origin":[8.0,12.35,0.0],"angle":-22.5,"axis":"x"}},{"from":[-8.0,8.2,-8.0],"to":[24.0,8.2,24.0],"faces":{"up":{"uv":[3.515625,8.15625,1.515625,10.15625],"tintindex":0,"rotation":0,"texture":"#0"},"down":{"uv":[3.515625,10.15625,1.515625,8.15625],"tintindex":0,"rotation":0,"texture":"#0"}}},{"from":[1.0,7.35,15.0],"to":[15.0,23.35,15.0],"faces":{"south":{"uv":[4.546875,5.078125,5.421875,6.078125],"tintindex":0,"rotation":0,"texture":"#0"},"north":{"uv":[5.421875,5.078125,4.546875,6.078125],"tintindex":0,"rotation":0,"texture":"#0"}},"rotation":{"origin":[8.0,12.35,16.0],"angle":22.5,"axis":"x"}},{"from":[-4.0,8.05,-4.0],"to":[20.0,8.05,20.0],"faces":{"up":{"uv":[1.5,3.03125,0.0,4.53125],"tintindex":0,"rotation":0,"texture":"#0"},"down":{"uv":[1.5,4.53125,0.0,3.03125],"tintindex":0,"rotation":0,"texture":"#0"}}},{"from":[-2.6532812,8.120598,0.0],"to":[-2.6532812,17.620598,16.0],"faces":{"east":{"uv":[4.53125,2.46875,3.53125,3.0625],"tintindex":0,"rotation":0,"texture":"#0"},"west":{"uv":[3.53125,2.46875,4.53125,3.0625],"tintindex":0,"rotation":0,"texture":"#0"}},"rotation":{"origin":[-0.6532812,12.620598,8.0],"angle":45.0,"axis":"z"}},{"from":[15.0,7.35,1.0],"to":[15.0,23.35,15.0],"faces":{"east":{"uv":[4.546875,5.078125,5.421875,6.078125],"tintindex":0,"rotation":0,"texture":"#0"},"west":{"uv":[5.421875,5.078125,4.546875,6.078125],"tintindex":0,"rotation":0,"texture":"#0"}},"rotation":{"origin":[16.0,12.35,8.0],"angle":-22.5,"axis":"z"}},{"from":[0.0,8.120598,18.653282],"to":[16.0,17.620598,18.653282],"faces":{"south":{"uv":[3.53125,2.46875,4.53125,3.0625],"tintindex":0,"rotation":0,"texture":"#0"},"north":{"uv":[4.53125,2.46875,3.53125,3.0625],"tintindex":0,"rotation":0,"texture":"#0"}},"rotation":{"origin":[8.0,12.620598,16.653282],"angle":45.0,"axis":"x"}},{"from":[0.0,8.120598,-2.6532812],"to":[16.0,17.620598,-2.6532812],"faces":{"south":{"uv":[4.53125,2.46875,3.53125,3.0625],"tintindex":0,"rotation":0,"texture":"#0"},"north":{"uv":[3.53125,2.46875,4.53125,3.0625],"tintindex":0,"rotation":0,"texture":"#0"}},"rotation":{"origin":[8.0,12.620598,-0.6532812],"angle":-45.0,"axis":"x"}},{"from":[18.653282,8.120598,0.0],"to":[18.653282,17.620598,16.0],"faces":{"east":{"uv":[3.53125,2.46875,4.53125,3.0625],"tintindex":0,"rotation":0,"texture":"#0"},"west":{"uv":[4.53125,2.46875,3.53125,3.0625],"tintindex":0,"rotation":0,"texture":"#0"}},"rotation":{"origin":[16.653282,12.620598,8.0],"angle":-45.0,"axis":"z"}},{"from":[1.0,7.35,1.0],"to":[1.0,23.35,15.0],"faces":{"east":{"uv":[5.421875,5.078125,4.546875,6.078125],"tintindex":0,"rotation":0,"texture":"#0"},"west":{"uv":[4.546875,5.078125,5.421875,6.078125],"tintindex":0,"rotation":0,"texture":"#0"}},"rotation":{"origin":[0.0,12.35,8.0],"angle":22.5,"axis":"z"}}],"display":{"gui":{"rotation":[30,225,0]}}}