{"textures":{"0":"modelengine:entity/lbvfx"},"elements":[{"from":[-2.0,7.944813,-2.2774458],"to":[18.0,7.944813,17.722553],"faces":{"up":{"uv":[15.484375,0.0,14.234375,1.25],"tintindex":0,"rotation":0,"texture":"#0"},"down":{"uv":[15.484375,1.25,14.234375,0.0],"tintindex":0,"rotation":0,"texture":"#0"}},"rotation":{"origin":[8.0,8.669811,7.722554],"angle":-22.5,"axis":"x"}},{"from":[-4.0,7.944813,-4.277446],"to":[20.0,7.944813,19.722553],"faces":{"up":{"uv":[14.203125,6.390625,12.703125,7.890625],"tintindex":0,"rotation":0,"texture":"#0"},"down":{"uv":[14.203125,7.890625,12.703125,6.390625],"tintindex":0,"rotation":0,"texture":"#0"}},"rotation":{"origin":[8.0,8.669811,7.722554],"angle":-22.5,"axis":"x"}},{"from":[-2.0,7.944813,-2.2774458],"to":[18.0,7.944813,17.722553],"faces":{"up":{"uv":[15.484375,0.0,14.234375,1.25],"tintindex":0,"rotation":0,"texture":"#0"},"down":{"uv":[15.484375,1.25,14.234375,0.0],"tintindex":0,"rotation":0,"texture":"#0"}},"rotation":{"origin":[8.0,8.669811,7.722554],"angle":-22.5,"axis":"x"}}],"display":{"gui":{"rotation":[30,225,0]}}}