{"textures":{"0":"modelengine:entity/lbvfx"},"elements":[{"from":[-12.0,8.0,-12.0],"to":[28.0,8.0,28.0],"faces":{"up":{"uv":[15.484375,1.515625,14.234375,2.765625],"tintindex":0,"rotation":0,"texture":"#0"},"down":{"uv":[15.484375,2.765625,14.234375,1.515625],"tintindex":0,"rotation":0,"texture":"#0"}},"rotation":{"origin":[8.0,8.0,8.0],"angle":-22.5,"axis":"x"}},{"from":[-16.0,8.0,-16.0],"to":[32.0,8.0,32.0],"faces":{"up":{"uv":[14.203125,6.3125,12.703125,7.8125],"tintindex":0,"rotation":0,"texture":"#0"},"down":{"uv":[14.203125,7.8125,12.703125,6.3125],"tintindex":0,"rotation":0,"texture":"#0"}},"rotation":{"origin":[8.0,8.0,8.0],"angle":-22.5,"axis":"x"}},{"from":[-12.0,8.0,-12.0],"to":[28.0,8.0,28.0],"faces":{"up":{"uv":[15.484375,1.515625,14.234375,2.765625],"tintindex":0,"rotation":0,"texture":"#0"},"down":{"uv":[15.484375,2.765625,14.234375,1.515625],"tintindex":0,"rotation":0,"texture":"#0"}},"rotation":{"origin":[8.0,8.0,8.0],"angle":-22.5,"axis":"x"}}],"display":{"gui":{"rotation":[30,225,0]}}}