{"textures":{"0":"modelengine:entity/lbvfx"},"elements":[{"from":[-16.0,8.0,-16.0],"to":[32.0,8.0,32.0],"faces":{"up":{"uv":[14.21875,4.546875,12.71875,6.046875],"tintindex":0,"rotation":0,"texture":"#0"},"down":{"uv":[14.21875,6.046875,12.71875,4.546875],"tintindex":0,"rotation":0,"texture":"#0"}},"rotation":{"origin":[8.0,8.0,8.0],"angle":-22.5,"axis":"x"}},{"from":[-12.0,8.0,-12.0],"to":[28.0,8.0,28.0],"faces":{"up":{"uv":[15.484375,3.03125,14.234375,4.28125],"tintindex":0,"rotation":0,"texture":"#0"},"down":{"uv":[15.484375,4.28125,14.234375,3.03125],"tintindex":0,"rotation":0,"texture":"#0"}},"rotation":{"origin":[8.0,8.0,8.0],"angle":-22.5,"axis":"x"}},{"from":[-12.0,8.0,-12.0],"to":[28.0,8.0,28.0],"faces":{"up":{"uv":[15.484375,3.03125,14.234375,4.28125],"tintindex":0,"rotation":0,"texture":"#0"},"down":{"uv":[15.484375,4.28125,14.234375,3.03125],"tintindex":0,"rotation":0,"texture":"#0"}},"rotation":{"origin":[8.0,8.0,8.0],"angle":-22.5,"axis":"x"}}],"display":{"gui":{"rotation":[30,225,0]}}}