{"textures":{"0":"modelengine:entity/lbvfx"},"elements":[{"from":[-12.0,8.0,-12.0],"to":[28.0,8.0,28.0],"faces":{"up":{"uv":[15.484375,6.109375,14.234375,7.359375],"tintindex":0,"rotation":0,"texture":"#0"},"down":{"uv":[15.484375,7.359375,14.234375,6.109375],"tintindex":0,"rotation":0,"texture":"#0"}},"rotation":{"origin":[8.0,8.0,8.0],"angle":-22.5,"axis":"x"}},{"from":[-16.0,8.0,-16.0],"to":[32.0,8.0,32.0],"faces":{"up":{"uv":[14.21875,0.0,12.71875,1.5],"tintindex":0,"rotation":0,"texture":"#0"},"down":{"uv":[14.21875,1.5,12.71875,0.0],"tintindex":0,"rotation":0,"texture":"#0"}},"rotation":{"origin":[8.0,8.0,8.0],"angle":-22.5,"axis":"x"}},{"from":[-12.0,8.0,-12.0],"to":[28.0,8.0,28.0],"faces":{"up":{"uv":[15.484375,6.109375,14.234375,7.359375],"tintindex":0,"rotation":0,"texture":"#0"},"down":{"uv":[15.484375,7.359375,14.234375,6.109375],"tintindex":0,"rotation":0,"texture":"#0"}},"rotation":{"origin":[8.0,8.0,8.0],"angle":-22.5,"axis":"x"}}],"display":{"gui":{"rotation":[30,225,0]}}}