{"textures":{"0":"modelengine:entity/forest_spirit_roots"},"elements":[{"from":[0.0,8.0,3.0],"to":[16.0,17.0,3.0],"faces":{"south":{"uv":[8.0,0.0,16.0,4.5],"tintindex":0,"rotation":0,"texture":"#0"},"north":{"uv":[16.0,0.0,8.0,4.5],"tintindex":0,"rotation":0,"texture":"#0"}},"rotation":{"origin":[9.0,8.0,3.0],"angle":-45.0,"axis":"x"}},{"from":[0.0,8.0,13.0],"to":[16.0,17.0,13.0],"faces":{"south":{"uv":[16.0,0.0,8.0,4.5],"tintindex":0,"rotation":0,"texture":"#0"},"north":{"uv":[8.0,0.0,16.0,4.5],"tintindex":0,"rotation":0,"texture":"#0"}},"rotation":{"origin":[9.0,8.0,13.0],"angle":45.0,"axis":"x"}},{"from":[13.0,8.0,0.0],"to":[13.0,17.0,16.0],"faces":{"east":{"uv":[8.0,0.0,16.0,4.5],"tintindex":0,"rotation":0,"texture":"#0"},"west":{"uv":[16.0,0.0,8.0,4.5],"tintindex":0,"rotation":0,"texture":"#0"}},"rotation":{"origin":[13.0,8.0,6.0],"angle":-45.0,"axis":"z"}},{"from":[4.0,8.0,0.0],"to":[4.0,17.0,16.0],"faces":{"east":{"uv":[8.0,0.0,16.0,4.5],"tintindex":0,"rotation":0,"texture":"#0"},"west":{"uv":[16.0,0.0,8.0,4.5],"tintindex":0,"rotation":0,"texture":"#0"}},"rotation":{"origin":[4.0,8.0,8.0],"angle":45.0,"axis":"z"}}],"display":{"gui":{"rotation":[30,225,0]}}}