{"textures":{"0":"modelengine:entity/forest_spirit_roots"},"elements":[{"from":[4.0,8.0,2.0],"to":[4.0,31.0,15.0],"faces":{"east":{"uv":[9.5,4.5,16.0,16.0],"tintindex":0,"rotation":0,"texture":"#0"},"west":{"uv":[16.0,4.5,9.5,16.0],"tintindex":0,"rotation":0,"texture":"#0"}},"rotation":{"origin":[8.0,8.0,8.0],"angle":45.0,"axis":"y"}},{"from":[12.0,8.0,2.0],"to":[12.0,31.0,15.0],"faces":{"east":{"uv":[16.0,4.5,9.5,16.0],"tintindex":0,"rotation":0,"texture":"#0"},"west":{"uv":[9.5,4.5,16.0,16.0],"tintindex":0,"rotation":0,"texture":"#0"}},"rotation":{"origin":[8.0,8.0,8.0],"angle":45.0,"axis":"y"}},{"from":[4.0,8.0,2.0],"to":[4.0,31.0,15.0],"faces":{"east":{"uv":[9.5,4.5,16.0,16.0],"tintindex":0,"rotation":0,"texture":"#0"},"west":{"uv":[16.0,4.5,9.5,16.0],"tintindex":0,"rotation":0,"texture":"#0"}},"rotation":{"origin":[8.0,8.0,8.0],"angle":-45.0,"axis":"y"}},{"from":[12.0,8.0,2.0],"to":[12.0,31.0,15.0],"faces":{"east":{"uv":[16.0,4.5,9.5,16.0],"tintindex":0,"rotation":0,"texture":"#0"},"west":{"uv":[9.5,4.5,16.0,16.0],"tintindex":0,"rotation":0,"texture":"#0"}},"rotation":{"origin":[8.0,8.0,8.0],"angle":-45.0,"axis":"y"}}],"display":{"gui":{"rotation":[30,225,0]}}}