{"textures":{"0":"modelengine:entity/forest_spirit_roots"},"elements":[{"from":[7.0,8.0,6.0],"to":[10.0,28.0,10.0],"faces":{"east":{"uv":[0.0,2.0,2.0,12.0],"tintindex":0,"rotation":0,"texture":"#0"},"south":{"uv":[3.0,2.0,1.5,12.0],"tintindex":0,"rotation":0,"texture":"#0"},"north":{"uv":[1.5,2.0,3.0,12.0],"tintindex":0,"rotation":0,"texture":"#0"},"west":{"uv":[2.5,2.0,4.5,12.0],"tintindex":0,"rotation":0,"texture":"#0"},"up":{"uv":[0.0,0.0,1.5,2.0],"tintindex":0,"rotation":180,"texture":"#0"},"down":{"uv":[0.0,0.5,2.0,2.0],"tintindex":0,"rotation":270,"texture":"#0"}}},{"from":[2.0,25.0,6.0],"to":[7.0,28.0,10.0],"faces":{"south":{"uv":[5.5,2.0,3.0,3.5],"tintindex":0,"rotation":0,"texture":"#0"},"north":{"uv":[3.0,2.0,5.5,3.5],"tintindex":0,"rotation":0,"texture":"#0"},"west":{"uv":[4.0,0.0,5.5,2.0],"tintindex":0,"rotation":90,"texture":"#0"},"up":{"uv":[1.5,0.0,4.0,2.0],"tintindex":0,"rotation":180,"texture":"#0"},"down":{"uv":[8.0,0.0,5.5,2.0],"tintindex":0,"rotation":0,"texture":"#0"}}},{"from":[6.0,8.0,5.5],"to":[11.0,20.0,10.5],"faces":{"east":{"uv":[5.5,2.0,8.0,8.0],"tintindex":0,"rotation":0,"texture":"#0"},"south":{"uv":[5.5,2.0,8.0,8.0],"tintindex":0,"rotation":0,"texture":"#0"},"north":{"uv":[5.5,2.0,8.0,8.0],"tintindex":0,"rotation":0,"texture":"#0"},"west":{"uv":[5.5,2.0,8.0,8.0],"tintindex":0,"rotation":0,"texture":"#0"}}}],"display":{"gui":{"rotation":[30,225,0]}}}