{"textures":{"1":"modelengine:entity/forest_spirit_storm"},"elements":[{"from":[2.6666665,6.6666665,-5.833334],"to":[13.333334,9.5,13.333334],"faces":{"east":{"uv":[0.0,0.0,4.5,4.5],"tintindex":0,"rotation":0,"texture":"#1"},"south":{"uv":[0.0,0.0,4.5,4.5],"tintindex":0,"rotation":0,"texture":"#1"},"north":{"uv":[0.0,0.0,4.5,4.5],"tintindex":0,"rotation":0,"texture":"#1"},"west":{"uv":[0.0,0.0,4.5,4.5],"tintindex":0,"rotation":0,"texture":"#1"},"up":{"uv":[0.0,0.0,4.5,4.5],"tintindex":0,"rotation":0,"texture":"#1"},"down":{"uv":[0.0,0.0,4.5,4.5],"tintindex":0,"rotation":0,"texture":"#1"}}},{"from":[2.5,6.5,-6.0],"to":[13.5,9.666667,13.5],"faces":{"east":{"uv":[8.25,0.0,12.75,4.5],"tintindex":0,"rotation":0,"texture":"#1"},"south":{"uv":[8.25,0.0,12.75,4.5],"tintindex":0,"rotation":0,"texture":"#1"},"north":{"uv":[8.25,0.0,12.75,4.5],"tintindex":0,"rotation":0,"texture":"#1"},"west":{"uv":[8.25,0.0,12.75,4.5],"tintindex":0,"rotation":0,"texture":"#1"},"up":{"uv":[8.25,0.0,12.75,4.5],"tintindex":0,"rotation":0,"texture":"#1"},"down":{"uv":[8.25,0.0,12.75,4.5],"tintindex":0,"rotation":0,"texture":"#1"}}},{"from":[-6.0,5.833333,-14.0],"to":[4.6666665,8.666667,5.1666665],"faces":{"east":{"uv":[0.0,0.0,4.5,4.5],"tintindex":0,"rotation":0,"texture":"#1"},"south":{"uv":[0.0,0.0,4.5,4.5],"tintindex":0,"rotation":0,"texture":"#1"},"north":{"uv":[0.0,0.0,4.5,4.5],"tintindex":0,"rotation":0,"texture":"#1"},"west":{"uv":[0.0,0.0,4.5,4.5],"tintindex":0,"rotation":0,"texture":"#1"},"up":{"uv":[0.0,0.0,4.5,4.5],"tintindex":0,"rotation":0,"texture":"#1"},"down":{"uv":[0.0,0.0,4.5,4.5],"tintindex":0,"rotation":0,"texture":"#1"}}},{"from":[2.583333,6.583333,-5.916667],"to":[13.416667,9.583333,13.416667],"faces":{"east":{"uv":[8.25,0.0,12.75,4.5],"tintindex":0,"rotation":0,"texture":"#1"},"south":{"uv":[8.25,0.0,12.75,4.5],"tintindex":0,"rotation":0,"texture":"#1"},"north":{"uv":[8.25,0.0,12.75,4.5],"tintindex":0,"rotation":0,"texture":"#1"},"west":{"uv":[8.25,0.0,12.75,4.5],"tintindex":0,"rotation":0,"texture":"#1"},"up":{"uv":[8.25,0.0,12.75,4.5],"tintindex":0,"rotation":0,"texture":"#1"},"down":{"uv":[8.25,0.0,12.75,4.5],"tintindex":0,"rotation":0,"texture":"#1"}}},{"from":[-6.166667,5.6666665,-14.333334],"to":[4.833333,8.833333,5.1666665],"faces":{"east":{"uv":[8.25,0.0,12.75,4.5],"tintindex":0,"rotation":0,"texture":"#1"},"south":{"uv":[8.25,0.0,12.75,4.5],"tintindex":0,"rotation":0,"texture":"#1"},"north":{"uv":[8.25,0.0,12.75,4.5],"tintindex":0,"rotation":0,"texture":"#1"},"west":{"uv":[8.25,0.0,12.75,4.5],"tintindex":0,"rotation":0,"texture":"#1"},"up":{"uv":[8.25,0.0,12.75,4.5],"tintindex":0,"rotation":0,"texture":"#1"},"down":{"uv":[8.25,0.0,12.75,4.5],"tintindex":0,"rotation":0,"texture":"#1"}}},{"from":[-6.083334,5.75,-14.25],"to":[4.75,8.75,5.083333],"faces":{"east":{"uv":[8.25,0.0,12.75,4.5],"tintindex":0,"rotation":0,"texture":"#1"},"south":{"uv":[8.25,0.0,12.75,4.5],"tintindex":0,"rotation":0,"texture":"#1"},"north":{"uv":[8.25,0.0,12.75,4.5],"tintindex":0,"rotation":0,"texture":"#1"},"west":{"uv":[8.25,0.0,12.75,4.5],"tintindex":0,"rotation":0,"texture":"#1"},"up":{"uv":[8.25,0.0,12.75,4.5],"tintindex":0,"rotation":0,"texture":"#1"},"down":{"uv":[8.25,0.0,12.75,4.5],"tintindex":0,"rotation":0,"texture":"#1"}}}],"display":{"gui":{"rotation":[30,225,0]}}}