{"textures":{"1":"modelengine:entity/forest_spirit_storm"},"elements":[{"from":[7.1,6.3,-11.5],"to":[20.1,9.9,11.7],"faces":{"east":{"uv":[12.75,0.0,8.25,4.5],"tintindex":0,"rotation":0,"texture":"#1"},"south":{"uv":[12.75,0.0,8.25,4.5],"tintindex":0,"rotation":0,"texture":"#1"},"north":{"uv":[12.75,0.0,8.25,4.5],"tintindex":0,"rotation":0,"texture":"#1"},"west":{"uv":[12.75,0.0,8.25,4.5],"tintindex":0,"rotation":0,"texture":"#1"},"up":{"uv":[8.25,4.5,12.75,0.0],"tintindex":0,"rotation":0,"texture":"#1"},"down":{"uv":[8.25,4.5,12.75,0.0],"tintindex":0,"rotation":0,"texture":"#1"}}},{"from":[-3.3000002,5.3,-1.5],"to":[9.7,8.9,21.7],"faces":{"east":{"uv":[12.75,0.0,8.25,4.5],"tintindex":0,"rotation":0,"texture":"#1"},"south":{"uv":[12.75,0.0,8.25,4.5],"tintindex":0,"rotation":0,"texture":"#1"},"north":{"uv":[12.75,0.0,8.25,4.5],"tintindex":0,"rotation":0,"texture":"#1"},"west":{"uv":[12.75,0.0,8.25,4.5],"tintindex":0,"rotation":0,"texture":"#1"},"up":{"uv":[8.25,4.5,12.75,0.0],"tintindex":0,"rotation":0,"texture":"#1"},"down":{"uv":[8.25,4.5,12.75,0.0],"tintindex":0,"rotation":0,"texture":"#1"}}},{"from":[7.2,6.4,-11.4],"to":[20.0,9.8,11.6],"faces":{"east":{"uv":[4.5,0.0,0.0,4.5],"tintindex":0,"rotation":0,"texture":"#1"},"south":{"uv":[4.5,0.0,0.0,4.5],"tintindex":0,"rotation":0,"texture":"#1"},"north":{"uv":[4.5,0.0,0.0,4.5],"tintindex":0,"rotation":0,"texture":"#1"},"west":{"uv":[4.5,0.0,0.0,4.5],"tintindex":0,"rotation":0,"texture":"#1"},"up":{"uv":[0.0,4.5,4.5,0.0],"tintindex":0,"rotation":0,"texture":"#1"},"down":{"uv":[0.0,4.5,4.5,0.0],"tintindex":0,"rotation":0,"texture":"#1"}}},{"from":[-3.1999998,5.3999996,-1.6000004],"to":[9.6,8.8,21.400002],"faces":{"east":{"uv":[4.5,0.0,0.0,4.5],"tintindex":0,"rotation":0,"texture":"#1"},"south":{"uv":[4.5,0.0,0.0,4.5],"tintindex":0,"rotation":0,"texture":"#1"},"north":{"uv":[4.5,0.0,0.0,4.5],"tintindex":0,"rotation":0,"texture":"#1"},"west":{"uv":[4.5,0.0,0.0,4.5],"tintindex":0,"rotation":0,"texture":"#1"},"up":{"uv":[0.0,4.5,4.5,0.0],"tintindex":0,"rotation":0,"texture":"#1"},"down":{"uv":[0.0,4.5,4.5,0.0],"tintindex":0,"rotation":0,"texture":"#1"}}},{"from":[-3.4000006,5.2,-1.6000004],"to":[9.8,9.0,21.8],"faces":{"east":{"uv":[12.75,0.0,8.25,4.5],"tintindex":0,"rotation":0,"texture":"#1"},"south":{"uv":[12.75,0.0,8.25,4.5],"tintindex":0,"rotation":0,"texture":"#1"},"north":{"uv":[12.75,0.0,8.25,4.5],"tintindex":0,"rotation":0,"texture":"#1"},"west":{"uv":[12.75,0.0,8.25,4.5],"tintindex":0,"rotation":0,"texture":"#1"},"up":{"uv":[8.25,4.5,12.75,0.0],"tintindex":0,"rotation":0,"texture":"#1"},"down":{"uv":[8.25,4.5,12.75,0.0],"tintindex":0,"rotation":0,"texture":"#1"}}},{"from":[7.0,6.2,-11.6],"to":[20.2,10.0,11.8],"faces":{"east":{"uv":[12.75,0.0,8.25,4.5],"tintindex":0,"rotation":0,"texture":"#1"},"south":{"uv":[12.75,0.0,8.25,4.5],"tintindex":0,"rotation":0,"texture":"#1"},"north":{"uv":[12.75,0.0,8.25,4.5],"tintindex":0,"rotation":0,"texture":"#1"},"west":{"uv":[12.75,0.0,8.25,4.5],"tintindex":0,"rotation":0,"texture":"#1"},"up":{"uv":[8.25,4.5,12.75,0.0],"tintindex":0,"rotation":0,"texture":"#1"},"down":{"uv":[8.25,4.5,12.75,0.0],"tintindex":0,"rotation":0,"texture":"#1"}}}],"display":{"gui":{"rotation":[30,225,0]}}}