{"textures":{"1":"modelengine:entity/forest_spirit_storm"},"elements":[{"from":[1.5,8.5,1.0],"to":[17.5,8.5,17.0],"faces":{"up":{"uv":[0.0,16.0,8.0,24.0],"tintindex":0,"rotation":270,"texture":"#1"},"down":{"uv":[0.0,16.0,8.0,24.0],"tintindex":0,"rotation":270,"texture":"#1"}}},{"from":[-8.0,4.0,-8.0],"to":[24.0,12.5,24.0],"faces":{"east":{"uv":[0.0,0.0,4.5,4.5],"tintindex":0,"rotation":0,"texture":"#1"},"south":{"uv":[0.0,0.0,4.5,4.5],"tintindex":0,"rotation":0,"texture":"#1"},"north":{"uv":[0.0,0.0,4.5,4.5],"tintindex":0,"rotation":0,"texture":"#1"},"west":{"uv":[0.0,0.0,4.5,4.5],"tintindex":0,"rotation":0,"texture":"#1"},"up":{"uv":[0.0,0.0,4.5,4.5],"tintindex":0,"rotation":0,"texture":"#1"},"down":{"uv":[0.0,0.0,4.5,4.5],"tintindex":0,"rotation":0,"texture":"#1"}}},{"from":[-8.25,3.75,-8.25],"to":[24.25,12.75,24.25],"faces":{"east":{"uv":[8.25,0.0,12.75,4.5],"tintindex":0,"rotation":0,"texture":"#1"},"south":{"uv":[8.25,0.0,12.75,4.5],"tintindex":0,"rotation":0,"texture":"#1"},"north":{"uv":[8.25,0.0,12.75,4.5],"tintindex":0,"rotation":0,"texture":"#1"},"west":{"uv":[8.25,0.0,12.75,4.5],"tintindex":0,"rotation":0,"texture":"#1"},"up":{"uv":[8.25,0.0,12.75,4.5],"tintindex":0,"rotation":0,"texture":"#1"},"down":{"uv":[8.25,0.0,12.75,4.5],"tintindex":0,"rotation":0,"texture":"#1"}}}],"display":{"gui":{"rotation":[30,225,0]}}}