{"textures":{"1":"modelengine:entity/forest_spirit_storm"},"elements":[{"from":[1.625,7.0,-2.375],"to":[9.625,9.125,12.0],"faces":{"east":{"uv":[4.5,0.0,0.0,4.5],"tintindex":0,"rotation":0,"texture":"#1"},"south":{"uv":[4.5,0.0,0.0,4.5],"tintindex":0,"rotation":0,"texture":"#1"},"north":{"uv":[4.5,0.0,0.0,4.5],"tintindex":0,"rotation":0,"texture":"#1"},"west":{"uv":[4.5,0.0,0.0,4.5],"tintindex":0,"rotation":0,"texture":"#1"},"up":{"uv":[4.5,0.0,0.0,4.5],"tintindex":0,"rotation":0,"texture":"#1"},"down":{"uv":[4.5,0.0,0.0,4.5],"tintindex":0,"rotation":0,"texture":"#1"}}},{"from":[5.125,9.25,-14.25],"to":[13.375,11.625,0.375],"faces":{"east":{"uv":[12.5,0.0,8.0,4.5],"tintindex":0,"rotation":0,"texture":"#1"},"south":{"uv":[12.5,0.0,8.0,4.5],"tintindex":0,"rotation":0,"texture":"#1"},"north":{"uv":[12.5,0.0,8.0,4.5],"tintindex":0,"rotation":0,"texture":"#1"},"west":{"uv":[12.5,0.0,8.0,4.5],"tintindex":0,"rotation":0,"texture":"#1"},"up":{"uv":[12.5,0.0,8.0,4.5],"tintindex":0,"rotation":0,"texture":"#1"},"down":{"uv":[12.5,0.0,8.0,4.5],"tintindex":0,"rotation":0,"texture":"#1"}}},{"from":[5.1875,9.3125,-14.1875],"to":[13.3125,11.5625,0.3125],"faces":{"east":{"uv":[12.5,0.0,8.0,4.5],"tintindex":0,"rotation":0,"texture":"#1"},"south":{"uv":[12.5,0.0,8.0,4.5],"tintindex":0,"rotation":0,"texture":"#1"},"north":{"uv":[12.5,0.0,8.0,4.5],"tintindex":0,"rotation":0,"texture":"#1"},"west":{"uv":[12.5,0.0,8.0,4.5],"tintindex":0,"rotation":0,"texture":"#1"},"up":{"uv":[12.5,0.0,8.0,4.5],"tintindex":0,"rotation":0,"texture":"#1"},"down":{"uv":[12.5,0.0,8.0,4.5],"tintindex":0,"rotation":0,"texture":"#1"}}},{"from":[1.5625,6.9375,-2.4375],"to":[9.6875,9.1875,12.0625],"faces":{"east":{"uv":[12.75,0.0,8.25,4.5],"tintindex":0,"rotation":0,"texture":"#1"},"south":{"uv":[12.75,0.0,8.25,4.5],"tintindex":0,"rotation":0,"texture":"#1"},"north":{"uv":[12.75,0.0,8.25,4.5],"tintindex":0,"rotation":0,"texture":"#1"},"west":{"uv":[12.75,0.0,8.25,4.5],"tintindex":0,"rotation":0,"texture":"#1"},"up":{"uv":[12.75,0.0,8.25,4.5],"tintindex":0,"rotation":0,"texture":"#1"},"down":{"uv":[12.75,0.0,8.25,4.5],"tintindex":0,"rotation":0,"texture":"#1"}}},{"from":[8.0625,6.3125,5.3125],"to":[16.1875,8.5625,19.8125],"faces":{"east":{"uv":[12.75,0.0,8.25,4.5],"tintindex":0,"rotation":0,"texture":"#1"},"south":{"uv":[12.75,0.0,8.25,4.5],"tintindex":0,"rotation":0,"texture":"#1"},"north":{"uv":[12.75,0.0,8.25,4.5],"tintindex":0,"rotation":0,"texture":"#1"},"west":{"uv":[12.75,0.0,8.25,4.5],"tintindex":0,"rotation":0,"texture":"#1"},"up":{"uv":[12.75,0.0,8.25,4.5],"tintindex":0,"rotation":0,"texture":"#1"},"down":{"uv":[12.75,0.0,8.25,4.5],"tintindex":0,"rotation":0,"texture":"#1"}}},{"from":[8.0,6.25,5.25],"to":[16.25,8.625,19.875],"faces":{"east":{"uv":[12.75,0.0,8.25,4.5],"tintindex":0,"rotation":0,"texture":"#1"},"south":{"uv":[12.75,0.0,8.25,4.5],"tintindex":0,"rotation":0,"texture":"#1"},"north":{"uv":[12.75,0.0,8.25,4.5],"tintindex":0,"rotation":0,"texture":"#1"},"west":{"uv":[12.75,0.0,8.25,4.5],"tintindex":0,"rotation":0,"texture":"#1"},"up":{"uv":[12.75,0.0,8.25,4.5],"tintindex":0,"rotation":0,"texture":"#1"},"down":{"uv":[12.75,0.0,8.25,4.5],"tintindex":0,"rotation":0,"texture":"#1"}}},{"from":[1.5,6.875,-2.5],"to":[9.75,9.25,12.125],"faces":{"east":{"uv":[12.75,0.0,8.25,4.5],"tintindex":0,"rotation":0,"texture":"#1"},"south":{"uv":[12.75,0.0,8.25,4.5],"tintindex":0,"rotation":0,"texture":"#1"},"north":{"uv":[12.75,0.0,8.25,4.5],"tintindex":0,"rotation":0,"texture":"#1"},"west":{"uv":[12.75,0.0,8.25,4.5],"tintindex":0,"rotation":0,"texture":"#1"},"up":{"uv":[12.75,0.0,8.25,4.5],"tintindex":0,"rotation":0,"texture":"#1"},"down":{"uv":[12.75,0.0,8.25,4.5],"tintindex":0,"rotation":0,"texture":"#1"}}},{"from":[5.25,9.375,-14.125],"to":[13.25,11.5,0.25],"faces":{"east":{"uv":[4.5,0.0,0.0,4.5],"tintindex":0,"rotation":0,"texture":"#1"},"south":{"uv":[4.5,0.0,0.0,4.5],"tintindex":0,"rotation":0,"texture":"#1"},"north":{"uv":[4.5,0.0,0.0,4.5],"tintindex":0,"rotation":0,"texture":"#1"},"west":{"uv":[4.5,0.0,0.0,4.5],"tintindex":0,"rotation":0,"texture":"#1"},"up":{"uv":[4.5,0.0,0.0,4.5],"tintindex":0,"rotation":0,"texture":"#1"},"down":{"uv":[4.5,0.0,0.0,4.5],"tintindex":0,"rotation":0,"texture":"#1"}}},{"from":[8.125,6.375,5.5],"to":[16.125,8.5,19.875],"faces":{"east":{"uv":[4.5,0.0,0.0,4.5],"tintindex":0,"rotation":0,"texture":"#1"},"south":{"uv":[4.5,0.0,0.0,4.5],"tintindex":0,"rotation":0,"texture":"#1"},"north":{"uv":[4.5,0.0,0.0,4.5],"tintindex":0,"rotation":0,"texture":"#1"},"west":{"uv":[4.5,0.0,0.0,4.5],"tintindex":0,"rotation":0,"texture":"#1"},"up":{"uv":[4.5,0.0,0.0,4.5],"tintindex":0,"rotation":0,"texture":"#1"},"down":{"uv":[4.5,0.0,0.0,4.5],"tintindex":0,"rotation":0,"texture":"#1"}}}],"display":{"gui":{"rotation":[30,225,0]}}}