{"textures":{"1":"modelengine:entity/forest_spirit_storm"},"elements":[{"from":[-6.833334,6.5,8.0],"to":[12.666667,9.666667,19.0],"faces":{"east":{"uv":[8.25,0.0,12.75,4.5],"tintindex":0,"rotation":0,"texture":"#1"},"south":{"uv":[8.25,0.0,12.75,4.5],"tintindex":0,"rotation":0,"texture":"#1"},"north":{"uv":[8.25,0.0,12.75,4.5],"tintindex":0,"rotation":0,"texture":"#1"},"west":{"uv":[8.25,0.0,12.75,4.5],"tintindex":0,"rotation":0,"texture":"#1"},"up":{"uv":[8.25,0.0,12.75,4.5],"tintindex":0,"rotation":90,"texture":"#1"},"down":{"uv":[8.25,0.0,12.75,4.5],"tintindex":0,"rotation":270,"texture":"#1"}}},{"from":[-6.666667,6.6666665,8.166667],"to":[12.5,9.5,18.833334],"faces":{"east":{"uv":[0.0,0.0,4.5,4.5],"tintindex":0,"rotation":0,"texture":"#1"},"south":{"uv":[0.0,0.0,4.5,4.5],"tintindex":0,"rotation":0,"texture":"#1"},"north":{"uv":[0.0,0.0,4.5,4.5],"tintindex":0,"rotation":0,"texture":"#1"},"west":{"uv":[0.0,0.0,4.5,4.5],"tintindex":0,"rotation":0,"texture":"#1"},"up":{"uv":[0.0,0.0,4.5,4.5],"tintindex":0,"rotation":90,"texture":"#1"},"down":{"uv":[0.0,0.0,4.5,4.5],"tintindex":0,"rotation":270,"texture":"#1"}}},{"from":[-6.75,6.583333,8.083333],"to":[12.583334,9.583333,18.916668],"faces":{"east":{"uv":[8.25,0.0,12.75,4.5],"tintindex":0,"rotation":0,"texture":"#1"},"south":{"uv":[8.25,0.0,12.75,4.5],"tintindex":0,"rotation":0,"texture":"#1"},"north":{"uv":[8.25,0.0,12.75,4.5],"tintindex":0,"rotation":0,"texture":"#1"},"west":{"uv":[8.25,0.0,12.75,4.5],"tintindex":0,"rotation":0,"texture":"#1"},"up":{"uv":[8.25,0.0,12.75,4.5],"tintindex":0,"rotation":90,"texture":"#1"},"down":{"uv":[8.25,0.0,12.75,4.5],"tintindex":0,"rotation":270,"texture":"#1"}}},{"from":[-12.666668,1.833333,-0.16666698],"to":[6.833333,5.0,10.833334],"faces":{"east":{"uv":[8.25,0.0,12.75,4.5],"tintindex":0,"rotation":0,"texture":"#1"},"south":{"uv":[8.25,0.0,12.75,4.5],"tintindex":0,"rotation":0,"texture":"#1"},"north":{"uv":[8.25,0.0,12.75,4.5],"tintindex":0,"rotation":0,"texture":"#1"},"west":{"uv":[8.25,0.0,12.75,4.5],"tintindex":0,"rotation":0,"texture":"#1"},"up":{"uv":[8.25,0.0,12.75,4.5],"tintindex":0,"rotation":90,"texture":"#1"},"down":{"uv":[8.25,0.0,12.75,4.5],"tintindex":0,"rotation":270,"texture":"#1"}}},{"from":[-12.583334,1.9166665,-0.08333397],"to":[6.75,4.9166665,10.75],"faces":{"east":{"uv":[8.25,0.0,12.75,4.5],"tintindex":0,"rotation":0,"texture":"#1"},"south":{"uv":[8.25,0.0,12.75,4.5],"tintindex":0,"rotation":0,"texture":"#1"},"north":{"uv":[8.25,0.0,12.75,4.5],"tintindex":0,"rotation":0,"texture":"#1"},"west":{"uv":[8.25,0.0,12.75,4.5],"tintindex":0,"rotation":0,"texture":"#1"},"up":{"uv":[8.25,0.0,12.75,4.5],"tintindex":0,"rotation":90,"texture":"#1"},"down":{"uv":[8.25,0.0,12.75,4.5],"tintindex":0,"rotation":270,"texture":"#1"}}},{"from":[-12.666668,2.0,0.0],"to":[6.5,4.833333,10.666667],"faces":{"east":{"uv":[0.0,0.0,4.5,4.5],"tintindex":0,"rotation":0,"texture":"#1"},"south":{"uv":[0.0,0.0,4.5,4.5],"tintindex":0,"rotation":0,"texture":"#1"},"north":{"uv":[0.0,0.0,4.5,4.5],"tintindex":0,"rotation":0,"texture":"#1"},"west":{"uv":[0.0,0.0,4.5,4.5],"tintindex":0,"rotation":0,"texture":"#1"},"up":{"uv":[0.0,0.0,4.5,4.5],"tintindex":0,"rotation":90,"texture":"#1"},"down":{"uv":[0.0,0.0,4.5,4.5],"tintindex":0,"rotation":270,"texture":"#1"}}}],"display":{"gui":{"rotation":[30,225,0]}}}