{"textures":{"0":"modelengine:entity/lorebun"},"elements":[{"from":[6.5,8.0,7.625],"to":[9.5,8.0,12.625],"faces":{"up":{"uv":[10.75,11.25,10.0,10.0],"tintindex":0,"rotation":0,"texture":"#0"},"down":{"uv":[10.75,11.25,10.0,10.0],"tintindex":0,"rotation":0,"texture":"#0"}}},{"from":[6.475,7.6975,12.5625],"to":[9.575,8.2475,13.3125],"faces":{"east":{"uv":[3.0,8.875,2.875,9.0],"tintindex":0,"rotation":0,"texture":"#0"},"south":{"uv":[4.75,9.0,3.875,8.875],"tintindex":0,"rotation":0,"texture":"#0"},"north":{"uv":[4.75,8.875,3.875,8.75],"tintindex":0,"rotation":0,"texture":"#0"},"west":{"uv":[3.0,8.75,2.875,8.875],"tintindex":0,"rotation":0,"texture":"#0"},"up":{"uv":[3.875,8.875,3.0,8.75],"tintindex":0,"rotation":0,"texture":"#0"},"down":{"uv":[3.875,9.0,3.0,8.875],"tintindex":0,"rotation":0,"texture":"#0"}}}],"display":{"gui":{"rotation":[30,225,0]}}}