{"textures":{"0":"modelengine:entity/lorebun"},"elements":[{"from":[6.75,8.0,5.25],"to":[9.25,9.0,5.75],"faces":{"east":{"uv":[11.75,10.5,11.625,10.75],"tintindex":0,"rotation":0,"texture":"#0"},"south":{"uv":[12.25,10.5,12.75,10.75],"tintindex":0,"rotation":0,"texture":"#0"},"north":{"uv":[11.75,10.5,12.25,10.75],"tintindex":0,"rotation":0,"texture":"#0"},"west":{"uv":[12.875,10.5,12.75,10.75],"tintindex":0,"rotation":0,"texture":"#0"},"up":{"uv":[12.25,10.5,11.75,10.375],"tintindex":0,"rotation":0,"texture":"#0"},"down":{"uv":[12.75,10.5,12.25,10.375],"tintindex":0,"rotation":0,"texture":"#0"}}},{"from":[8.0,11.0,5.75],"to":[8.0,13.0,9.75],"faces":{"east":{"uv":[9.25,1.75,10.25,2.25],"tintindex":0,"rotation":0,"texture":"#0"},"west":{"uv":[10.25,1.75,9.25,2.25],"tintindex":0,"rotation":0,"texture":"#0"}}},{"from":[6.0,7.5,5.75],"to":[10.0,11.0,9.75],"faces":{"east":{"uv":[3.25,5.5,4.25,6.25],"tintindex":0,"rotation":0,"texture":"#0"},"south":{"uv":[6.25,5.5,7.25,6.25],"tintindex":0,"rotation":0,"texture":"#0"},"north":{"uv":[4.25,5.5,5.25,6.25],"tintindex":0,"rotation":0,"texture":"#0"},"west":{"uv":[5.25,5.5,6.25,6.25],"tintindex":0,"rotation":0,"texture":"#0"},"up":{"uv":[5.25,5.5,4.25,4.5],"tintindex":0,"rotation":0,"texture":"#0"},"down":{"uv":[6.25,4.5,5.25,5.5],"tintindex":0,"rotation":0,"texture":"#0"}}},{"from":[10.0,8.0,6.75],"to":[10.8,11.0,6.75],"faces":{"south":{"uv":[7.5,5.5,7.75,6.25],"tintindex":0,"rotation":0,"texture":"#0"},"north":{"uv":[7.75,5.5,7.5,6.25],"tintindex":0,"rotation":0,"texture":"#0"}},"rotation":{"origin":[10.0,8.0,6.75],"angle":22.5,"axis":"y"}},{"from":[7.0,8.0,9.75],"to":[7.0,11.0,10.55],"faces":{"east":{"uv":[5.75,11.75,6.0,12.75],"tintindex":0,"rotation":0,"texture":"#0"},"west":{"uv":[6.0,11.75,5.75,12.75],"tintindex":0,"rotation":0,"texture":"#0"}},"rotation":{"origin":[7.0,8.0,9.75],"angle":-22.5,"axis":"y"}},{"from":[10.0,8.0,8.75],"to":[10.8,11.0,8.75],"faces":{"south":{"uv":[0.75,5.5,1.0,6.25],"tintindex":0,"rotation":0,"texture":"#0"},"north":{"uv":[1.0,5.5,0.75,6.25],"tintindex":0,"rotation":0,"texture":"#0"}},"rotation":{"origin":[10.0,8.0,8.75],"angle":-22.5,"axis":"y"}},{"from":[5.2,8.0,8.75],"to":[6.0,11.0,8.75],"faces":{"south":{"uv":[1.0,5.5,0.75,6.25],"tintindex":0,"rotation":0,"texture":"#0"},"north":{"uv":[0.75,5.5,1.0,6.25],"tintindex":0,"rotation":0,"texture":"#0"}},"rotation":{"origin":[6.0,8.0,8.75],"angle":22.5,"axis":"y"}},{"from":[5.5,10.700001,3.75],"to":[10.5,10.700001,5.25],"faces":{"east":{"uv":[15.875,15.875,16.0,16.0],"tintindex":0,"rotation":0,"texture":"#0"},"south":{"uv":[15.875,15.875,16.0,16.0],"tintindex":0,"rotation":0,"texture":"#0"},"north":{"uv":[15.875,15.875,16.0,16.0],"tintindex":0,"rotation":0,"texture":"#0"},"west":{"uv":[15.875,15.875,16.0,16.0],"tintindex":0,"rotation":0,"texture":"#0"},"up":{"uv":[10.75,4.25,9.5,4.0],"tintindex":0,"rotation":0,"texture":"#0"},"down":{"uv":[10.75,4.0,9.5,4.25],"tintindex":0,"rotation":0,"texture":"#0"}},"rotation":{"origin":[8.0,8.5,4.75],"angle":22.5,"axis":"x"}},{"from":[9.0,8.0,9.75],"to":[9.0,11.0,10.55],"faces":{"east":{"uv":[5.75,11.75,6.0,12.75],"tintindex":0,"rotation":0,"texture":"#0"},"west":{"uv":[6.0,11.75,5.75,12.75],"tintindex":0,"rotation":0,"texture":"#0"}},"rotation":{"origin":[9.0,8.0,9.75],"angle":22.5,"axis":"y"}},{"from":[6.25,11.0,6.0],"to":[9.75,11.5,9.5],"faces":{"east":{"uv":[7.5,8.0,8.25,8.25],"tintindex":0,"rotation":0,"texture":"#0"},"south":{"uv":[9.75,8.0,10.5,8.25],"tintindex":0,"rotation":0,"texture":"#0"},"north":{"uv":[8.25,8.0,9.0,8.25],"tintindex":0,"rotation":0,"texture":"#0"},"west":{"uv":[9.0,8.0,9.75,8.25],"tintindex":0,"rotation":0,"texture":"#0"},"up":{"uv":[9.0,8.0,8.25,7.25],"tintindex":0,"rotation":0,"texture":"#0"},"down":{"uv":[9.75,7.25,9.0,8.0],"tintindex":0,"rotation":0,"texture":"#0"}}},{"from":[7.5,9.0,5.25],"to":[8.5,9.5,5.75],"faces":{"east":{"uv":[3.875,1.0,4.0,0.875],"tintindex":0,"rotation":0,"texture":"#0"},"south":{"uv":[4.0,0.875,4.25,0.75],"tintindex":0,"rotation":0,"texture":"#0"},"north":{"uv":[4.0,1.0,4.25,0.875],"tintindex":0,"rotation":0,"texture":"#0"},"west":{"uv":[4.25,1.0,4.375,0.875],"tintindex":0,"rotation":0,"texture":"#0"},"up":{"uv":[4.0,1.125,4.25,1.0],"tintindex":0,"rotation":0,"texture":"#0"},"down":{"uv":[4.0,1.25,4.25,1.125],"tintindex":0,"rotation":0,"texture":"#0"}}},{"from":[8.0,8.0,9.75],"to":[8.0,11.0,10.75],"faces":{"east":{"uv":[6.0,11.75,6.25,12.75],"tintindex":0,"rotation":0,"texture":"#0"},"west":{"uv":[6.25,11.75,6.0,12.75],"tintindex":0,"rotation":0,"texture":"#0"}}},{"from":[5.2,8.0,6.75],"to":[6.0,11.0,6.75],"faces":{"south":{"uv":[7.75,5.5,7.5,6.25],"tintindex":0,"rotation":0,"texture":"#0"},"north":{"uv":[7.5,5.5,7.75,6.25],"tintindex":0,"rotation":0,"texture":"#0"}},"rotation":{"origin":[6.0,8.0,6.75],"angle":-22.5,"axis":"y"}}],"display":{"gui":{"rotation":[30,225,0]}}}