{"textures":{"0":"modelengine:entity/lorebun"},"elements":[{"from":[7.7083335,7.016667,7.025],"to":[8.558333,8.016666,8.975],"faces":{"east":{"uv":[6.875,12.25,7.5,12.625],"tintindex":0,"rotation":0,"texture":"#0"},"south":{"uv":[6.875,12.0,7.25,12.25],"tintindex":0,"rotation":0,"texture":"#0"},"north":{"uv":[6.5,12.0,6.875,12.25],"tintindex":0,"rotation":0,"texture":"#0"},"west":{"uv":[6.25,12.25,6.875,12.625],"tintindex":0,"rotation":0,"texture":"#0"},"up":{"uv":[6.25,11.625,6.875,12.0],"tintindex":0,"rotation":0,"texture":"#0"},"down":{"uv":[6.875,11.625,7.5,12.0],"tintindex":0,"rotation":0,"texture":"#0"}}},{"from":[7.958333,6.2166667,8.125],"to":[8.658333,7.266667,8.985],"faces":{"east":{"uv":[9.875,4.625,10.25,5.0],"tintindex":0,"rotation":0,"texture":"#0"},"south":{"uv":[10.25,4.625,10.625,5.0],"tintindex":0,"rotation":0,"texture":"#0"},"north":{"uv":[9.5,4.625,9.875,5.0],"tintindex":0,"rotation":0,"texture":"#0"},"west":{"uv":[10.25,4.25,10.625,4.625],"tintindex":0,"rotation":0,"texture":"#0"},"up":{"uv":[9.5,4.25,9.875,4.625],"tintindex":0,"rotation":0,"texture":"#0"},"down":{"uv":[9.875,4.25,10.25,4.625],"tintindex":0,"rotation":0,"texture":"#0"}},"rotation":{"origin":[8.308333,6.741667,8.555],"angle":22.5,"axis":"z"}},{"from":[7.958333,6.2166667,7.015],"to":[8.658333,7.266667,7.875],"faces":{"east":{"uv":[9.875,4.625,10.25,5.0],"tintindex":0,"rotation":0,"texture":"#0"},"south":{"uv":[10.25,4.625,10.625,5.0],"tintindex":0,"rotation":0,"texture":"#0"},"north":{"uv":[9.5,4.625,9.875,5.0],"tintindex":0,"rotation":0,"texture":"#0"},"west":{"uv":[10.25,4.25,10.625,4.625],"tintindex":0,"rotation":0,"texture":"#0"},"up":{"uv":[9.5,4.25,9.875,4.625],"tintindex":0,"rotation":0,"texture":"#0"},"down":{"uv":[9.875,4.25,10.25,4.625],"tintindex":0,"rotation":0,"texture":"#0"}},"rotation":{"origin":[8.308333,6.741667,7.445],"angle":22.5,"axis":"z"}}],"display":{"gui":{"rotation":[30,225,0]}}}