{"textures":{"0":"modelengine:entity/lorebun"},"elements":[{"from":[6.6475,6.653881,6.1817613],"to":[9.377501,9.653881,9.831761],"faces":{"east":{"uv":[9.25,5.875,9.875,6.375],"tintindex":0,"rotation":0,"texture":"#0"},"south":{"uv":[11.0,5.875,11.5,6.375],"tintindex":0,"rotation":0,"texture":"#0"},"north":{"uv":[9.875,5.875,10.375,6.375],"tintindex":0,"rotation":0,"texture":"#0"},"west":{"uv":[10.375,5.875,11.0,6.375],"tintindex":0,"rotation":0,"texture":"#0"},"up":{"uv":[10.375,5.875,9.875,5.25],"tintindex":0,"rotation":0,"texture":"#0"},"down":{"uv":[10.875,5.25,10.375,5.875],"tintindex":0,"rotation":0,"texture":"#0"}},"rotation":{"origin":[8.0125,8.153881,7.4567614],"angle":0.0,"axis":"x"}},{"from":[7.0375004,4.2859178,7.0507026],"to":[8.9375,7.835918,8.950703],"faces":{"east":{"uv":[0.125,2.0,0.5,2.75],"tintindex":0,"rotation":0,"texture":"#0"},"south":{"uv":[1.25,2.0,0.875,2.75],"tintindex":0,"rotation":0,"texture":"#0"},"north":{"uv":[0.5,2.0,0.875,2.75],"tintindex":0,"rotation":0,"texture":"#0"},"west":{"uv":[0.5,2.0,0.125,2.75],"tintindex":0,"rotation":0,"texture":"#0"},"up":{"uv":[0.5,2.0,0.125,1.625],"tintindex":0,"rotation":0,"texture":"#0"},"down":{"uv":[0.875,1.625,0.5,2.0],"tintindex":0,"rotation":0,"texture":"#0"}}}],"display":{"gui":{"rotation":[30,225,0]}}}