{"textures":{"0":"modelengine:entity/lorebun"},"elements":[{"from":[7.25,6.0000005,10.175],"to":[8.75,7.5000005,11.375],"faces":{"east":{"uv":[3.625,7.875,4.0,8.25],"tintindex":0,"rotation":0,"texture":"#0"},"south":{"uv":[4.0,8.25,4.375,8.625],"tintindex":0,"rotation":0,"texture":"#0"},"north":{"uv":[3.625,8.25,4.0,8.625],"tintindex":0,"rotation":0,"texture":"#0"},"west":{"uv":[4.0,7.875,4.375,8.25],"tintindex":0,"rotation":0,"texture":"#0"},"up":{"uv":[4.75,8.25,4.375,7.875],"tintindex":0,"rotation":0,"texture":"#0"},"down":{"uv":[4.75,8.25,4.375,8.625],"tintindex":0,"rotation":0,"texture":"#0"}}},{"from":[8.0,5.2500005,9.925],"to":[8.0,8.25,11.875],"faces":{"east":{"uv":[3.375,12.0,3.0,12.75],"tintindex":0,"rotation":0,"texture":"#0"},"west":{"uv":[3.0,12.0,3.375,12.75],"tintindex":0,"rotation":0,"texture":"#0"}},"rotation":{"origin":[8.0,6.7500005,11.15],"angle":-45.0,"axis":"z"}},{"from":[5.05,8.25,5.375],"to":[10.95,8.75,10.425],"faces":{"east":{"uv":[0.0,3.0,1.25,3.125],"tintindex":0,"rotation":0,"texture":"#0"},"south":{"uv":[3.75,3.0,5.0,3.125],"tintindex":0,"rotation":0,"texture":"#0"},"north":{"uv":[1.25,3.0,2.5,3.125],"tintindex":0,"rotation":0,"texture":"#0"},"west":{"uv":[2.5,3.0,3.75,3.125],"tintindex":0,"rotation":0,"texture":"#0"},"up":{"uv":[2.5,3.0,1.25,1.75],"tintindex":0,"rotation":0,"texture":"#0"},"down":{"uv":[3.75,1.75,2.5,3.0],"tintindex":0,"rotation":0,"texture":"#0"}}},{"from":[5.0,5.5000005,5.575],"to":[11.0,8.25,10.375],"faces":{"east":{"uv":[4.25,3.75,5.25,4.375],"tintindex":0,"rotation":0,"texture":"#0"},"south":{"uv":[6.5,3.75,7.75,4.375],"tintindex":0,"rotation":0,"texture":"#0"},"north":{"uv":[5.25,3.75,6.5,4.375],"tintindex":0,"rotation":0,"texture":"#0"},"west":{"uv":[7.75,3.75,8.75,4.375],"tintindex":0,"rotation":0,"texture":"#0"},"up":{"uv":[6.625,3.75,5.125,2.625],"tintindex":0,"rotation":0,"texture":"#0"},"down":{"uv":[8.125,2.625,6.625,3.75],"tintindex":0,"rotation":0,"texture":"#0"}}},{"from":[7.0,7.55,5.225],"to":[9.0,9.55,6.475],"faces":{"east":{"uv":[11.5,3.25,11.75,3.75],"tintindex":0,"rotation":0,"texture":"#0"},"south":{"uv":[12.5,3.25,13.0,3.75],"tintindex":0,"rotation":0,"texture":"#0"},"north":{"uv":[11.75,3.25,12.25,3.75],"tintindex":0,"rotation":0,"texture":"#0"},"west":{"uv":[12.25,3.25,12.5,3.75],"tintindex":0,"rotation":0,"texture":"#0"},"up":{"uv":[12.25,3.25,11.75,3.0],"tintindex":0,"rotation":0,"texture":"#0"},"down":{"uv":[12.75,3.0,12.25,3.25],"tintindex":0,"rotation":0,"texture":"#0"}}},{"from":[6.0,2.5500002,4.7650003],"to":[10.0,8.55,4.7650003],"faces":{"south":{"uv":[9.75,8.25,8.75,9.75],"tintindex":0,"rotation":0,"texture":"#0"},"north":{"uv":[8.75,8.25,9.75,9.75],"tintindex":0,"rotation":0,"texture":"#0"}},"rotation":{"origin":[8.0,6.55,4.775],"angle":22.5,"axis":"x"}},{"from":[8.0,5.2500005,9.925],"to":[8.0,8.25,11.875],"faces":{"east":{"uv":[2.625,12.0,3.0,12.75],"tintindex":0,"rotation":0,"texture":"#0"},"west":{"uv":[3.0,12.0,2.625,12.75],"tintindex":0,"rotation":0,"texture":"#0"}},"rotation":{"origin":[8.0,6.7500005,11.15],"angle":45.0,"axis":"z"}}],"display":{"gui":{"rotation":[30,225,0]}}}