{"textures":{"0":"modelengine:entity/lorebun"},"elements":[{"from":[9.748,11.5,2.1],"to":[9.748,14.0,7.9],"faces":{"east":{"uv":[1.625,15.375,3.125,16.0],"tintindex":0,"rotation":0,"texture":"#0"},"west":{"uv":[3.125,15.375,1.625,16.0],"tintindex":0,"rotation":0,"texture":"#0"}},"rotation":{"origin":[10.75,11.5,5.0],"angle":45.0,"axis":"y"}},{"from":[5.9571066,11.5,6.8928933],"to":[5.9571066,14.0,12.692893],"faces":{"east":{"uv":[1.5,15.375,0.0,16.0],"tintindex":0,"rotation":0,"texture":"#0"},"west":{"uv":[0.0,15.375,1.5,16.0],"tintindex":0,"rotation":0,"texture":"#0"}},"rotation":{"origin":[5.9571066,12.75,9.792893],"angle":45.0,"axis":"y"}},{"from":[5.1549997,11.0,4.855],"to":[10.915,12.900001,10.615],"faces":{"east":{"uv":[0.0,1.25,1.25,1.5],"tintindex":0,"rotation":0,"texture":"#0"},"south":{"uv":[3.75,1.25,5.0,1.5],"tintindex":0,"rotation":0,"texture":"#0"},"north":{"uv":[1.25,1.25,2.5,1.5],"tintindex":0,"rotation":0,"texture":"#0"},"west":{"uv":[2.5,1.25,3.75,1.5],"tintindex":0,"rotation":0,"texture":"#0"},"up":{"uv":[2.5,1.25,1.25,0.0],"tintindex":0,"rotation":0,"texture":"#0"},"down":{"uv":[3.75,0.0,2.5,1.25],"tintindex":0,"rotation":0,"texture":"#0"}},"rotation":{"origin":[8.035356,11.25,7.7853556],"angle":45.0,"axis":"y"}},{"from":[6.2355,11.5,2.0992928],"to":[6.2355,14.0,7.899293],"faces":{"east":{"uv":[1.625,15.375,3.125,16.0],"tintindex":0,"rotation":0,"texture":"#0"},"west":{"uv":[3.125,15.375,1.625,16.0],"tintindex":0,"rotation":0,"texture":"#0"}},"rotation":{"origin":[5.2352743,11.5,4.999293],"angle":-45.0,"axis":"y"}},{"from":[5.85,9.0,6.1],"to":[10.15,11.0,9.9],"faces":{"east":{"uv":[3.5,7.25,4.25,7.75],"tintindex":0,"rotation":0,"texture":"#0"},"south":{"uv":[6.0,7.25,7.0,7.75],"tintindex":0,"rotation":0,"texture":"#0"},"north":{"uv":[4.25,7.25,5.25,7.75],"tintindex":0,"rotation":0,"texture":"#0"},"west":{"uv":[4.25,7.25,3.5,7.75],"tintindex":0,"rotation":0,"texture":"#0"},"up":{"uv":[5.25,7.25,4.25,6.5],"tintindex":0,"rotation":0,"texture":"#0"},"down":{"uv":[6.25,6.5,5.25,7.25],"tintindex":0,"rotation":0,"texture":"#0"}}},{"from":[9.75,11.5,7.6],"to":[9.75,14.0,13.4],"faces":{"east":{"uv":[1.5,15.375,0.0,16.0],"tintindex":0,"rotation":0,"texture":"#0"},"west":{"uv":[0.0,15.375,1.5,16.0],"tintindex":0,"rotation":0,"texture":"#0"}},"rotation":{"origin":[10.75,11.5,10.5],"angle":-45.0,"axis":"y"}},{"from":[7.0058928,9.1,4.7558928],"to":[9.005893,11.1,4.7558928],"faces":{"south":{"uv":[7.0,15.5,6.5,16.0],"tintindex":0,"rotation":0,"texture":"#0"},"north":{"uv":[6.5,15.5,7.0,16.0],"tintindex":0,"rotation":0,"texture":"#0"}}},{"from":[5.6,7.0,5.73],"to":[10.4,9.5,10.18],"faces":{"east":{"uv":[0.0,6.5,1.0,7.0],"tintindex":0,"rotation":0,"texture":"#0"},"south":{"uv":[3.0,6.5,4.0,7.0],"tintindex":0,"rotation":0,"texture":"#0"},"north":{"uv":[1.0,6.5,2.0,7.0],"tintindex":0,"rotation":0,"texture":"#0"},"west":{"uv":[1.0,6.5,0.0,7.0],"tintindex":0,"rotation":0,"texture":"#0"},"up":{"uv":[2.0,6.5,1.0,5.5],"tintindex":0,"rotation":0,"texture":"#0"},"down":{"uv":[3.0,5.5,2.0,6.5],"tintindex":0,"rotation":0,"texture":"#0"}}}],"display":{"gui":{"rotation":[30,225,0]}}}