{"textures":{"0":"modelengine:entity/lbvfx"},"elements":[{"from":[8.0,8.0,-3.1999998],"to":[8.0,30.4,19.2],"faces":{"east":{"uv":[14.722222,14.444445,16.0,16.0],"tintindex":0,"rotation":0,"texture":"#0"},"west":{"uv":[14.722222,14.444445,16.0,16.0],"tintindex":0,"rotation":0,"texture":"#0"}}},{"from":[-3.1999998,8.0,8.0],"to":[19.2,30.4,8.0],"faces":{"south":{"uv":[14.722222,14.444445,16.0,16.0],"tintindex":0,"rotation":0,"texture":"#0"},"north":{"uv":[14.722222,14.444445,16.0,16.0],"tintindex":0,"rotation":0,"texture":"#0"}}}],"display":{"gui":{"rotation":[30,225,0]}}}