{"textures":{"0":"modelengine:entity/dragon_stone"},"elements":[{"from":[4.2526865,1.7359648,-1.6292791],"to":[11.953086,12.003164,4.3599215],"faces":{"east":{"uv":[12.516,0.016,13.484,1.484],"tintindex":0,"rotation":0,"texture":"#0"},"south":{"uv":[0.016,12.516,1.25,13.984],"tintindex":0,"rotation":0,"texture":"#0"},"north":{"uv":[12.016,12.016,13.25,13.484],"tintindex":0,"rotation":0,"texture":"#0"},"west":{"uv":[2.016,12.516,2.984,13.984],"tintindex":0,"rotation":0,"texture":"#0"},"up":{"uv":[13.75,2.984,12.516,2.016],"tintindex":0,"rotation":0,"texture":"#0"},"down":{"uv":[14.25,8.016,13.016,8.984],"tintindex":0,"rotation":0,"texture":"#0"}},"rotation":{"origin":[8.102886,8.869564,1.3653212],"angle":-22.5,"axis":"x"}},{"from":[-0.3033142,1.8714838,8.40893],"to":[7.397086,12.138683,17.82053],"faces":{"east":{"uv":[8.016,4.016,9.484,5.484],"tintindex":0,"rotation":0,"texture":"#0"},"south":{"uv":[10.016,6.016,11.25,7.484],"tintindex":0,"rotation":0,"texture":"#0"},"north":{"uv":[6.016,10.016,7.25,11.484],"tintindex":0,"rotation":0,"texture":"#0"},"west":{"uv":[5.016,8.016,6.484,9.484],"tintindex":0,"rotation":0,"texture":"#0"},"up":{"uv":[9.25,11.484,8.016,10.016],"tintindex":0,"rotation":0,"texture":"#0"},"down":{"uv":[11.25,10.016,10.016,11.484],"tintindex":0,"rotation":0,"texture":"#0"}},"rotation":{"origin":[3.546886,7.005083,12.114729],"angle":22.5,"axis":"y"}},{"from":[7.8086863,1.5441179,7.1773605],"to":[15.509087,11.811317,16.58896],"faces":{"east":{"uv":[4.016,10.016,5.484,11.484],"tintindex":0,"rotation":0,"texture":"#0"},"south":{"uv":[8.016,12.016,9.25,13.484],"tintindex":0,"rotation":0,"texture":"#0"},"north":{"uv":[12.016,6.016,13.25,7.484],"tintindex":0,"rotation":0,"texture":"#0"},"west":{"uv":[10.016,4.016,11.484,5.484],"tintindex":0,"rotation":0,"texture":"#0"},"up":{"uv":[11.25,13.484,10.016,12.016],"tintindex":0,"rotation":0,"texture":"#0"},"down":{"uv":[13.25,10.016,12.016,11.484],"tintindex":0,"rotation":0,"texture":"#0"}},"rotation":{"origin":[12.658886,6.677717,11.883161],"angle":22.5,"axis":"x"}},{"from":[2.5414863,8.26018,-0.8977909],"to":[13.664286,18.52738,11.93621],"faces":{"east":{"uv":[5.016,6.016,6.984,7.484],"tintindex":0,"rotation":0,"texture":"#0"},"south":{"uv":[8.016,2.016,9.75,3.484],"tintindex":0,"rotation":0,"texture":"#0"},"north":{"uv":[8.016,0.016,9.75,1.484],"tintindex":0,"rotation":0,"texture":"#0"},"west":{"uv":[7.516,6.016,9.484,7.484],"tintindex":0,"rotation":0,"texture":"#0"},"up":{"uv":[1.75,7.984,0.016,6.016],"tintindex":0,"rotation":0,"texture":"#0"},"down":{"uv":[4.25,6.016,2.516,7.984],"tintindex":0,"rotation":0,"texture":"#0"}},"rotation":{"origin":[8.102886,4.1808786,2.7233086],"angle":22.5,"axis":"x"}},{"from":[-1.7365141,3.1265802,0.8134098],"to":[5.9638863,13.39378,10.22501],"faces":{"east":{"uv":[7.016,8.016,8.484,9.484],"tintindex":0,"rotation":0,"texture":"#0"},"south":{"uv":[10.516,0.016,11.75,1.484],"tintindex":0,"rotation":0,"texture":"#0"},"north":{"uv":[0.016,10.516,1.25,11.984],"tintindex":0,"rotation":0,"texture":"#0"},"west":{"uv":[0.016,8.516,1.484,9.984],"tintindex":0,"rotation":0,"texture":"#0"},"up":{"uv":[3.25,11.984,2.016,10.516],"tintindex":0,"rotation":0,"texture":"#0"},"down":{"uv":[11.75,2.016,10.516,3.484],"tintindex":0,"rotation":0,"texture":"#0"}},"rotation":{"origin":[8.102886,4.1808786,2.7233086],"angle":22.5,"axis":"x"}},{"from":[10.241886,3.6595335,0.5422678],"to":[17.942287,13.926734,9.953868],"faces":{"east":{"uv":[2.016,8.516,3.484,9.984],"tintindex":0,"rotation":0,"texture":"#0"},"south":{"uv":[4.016,12.016,5.25,13.484],"tintindex":0,"rotation":0,"texture":"#0"},"north":{"uv":[11.016,8.016,12.25,9.484],"tintindex":0,"rotation":0,"texture":"#0"},"west":{"uv":[9.016,8.016,10.484,9.484],"tintindex":0,"rotation":0,"texture":"#0"},"up":{"uv":[13.25,5.484,12.016,4.016],"tintindex":0,"rotation":0,"texture":"#0"},"down":{"uv":[7.25,12.016,6.016,13.484],"tintindex":0,"rotation":0,"texture":"#0"}}}],"display":{"gui":{"rotation":[30,225,0]}}}