{"textures":{"1":"modelengine:entity/invis"},"elements":[{"from":[7.0,7.0,7.0],"to":[9.0,9.0,9.0],"faces":{"east":{"uv":[15.5,10.0,16.0,10.5],"tintindex":0,"rotation":0,"texture":"#1"},"south":{"uv":[15.5,10.0,16.0,10.5],"tintindex":0,"rotation":0,"texture":"#1"},"north":{"uv":[15.5,10.0,16.0,10.5],"tintindex":0,"rotation":0,"texture":"#1"},"west":{"uv":[15.5,10.0,16.0,10.5],"tintindex":0,"rotation":0,"texture":"#1"},"up":{"uv":[15.5,10.0,16.0,10.5],"tintindex":0,"rotation":0,"texture":"#1"},"down":{"uv":[15.5,10.0,16.0,10.5],"tintindex":0,"rotation":0,"texture":"#1"}}}],"display":{"gui":{"rotation":[30,225,0]}}}