{"textures":{"0":"modelengine:entity/herobrine_alex"},"elements":[{"from":[6.01,2.0,8.0],"to":[10.01,8.0,12.0],"faces":{"east":{"uv":[9.0,1.5,8.0,3.0],"tintindex":0,"rotation":0,"texture":"#0"},"south":{"uv":[9.0,0.0,8.0,1.5],"tintindex":0,"rotation":0,"texture":"#0"},"north":{"uv":[8.0,5.0,7.0,6.5],"tintindex":0,"rotation":0,"texture":"#0"},"west":{"uv":[8.0,6.5,7.0,8.0],"tintindex":0,"rotation":0,"texture":"#0"},"up":{"uv":[8.0,7.5,9.0,6.5],"tintindex":0,"rotation":0,"texture":"#0"},"down":{"uv":[7.0,8.0,8.0,9.0],"tintindex":0,"rotation":0,"texture":"#0"}}}],"display":{"gui":{"rotation":[30,225,0]}}}