{"textures":{"0":"modelengine:entity/forest_spirit_effects"},"elements":[{"from":[-3.0,6.5,7.0],"to":[4.0,8.5,13.0],"faces":{"north":{"uv":[11.25,0.5,13.0,0.0],"tintindex":0,"rotation":0,"texture":"#0"},"up":{"uv":[13.0,0.75,11.25,2.25],"tintindex":0,"rotation":0,"texture":"#0"},"down":{"uv":[13.0,2.25,11.25,0.75],"tintindex":0,"rotation":0,"texture":"#0"}},"rotation":{"origin":[4.0,8.0,7.0],"angle":22.5,"axis":"y"}},{"from":[18.455,6.505,9.655001],"to":[25.445002,8.495,14.1449995],"faces":{"north":{"uv":[14.75,0.5,13.0,0.0],"tintindex":0,"rotation":0,"texture":"#0"},"up":{"uv":[13.0,0.75,14.75,1.875],"tintindex":0,"rotation":0,"texture":"#0"},"down":{"uv":[13.0,1.875,14.75,0.75],"tintindex":0,"rotation":0,"texture":"#0"}},"rotation":{"origin":[18.45,9.5,9.65],"angle":-45.0,"axis":"y"}},{"from":[12.0,6.5,7.0],"to":[19.0,8.5,13.0],"faces":{"north":{"uv":[13.0,0.5,11.25,0.0],"tintindex":0,"rotation":0,"texture":"#0"},"up":{"uv":[11.25,0.75,13.0,2.25],"tintindex":0,"rotation":0,"texture":"#0"},"down":{"uv":[11.25,2.25,13.0,0.75],"tintindex":0,"rotation":0,"texture":"#0"}},"rotation":{"origin":[12.0,8.0,7.0],"angle":-22.5,"axis":"y"}},{"from":[-9.445,6.505,9.655001],"to":[-2.455,8.495,14.1449995],"faces":{"north":{"uv":[13.0,0.5,14.75,0.0],"tintindex":0,"rotation":0,"texture":"#0"},"up":{"uv":[14.75,0.75,13.0,1.875],"tintindex":0,"rotation":0,"texture":"#0"},"down":{"uv":[14.75,1.875,13.0,0.75],"tintindex":0,"rotation":0,"texture":"#0"}},"rotation":{"origin":[-2.4499998,9.5,9.65],"angle":45.0,"axis":"y"}},{"from":[3.995,6.495,6.995],"to":[12.005,8.505,14.005],"faces":{"north":{"uv":[9.25,0.5,11.25,0.0],"tintindex":0,"rotation":0,"texture":"#0"},"up":{"uv":[9.25,0.75,11.25,2.5],"tintindex":0,"rotation":0,"texture":"#0"},"down":{"uv":[11.25,2.5,9.25,0.75],"tintindex":0,"rotation":0,"texture":"#0"}}}],"display":{"gui":{"rotation":[30,225,0]}}}