{"textures":{"1":"modelengine:entity/forest_spirit"},"elements":[{"from":[7.495,20.495,9.995],"to":[8.505,23.505,11.005],"faces":{"east":{"uv":[14.25,1.625,14.375,2.0],"tintindex":0,"rotation":0,"texture":"#1"},"south":{"uv":[14.1875,1.625,14.3125,2.0],"tintindex":0,"rotation":0,"texture":"#1"},"west":{"uv":[14.25,1.625,14.375,2.0],"tintindex":0,"rotation":0,"texture":"#1"},"up":{"uv":[14.1875,1.625,14.3125,1.75],"tintindex":0,"rotation":0,"texture":"#1"},"down":{"uv":[14.1875,1.625,14.3125,1.75],"tintindex":0,"rotation":0,"texture":"#1"}}},{"from":[7.495,8.495,9.995],"to":[8.505,11.505,12.005],"faces":{"east":{"uv":[14.25,1.625,14.5,2.0],"tintindex":0,"rotation":0,"texture":"#1"},"south":{"uv":[14.1875,1.625,14.3125,2.0],"tintindex":0,"rotation":0,"texture":"#1"},"west":{"uv":[14.5,1.625,14.25,2.0],"tintindex":0,"rotation":0,"texture":"#1"},"up":{"uv":[14.1875,1.625,14.3125,1.875],"tintindex":0,"rotation":0,"texture":"#1"},"down":{"uv":[14.1875,1.625,14.3125,1.875],"tintindex":0,"rotation":0,"texture":"#1"}}},{"from":[0.9949999,8.495,-3.005],"to":[15.005,11.505,8.005],"faces":{"east":{"uv":[13.9375,7.0625,14.3125,5.6875],"tintindex":0,"rotation":90,"texture":"#1"},"south":{"uv":[16.0,5.375,14.25,5.75],"tintindex":0,"rotation":0,"texture":"#1"},"north":{"uv":[16.0,7.125,14.25,7.5],"tintindex":0,"rotation":0,"texture":"#1"},"west":{"uv":[13.9375,5.6875,14.3125,7.0625],"tintindex":0,"rotation":90,"texture":"#1"},"up":{"uv":[14.25,7.0625,16.0,5.6875],"tintindex":0,"rotation":0,"texture":"#1"},"down":{"uv":[14.25,5.6875,16.0,7.0625],"tintindex":0,"rotation":0,"texture":"#1"}}},{"from":[10.0,8.0,8.0],"to":[10.0,28.0,28.0],"faces":{"east":{"uv":[6.0625,13.5,3.5625,16.0],"tintindex":0,"rotation":0,"texture":"#1"},"west":{"uv":[3.5625,13.5,6.0625,16.0],"tintindex":0,"rotation":0,"texture":"#1"}},"rotation":{"origin":[9.5,8.0,8.0],"angle":22.5,"axis":"y"}},{"from":[0.9949999,12.495,-3.005],"to":[15.005,15.505,8.005],"faces":{"east":{"uv":[13.9375,7.0625,14.3125,5.6875],"tintindex":0,"rotation":90,"texture":"#1"},"south":{"uv":[16.0,5.375,14.25,5.75],"tintindex":0,"rotation":0,"texture":"#1"},"north":{"uv":[14.25,7.125,16.0,7.5],"tintindex":0,"rotation":0,"texture":"#1"},"west":{"uv":[13.9375,5.6875,14.3125,7.0625],"tintindex":0,"rotation":90,"texture":"#1"},"up":{"uv":[14.25,7.0625,16.0,5.6875],"tintindex":0,"rotation":0,"texture":"#1"},"down":{"uv":[14.25,5.6875,16.0,7.0625],"tintindex":0,"rotation":0,"texture":"#1"}}},{"from":[7.495,12.495,9.995],"to":[8.505,15.505,11.005],"faces":{"east":{"uv":[14.25,1.625,14.375,2.0],"tintindex":0,"rotation":0,"texture":"#1"},"south":{"uv":[14.1875,1.625,14.3125,2.0],"tintindex":0,"rotation":0,"texture":"#1"},"west":{"uv":[14.25,1.625,14.375,2.0],"tintindex":0,"rotation":0,"texture":"#1"},"up":{"uv":[14.1875,1.625,14.3125,1.75],"tintindex":0,"rotation":0,"texture":"#1"},"down":{"uv":[14.1875,1.625,14.3125,1.75],"tintindex":0,"rotation":0,"texture":"#1"}}},{"from":[7.495,24.495,9.995],"to":[8.505,27.505,12.005],"faces":{"east":{"uv":[14.25,1.625,14.5,2.0],"tintindex":0,"rotation":0,"texture":"#1"},"south":{"uv":[14.1875,1.625,14.3125,2.0],"tintindex":0,"rotation":0,"texture":"#1"},"west":{"uv":[14.5,1.625,14.25,2.0],"tintindex":0,"rotation":0,"texture":"#1"},"up":{"uv":[14.1875,1.625,14.3125,1.875],"tintindex":0,"rotation":0,"texture":"#1"},"down":{"uv":[14.1875,1.625,14.3125,1.875],"tintindex":0,"rotation":0,"texture":"#1"}}},{"from":[6.0,8.0,6.0],"to":[10.0,28.0,10.0],"faces":{"east":{"uv":[12.75,5.5,13.25,8.0],"tintindex":0,"rotation":0,"texture":"#1"},"south":{"uv":[12.75,5.5,13.25,8.0],"tintindex":0,"rotation":0,"texture":"#1"},"north":{"uv":[12.75,5.5,13.25,8.0],"tintindex":0,"rotation":0,"texture":"#1"},"west":{"uv":[12.75,5.5,13.25,8.0],"tintindex":0,"rotation":0,"texture":"#1"},"up":{"uv":[12.75,8.0,13.25,8.5],"tintindex":0,"rotation":0,"texture":"#1"},"down":{"uv":[12.75,8.0,13.25,8.5],"tintindex":0,"rotation":0,"texture":"#1"}}},{"from":[6.0,8.0,8.0],"to":[6.0,28.0,28.0],"faces":{"east":{"uv":[6.0625,13.5,3.5625,16.0],"tintindex":0,"rotation":0,"texture":"#1"},"west":{"uv":[3.5625,13.5,6.0625,16.0],"tintindex":0,"rotation":0,"texture":"#1"}},"rotation":{"origin":[6.5,8.0,8.0],"angle":-22.5,"axis":"y"}},{"from":[7.495,16.494999,9.995],"to":[8.505,19.505001,12.005],"faces":{"east":{"uv":[14.25,1.625,14.5,2.0],"tintindex":0,"rotation":0,"texture":"#1"},"south":{"uv":[14.1875,1.625,14.3125,2.0],"tintindex":0,"rotation":0,"texture":"#1"},"west":{"uv":[14.5,1.625,14.25,2.0],"tintindex":0,"rotation":0,"texture":"#1"},"up":{"uv":[14.1875,1.625,14.3125,1.875],"tintindex":0,"rotation":0,"texture":"#1"},"down":{"uv":[14.1875,1.625,14.3125,1.875],"tintindex":0,"rotation":0,"texture":"#1"}}}],"display":{"gui":{"rotation":[30,225,0]}}}