{"textures":{"3":"modelengine:entity/forest_spirit_effects"},"elements":[{"from":[8.0,-8.0,-8.0],"to":[8.0,24.0,24.0],"faces":{"east":{"uv":[0.0,8.0,4.0,12.0],"tintindex":0,"rotation":0,"texture":"#3"},"west":{"uv":[0.0,8.0,4.0,12.0],"tintindex":0,"rotation":0,"texture":"#3"}}},{"from":[-8.0,8.0,-8.0],"to":[24.0,8.0,24.0],"faces":{"up":{"uv":[0.0,8.0,4.0,12.0],"tintindex":0,"rotation":0,"texture":"#3"},"down":{"uv":[0.0,8.0,4.0,12.0],"tintindex":0,"rotation":0,"texture":"#3"}}},{"from":[-8.0,-8.0,8.0],"to":[24.0,24.0,8.0],"faces":{"south":{"uv":[0.0,8.0,4.0,12.0],"tintindex":0,"rotation":0,"texture":"#3"},"north":{"uv":[0.0,8.0,4.0,12.0],"tintindex":0,"rotation":0,"texture":"#3"}}}],"display":{"gui":{"rotation":[30,225,0]}}}