{"textures":{"1":"modelengine:entity/forest_spirit"},"elements":[{"from":[7.6633334,8.33,9.663333],"to":[8.336667,10.336667,10.336667],"faces":{"east":{"uv":[14.1875,1.625,14.3125,2.0],"tintindex":0,"rotation":0,"texture":"#1"},"south":{"uv":[14.1875,1.625,14.3125,2.0],"tintindex":0,"rotation":0,"texture":"#1"},"west":{"uv":[14.1875,1.625,14.3125,2.0],"tintindex":0,"rotation":0,"texture":"#1"},"up":{"uv":[14.1875,1.625,14.3125,1.75],"tintindex":0,"rotation":0,"texture":"#1"},"down":{"uv":[14.1875,1.625,14.3125,1.75],"tintindex":0,"rotation":0,"texture":"#1"}}},{"from":[6.633333,8.0,8.0],"to":[6.6666665,26.0,26.0],"faces":{"east":{"uv":[3.375,12.625,0.0,16.0],"tintindex":0,"rotation":0,"texture":"#1"},"west":{"uv":[0.0,12.625,3.375,16.0],"tintindex":0,"rotation":0,"texture":"#1"}},"rotation":{"origin":[7.0,8.0,8.0],"angle":-45.0,"axis":"y"}},{"from":[9.3,8.0,8.0],"to":[9.333333,26.0,26.0],"faces":{"east":{"uv":[3.375,12.625,0.0,16.0],"tintindex":0,"rotation":0,"texture":"#1"},"west":{"uv":[0.0,12.625,3.375,16.0],"tintindex":0,"rotation":0,"texture":"#1"}},"rotation":{"origin":[9.0,8.0,8.0],"angle":45.0,"axis":"y"}},{"from":[7.6633334,16.330002,9.663333],"to":[8.336667,18.336666,11.003334],"faces":{"east":{"uv":[14.1875,1.625,14.4375,2.0],"tintindex":0,"rotation":0,"texture":"#1"},"south":{"uv":[14.1875,1.625,14.3125,2.0],"tintindex":0,"rotation":0,"texture":"#1"},"west":{"uv":[14.4375,1.625,14.1875,2.0],"tintindex":0,"rotation":0,"texture":"#1"},"up":{"uv":[14.1875,1.625,14.3125,1.875],"tintindex":0,"rotation":0,"texture":"#1"},"down":{"uv":[14.1875,1.625,14.3125,1.875],"tintindex":0,"rotation":0,"texture":"#1"}}},{"from":[7.6633334,18.996668,9.663333],"to":[8.336667,21.003334,10.336667],"faces":{"east":{"uv":[14.1875,1.625,14.3125,2.0],"tintindex":0,"rotation":0,"texture":"#1"},"south":{"uv":[14.1875,1.625,14.3125,2.0],"tintindex":0,"rotation":0,"texture":"#1"},"west":{"uv":[14.1875,1.625,14.3125,2.0],"tintindex":0,"rotation":0,"texture":"#1"},"up":{"uv":[14.1875,1.625,14.3125,1.75],"tintindex":0,"rotation":0,"texture":"#1"},"down":{"uv":[14.1875,1.625,14.3125,1.75],"tintindex":0,"rotation":0,"texture":"#1"}}},{"from":[7.6633334,13.663334,9.663333],"to":[8.336667,15.67,10.336667],"faces":{"east":{"uv":[14.1875,1.625,14.3125,2.0],"tintindex":0,"rotation":0,"texture":"#1"},"south":{"uv":[14.1875,1.625,14.3125,2.0],"tintindex":0,"rotation":0,"texture":"#1"},"west":{"uv":[14.1875,1.625,14.3125,2.0],"tintindex":0,"rotation":0,"texture":"#1"},"up":{"uv":[14.1875,1.625,14.3125,1.75],"tintindex":0,"rotation":0,"texture":"#1"},"down":{"uv":[14.1875,1.625,14.3125,1.75],"tintindex":0,"rotation":0,"texture":"#1"}}},{"from":[6.333333,8.0,6.333333],"to":[9.666667,21.333334,9.666667],"faces":{"east":{"uv":[10.875,5.625,11.5,8.125],"tintindex":0,"rotation":0,"texture":"#1"},"south":{"uv":[12.125,5.5,12.75,8.0],"tintindex":0,"rotation":0,"texture":"#1"},"north":{"uv":[10.875,5.625,11.5,8.125],"tintindex":0,"rotation":0,"texture":"#1"},"west":{"uv":[10.875,5.625,11.5,8.125],"tintindex":0,"rotation":0,"texture":"#1"},"up":{"uv":[12.125,8.0,12.75,8.625],"tintindex":0,"rotation":0,"texture":"#1"},"down":{"uv":[12.125,8.0,12.75,8.625],"tintindex":0,"rotation":0,"texture":"#1"}}},{"from":[7.6633334,10.996667,9.663333],"to":[8.336667,13.003334,11.003334],"faces":{"east":{"uv":[14.1875,1.625,14.4375,2.0],"tintindex":0,"rotation":0,"texture":"#1"},"south":{"uv":[14.1875,1.625,14.3125,2.0],"tintindex":0,"rotation":0,"texture":"#1"},"west":{"uv":[14.4375,1.625,14.1875,2.0],"tintindex":0,"rotation":0,"texture":"#1"},"up":{"uv":[14.1875,1.625,14.3125,1.875],"tintindex":0,"rotation":0,"texture":"#1"},"down":{"uv":[14.1875,1.625,14.3125,1.875],"tintindex":0,"rotation":0,"texture":"#1"}}}],"display":{"gui":{"rotation":[30,225,0]}}}