{"textures":{"3":"modelengine:entity/forest_spirit_effects"},"elements":[{"from":[-9.0,7.0,-13.0],"to":[23.0,7.0,19.0],"faces":{"up":{"uv":[0.0,8.0,4.0,12.0],"tintindex":0,"rotation":0,"texture":"#3"},"down":{"uv":[0.0,8.0,4.0,12.0],"tintindex":0,"rotation":0,"texture":"#3"}}},{"from":[-9.0,-9.0,3.0],"to":[23.0,23.0,3.0],"faces":{"south":{"uv":[0.0,8.0,4.0,12.0],"tintindex":0,"rotation":0,"texture":"#3"},"north":{"uv":[0.0,8.0,4.0,12.0],"tintindex":0,"rotation":0,"texture":"#3"}}},{"from":[7.0,-9.0,-13.0],"to":[7.0,23.0,19.0],"faces":{"east":{"uv":[0.0,8.0,4.0,12.0],"tintindex":0,"rotation":0,"texture":"#3"},"west":{"uv":[0.0,8.0,4.0,12.0],"tintindex":0,"rotation":0,"texture":"#3"}}}],"display":{"gui":{"rotation":[30,225,0]}}}