{"textures":{"1":"modelengine:entity/forest_spirit"},"elements":[{"from":[-7.0,-3.5,-12.0],"to":[8.0,16.5,8.0],"faces":{"south":{"uv":[11.75,13.5,9.875,16.0],"tintindex":0,"rotation":0,"texture":"#1"},"north":{"uv":[16.0,13.5,14.125,16.0],"tintindex":0,"rotation":0,"texture":"#1"}}},{"from":[-7.0,-3.5,-12.0],"to":[-7.0,16.5,8.0],"faces":{"east":{"uv":[11.6875,13.5,14.1875,16.0],"tintindex":0,"rotation":0,"texture":"#1"},"west":{"uv":[14.1875,13.5,11.6875,16.0],"tintindex":0,"rotation":0,"texture":"#1"}}}],"display":{"gui":{"rotation":[30,225,0]}}}