{"textures":{"1":"modelengine:entity/forest_spirit"},"elements":[{"from":[23.0,-3.5,-12.049999],"to":[23.0,16.5,7.95],"faces":{"east":{"uv":[11.6875,13.5,14.1875,16.0],"tintindex":0,"rotation":0,"texture":"#1"},"west":{"uv":[14.1875,13.5,11.6875,16.0],"tintindex":0,"rotation":0,"texture":"#1"}}},{"from":[8.0,-3.5,-12.049999],"to":[23.0,16.5,7.95],"faces":{"south":{"uv":[9.875,13.5,11.75,16.0],"tintindex":0,"rotation":0,"texture":"#1"},"north":{"uv":[14.125,13.5,16.0,16.0],"tintindex":0,"rotation":0,"texture":"#1"}}}],"display":{"gui":{"rotation":[30,225,0]}}}