{"textures":{"3":"modelengine:entity/forest_spirit_effects"},"elements":[{"from":[0.7979994,7.998,5.398],"to":[8.002,9.002,11.002],"faces":{"east":{"uv":[7.0,16.0,7.625,12.5],"tintindex":0,"rotation":90,"texture":"#3"},"south":{"uv":[11.5,12.5,7.0,13.125],"tintindex":0,"rotation":0,"texture":"#3"},"north":{"uv":[7.0,12.5,11.5,13.125],"tintindex":0,"rotation":0,"texture":"#3"},"up":{"uv":[11.5,12.5,7.0,16.0],"tintindex":0,"rotation":0,"texture":"#3"},"down":{"uv":[11.5,12.5,7.0,16.0],"tintindex":0,"rotation":0,"texture":"#3"}}},{"from":[-13.0,10.74,5.3999996],"to":[-5.8,11.74,11.0],"faces":{"east":{"uv":[7.0,12.25,7.625,8.75],"tintindex":0,"rotation":90,"texture":"#3"},"south":{"uv":[11.5,8.75,7.0,9.375],"tintindex":0,"rotation":0,"texture":"#3"},"north":{"uv":[7.0,8.75,11.5,9.375],"tintindex":0,"rotation":0,"texture":"#3"},"up":{"uv":[11.5,8.75,7.0,12.25],"tintindex":0,"rotation":0,"texture":"#3"},"down":{"uv":[11.5,8.75,7.0,12.25],"tintindex":0,"rotation":0,"texture":"#3"}},"rotation":{"origin":[-5.8,10.8,8.0],"angle":-45.0,"axis":"z"}},{"from":[-6.4000006,8.0,5.3999996],"to":[0.7999997,9.0,11.0],"faces":{"east":{"uv":[11.5,16.0,12.125,12.5],"tintindex":0,"rotation":90,"texture":"#3"},"south":{"uv":[16.0,12.5,11.5,13.125],"tintindex":0,"rotation":0,"texture":"#3"},"north":{"uv":[11.5,12.5,16.0,13.125],"tintindex":0,"rotation":0,"texture":"#3"},"west":{"uv":[15.375,16.0,16.0,12.5],"tintindex":0,"rotation":90,"texture":"#3"},"up":{"uv":[16.0,12.5,11.5,16.0],"tintindex":0,"rotation":0,"texture":"#3"},"down":{"uv":[16.0,12.5,11.5,16.0],"tintindex":0,"rotation":0,"texture":"#3"}},"rotation":{"origin":[0.7999997,8.0,8.0],"angle":-22.5,"axis":"z"}}],"display":{"gui":{"rotation":[30,225,0]}}}