{"textures":{"2":"modelengine:entity/forest_spirit_inside"},"elements":[{"from":[21.2,-8.0,7.0],"to":[21.2,1.0,11.0],"faces":{"east":{"uv":[15.0,1.0,13.0,5.5],"tintindex":0,"rotation":0,"texture":"#2"},"west":{"uv":[13.0,1.0,15.0,5.5],"tintindex":0,"rotation":0,"texture":"#2"}},"rotation":{"origin":[8.0,8.0,8.0],"angle":22.5,"axis":"y"}},{"from":[-5.2,-8.0,7.0],"to":[-5.2,1.0,11.0],"faces":{"east":{"uv":[15.0,1.0,13.0,5.5],"tintindex":0,"rotation":0,"texture":"#2"},"west":{"uv":[13.0,1.0,15.0,5.5],"tintindex":0,"rotation":0,"texture":"#2"}},"rotation":{"origin":[8.0,8.0,8.0],"angle":-22.5,"axis":"y"}}],"display":{"gui":{"rotation":[30,225,0]}}}