{"textures":{"1":"modelengine:entity/forest_spirit","2":"modelengine:entity/forest_spirit_inside"},"elements":[{"from":[5.0,4.0,-12.333334],"to":[11.0,9.0,-2.0],"faces":{"east":{"uv":[11.875,0.0,13.8125,0.9375],"tintindex":0,"rotation":0,"texture":"#1"},"south":{"uv":[10.75,0.0,11.875,0.9375],"tintindex":0,"rotation":0,"texture":"#1"},"north":{"uv":[11.875,0.9375,13.0,1.875],"tintindex":0,"rotation":0,"texture":"#1"},"west":{"uv":[13.8125,0.0,11.875,0.9375],"tintindex":0,"rotation":0,"texture":"#1"},"up":{"uv":[9.625,1.9375,10.75,0.0],"tintindex":0,"rotation":0,"texture":"#1"},"down":{"uv":[10.75,0.0,11.875,1.9375],"tintindex":0,"rotation":0,"texture":"#1"}}},{"from":[3.333333,2.6666665,-2.0],"to":[12.666667,11.333334,8.0],"faces":{"east":{"uv":[5.8125,0.0,3.9375,1.375],"tintindex":0,"rotation":0,"texture":"#1"},"south":{"uv":[5.8125,0.0,7.5625,1.375],"tintindex":0,"rotation":0,"texture":"#1"},"north":{"uv":[2.1875,0.0,3.9375,1.375],"tintindex":0,"rotation":0,"texture":"#1"},"west":{"uv":[3.9375,0.0,5.8125,1.375],"tintindex":0,"rotation":0,"texture":"#1"},"up":{"uv":[3.9375,3.25,5.6875,1.375],"tintindex":0,"rotation":0,"texture":"#1"},"down":{"uv":[2.1875,1.375,3.9375,3.25],"tintindex":0,"rotation":0,"texture":"#1"}}},{"from":[3.6666665,3.0,2.333333],"to":[12.333334,11.0,7.6666665],"faces":{"east":{"uv":[7.0,0.0,0.0,6.5],"tintindex":0,"rotation":0,"texture":"#2"},"south":{"uv":[0.0,0.0,8.0,8.0],"tintindex":0,"rotation":0,"texture":"#2"},"north":{"uv":[0.0,0.0,8.0,8.0],"tintindex":0,"rotation":0,"texture":"#2"},"west":{"uv":[0.0,0.0,7.0,6.5],"tintindex":0,"rotation":0,"texture":"#2"},"up":{"uv":[0.0,12.0,8.0,0.0],"tintindex":0,"rotation":0,"texture":"#2"},"down":{"uv":[0.0,0.0,8.0,12.0],"tintindex":0,"rotation":0,"texture":"#2"}}},{"from":[5.6666665,4.333333,-12.0],"to":[10.666667,8.666667,-1.666667],"faces":{"east":{"uv":[7.0,0.0,0.0,6.5],"tintindex":0,"rotation":0,"texture":"#2"},"south":{"uv":[0.0,0.0,8.0,8.0],"tintindex":0,"rotation":0,"texture":"#2"},"north":{"uv":[0.0,0.0,8.0,8.0],"tintindex":0,"rotation":0,"texture":"#2"},"west":{"uv":[0.0,0.0,7.0,6.5],"tintindex":0,"rotation":0,"texture":"#2"},"up":{"uv":[0.0,12.0,8.0,0.0],"tintindex":0,"rotation":0,"texture":"#2"},"down":{"uv":[0.0,0.0,8.0,12.0],"tintindex":0,"rotation":0,"texture":"#2"}}},{"from":[4.6666665,3.0,-1.666667],"to":[11.333334,11.0,4.333333],"faces":{"east":{"uv":[7.0,0.0,0.0,6.5],"tintindex":0,"rotation":0,"texture":"#2"},"south":{"uv":[0.0,0.0,8.0,8.0],"tintindex":0,"rotation":0,"texture":"#2"},"north":{"uv":[0.0,0.0,8.0,8.0],"tintindex":0,"rotation":0,"texture":"#2"},"west":{"uv":[0.0,0.0,7.0,6.5],"tintindex":0,"rotation":0,"texture":"#2"},"up":{"uv":[0.0,12.0,8.0,0.0],"tintindex":0,"rotation":0,"texture":"#2"},"down":{"uv":[0.0,0.0,8.0,12.0],"tintindex":0,"rotation":0,"texture":"#2"}}}],"display":{"gui":{"rotation":[30,225,0]}}}