{"textures":{"1":"modelengine:entity/forest_spirit"},"elements":[{"from":[4.0,10.25,-3.75],"to":[6.0,12.25,16.5],"faces":{"east":{"uv":[7.0625,16.0,7.5625,10.9375],"tintindex":0,"rotation":90,"texture":"#1"},"south":{"uv":[7.6875,10.9375,7.1875,11.4375],"tintindex":0,"rotation":0,"texture":"#1"},"north":{"uv":[7.5625,15.5,7.0625,16.0],"tintindex":0,"rotation":0,"texture":"#1"},"west":{"uv":[7.0625,16.0,7.5625,10.9375],"tintindex":0,"rotation":90,"texture":"#1"},"up":{"uv":[7.0625,10.9375,6.5625,16.0],"tintindex":0,"rotation":0,"texture":"#1"},"down":{"uv":[9.125,7.6875,8.625,12.75],"tintindex":0,"rotation":0,"texture":"#1"}}},{"from":[-10.75,19.5,21.5],"to":[-1.75,21.0,23.0],"faces":{"east":{"uv":[6.0,8.3125,6.375,7.9375],"tintindex":0,"rotation":90,"texture":"#1"},"south":{"uv":[6.0,7.9375,8.25,8.3125],"tintindex":0,"rotation":0,"texture":"#1"},"north":{"uv":[8.25,7.9375,6.0,8.3125],"tintindex":0,"rotation":0,"texture":"#1"},"west":{"uv":[6.375,7.9375,6.0,8.3125],"tintindex":0,"rotation":0,"texture":"#1"},"up":{"uv":[6.0,7.5625,8.25,7.9375],"tintindex":0,"rotation":0,"texture":"#1"},"down":{"uv":[8.625,9.9375,9.0,7.6875],"tintindex":0,"rotation":90,"texture":"#1"}}},{"from":[6.0,6.0,6.0],"to":[8.0,12.25,8.0],"faces":{"east":{"uv":[8.0625,14.0,7.5625,15.5625],"tintindex":0,"rotation":0,"texture":"#1"},"south":{"uv":[8.0625,14.0,7.5625,15.5625],"tintindex":0,"rotation":0,"texture":"#1"},"north":{"uv":[8.0625,14.0,7.5625,15.5625],"tintindex":0,"rotation":0,"texture":"#1"},"west":{"uv":[8.0625,14.0,7.5625,15.5625],"tintindex":0,"rotation":0,"texture":"#1"},"up":{"uv":[8.0625,13.5,7.5625,14.0],"tintindex":0,"rotation":0,"texture":"#1"},"down":{"uv":[8.0625,15.5,7.5625,16.0],"tintindex":0,"rotation":0,"texture":"#1"}}},{"from":[-0.25,12.25,1.0],"to":[1.75,17.5,2.5],"faces":{"east":{"uv":[7.0625,8.8125,6.6875,10.125],"tintindex":0,"rotation":0,"texture":"#1"},"south":{"uv":[7.1875,8.8125,6.6875,10.125],"tintindex":0,"rotation":0,"texture":"#1"},"north":{"uv":[7.1875,8.8125,6.6875,10.125],"tintindex":0,"rotation":0,"texture":"#1"},"west":{"uv":[7.0625,8.8125,6.6875,10.125],"tintindex":0,"rotation":0,"texture":"#1"},"up":{"uv":[7.1875,8.4375,6.6875,8.8125],"tintindex":0,"rotation":0,"texture":"#1"}}},{"from":[4.0,12.25,-3.75],"to":[6.0,15.0,-2.25],"faces":{"east":{"uv":[6.4375,15.3125,6.0625,16.0],"tintindex":0,"rotation":0,"texture":"#1"},"south":{"uv":[6.5625,15.3125,6.0625,16.0],"tintindex":0,"rotation":0,"texture":"#1"},"north":{"uv":[6.5625,15.3125,6.0625,16.0],"tintindex":0,"rotation":0,"texture":"#1"},"west":{"uv":[6.4375,15.3125,6.0625,16.0],"tintindex":0,"rotation":0,"texture":"#1"},"up":{"uv":[6.5625,15.3125,6.0625,14.9375],"tintindex":0,"rotation":0,"texture":"#1"}}},{"from":[-5.5,26.25,26.0],"to":[-4.0,30.0,27.5],"faces":{"east":{"uv":[9.8125,11.8125,9.4375,12.75],"tintindex":0,"rotation":0,"texture":"#1"},"south":{"uv":[9.8125,11.8125,9.4375,12.75],"tintindex":0,"rotation":0,"texture":"#1"},"north":{"uv":[9.8125,11.8125,9.4375,12.75],"tintindex":0,"rotation":0,"texture":"#1"},"west":{"uv":[9.8125,11.8125,9.4375,12.75],"tintindex":0,"rotation":0,"texture":"#1"},"up":{"uv":[9.8125,12.75,9.4375,13.125],"tintindex":0,"rotation":0,"texture":"#1"}}},{"from":[-6.5,10.25,4.5],"to":[-4.5,12.25,12.75],"faces":{"east":{"uv":[3.9375,13.5,4.4375,11.4375],"tintindex":0,"rotation":90,"texture":"#1"},"south":{"uv":[4.4375,11.4375,3.9375,11.9375],"tintindex":0,"rotation":0,"texture":"#1"},"north":{"uv":[4.4375,11.4375,3.9375,11.9375],"tintindex":0,"rotation":0,"texture":"#1"},"west":{"uv":[3.9375,13.5,4.4375,11.4375],"tintindex":0,"rotation":90,"texture":"#1"},"up":{"uv":[3.9375,11.4375,3.4375,13.5],"tintindex":0,"rotation":0,"texture":"#1"},"down":{"uv":[9.125,12.75,8.625,10.6875],"tintindex":0,"rotation":0,"texture":"#1"}}},{"from":[-1.75,12.25,21.5],"to":[-0.25,19.5,23.0],"faces":{"east":{"uv":[6.5625,8.3125,6.1875,10.125],"tintindex":0,"rotation":0,"texture":"#1"},"south":{"uv":[6.5625,8.3125,6.1875,10.125],"tintindex":0,"rotation":0,"texture":"#1"},"north":{"uv":[6.5625,8.3125,6.1875,10.125],"tintindex":0,"rotation":0,"texture":"#1"},"west":{"uv":[6.5625,8.3125,6.1875,10.125],"tintindex":0,"rotation":0,"texture":"#1"}}},{"from":[-9.75,13.75,4.5],"to":[-8.25,16.5,6.0],"faces":{"east":{"uv":[1.625,10.3125,1.25,11.0],"tintindex":0,"rotation":0,"texture":"#1"},"south":{"uv":[1.625,10.3125,1.25,11.0],"tintindex":0,"rotation":0,"texture":"#1"},"north":{"uv":[1.625,10.3125,1.25,11.0],"tintindex":0,"rotation":0,"texture":"#1"},"west":{"uv":[1.625,10.3125,1.25,11.0],"tintindex":0,"rotation":0,"texture":"#1"},"up":{"uv":[1.625,9.9375,1.25,10.3125],"tintindex":0,"rotation":0,"texture":"#1"}}},{"from":[8.0,19.75,15.0],"to":[9.5,25.0,16.5],"faces":{"east":{"uv":[7.5625,9.1875,7.1875,10.5],"tintindex":0,"rotation":0,"texture":"#1"},"south":{"uv":[7.5625,9.1875,7.1875,10.5],"tintindex":0,"rotation":0,"texture":"#1"},"north":{"uv":[7.5625,9.1875,7.1875,10.5],"tintindex":0,"rotation":0,"texture":"#1"},"west":{"uv":[7.5625,9.1875,7.1875,10.5],"tintindex":0,"rotation":0,"texture":"#1"},"up":{"uv":[7.5625,8.8125,7.1875,9.1875],"tintindex":0,"rotation":0,"texture":"#1"}}},{"from":[-12.0,16.0,11.25],"to":[-3.0,17.5,12.75],"faces":{"east":{"uv":[2.5625,11.4375,2.9375,11.0625],"tintindex":0,"rotation":90,"texture":"#1"},"south":{"uv":[4.8125,11.0625,2.5625,11.4375],"tintindex":0,"rotation":0,"texture":"#1"},"north":{"uv":[4.8125,11.0625,2.5625,11.4375],"tintindex":0,"rotation":0,"texture":"#1"},"west":{"uv":[2.9375,11.0625,2.5625,11.4375],"tintindex":0,"rotation":0,"texture":"#1"},"up":{"uv":[4.8125,10.6875,2.5625,11.0625],"tintindex":0,"rotation":0,"texture":"#1"},"down":{"uv":[8.6875,12.6875,9.0625,10.4375],"tintindex":0,"rotation":90,"texture":"#1"}}},{"from":[0.5,18.25,15.0],"to":[9.5,19.75,16.5],"faces":{"east":{"uv":[5.3125,10.875,5.6875,10.5],"tintindex":0,"rotation":90,"texture":"#1"},"south":{"uv":[7.5625,10.5,5.3125,10.875],"tintindex":0,"rotation":0,"texture":"#1"},"north":{"uv":[7.5625,10.5,5.3125,10.875],"tintindex":0,"rotation":0,"texture":"#1"},"west":{"uv":[5.3125,10.875,5.6875,10.5],"tintindex":0,"rotation":90,"texture":"#1"},"up":{"uv":[7.5625,10.125,5.3125,10.5],"tintindex":0,"rotation":0,"texture":"#1"},"down":{"uv":[7.5625,10.5,5.3125,10.875],"tintindex":0,"rotation":0,"texture":"#1"}}},{"from":[-4.5,10.25,6.0],"to":[4.0,12.25,8.0],"faces":{"east":{"uv":[4.4375,13.5,4.9375,13.0],"tintindex":0,"rotation":90,"texture":"#1"},"south":{"uv":[6.5625,13.0,4.4375,13.5],"tintindex":0,"rotation":0,"texture":"#1"},"north":{"uv":[6.5625,13.0,4.4375,13.5],"tintindex":0,"rotation":0,"texture":"#1"},"west":{"uv":[4.4375,13.5,4.9375,13.0],"tintindex":0,"rotation":90,"texture":"#1"},"up":{"uv":[6.5625,12.5,4.4375,13.0],"tintindex":0,"rotation":0,"texture":"#1"},"down":{"uv":[6.5625,13.0,4.4375,13.5],"tintindex":0,"rotation":0,"texture":"#1"}}},{"from":[-1.75,10.25,15.0],"to":[4.0,12.25,16.5],"faces":{"east":{"uv":[3.0,10.0,3.5,9.625],"tintindex":0,"rotation":90,"texture":"#1"},"south":{"uv":[4.4375,9.625,3.0,10.125],"tintindex":0,"rotation":0,"texture":"#1"},"north":{"uv":[4.4375,9.625,3.0,10.125],"tintindex":0,"rotation":0,"texture":"#1"},"west":{"uv":[3.0,10.0,3.5,9.625],"tintindex":0,"rotation":90,"texture":"#1"},"up":{"uv":[3.0,9.625,4.4375,9.25],"tintindex":0,"rotation":0,"texture":"#1"},"down":{"uv":[8.75,9.375,9.125,7.9375],"tintindex":0,"rotation":90,"texture":"#1"}}},{"from":[-4.5,17.5,11.25],"to":[-3.0,22.75,12.75],"faces":{"east":{"uv":[4.8125,9.875,4.4375,11.1875],"tintindex":0,"rotation":0,"texture":"#1"},"south":{"uv":[4.8125,9.875,4.4375,11.1875],"tintindex":0,"rotation":0,"texture":"#1"},"north":{"uv":[4.8125,9.875,4.4375,11.1875],"tintindex":0,"rotation":0,"texture":"#1"},"west":{"uv":[4.8125,9.875,4.4375,11.1875],"tintindex":0,"rotation":0,"texture":"#1"},"up":{"uv":[4.8125,9.5,4.4375,9.875],"tintindex":0,"rotation":0,"texture":"#1"}}},{"from":[0.5,19.75,15.0],"to":[2.0,23.5,16.5],"faces":{"east":{"uv":[5.6875,9.5625,5.3125,10.5],"tintindex":0,"rotation":0,"texture":"#1"},"south":{"uv":[5.6875,9.5625,5.3125,10.5],"tintindex":0,"rotation":0,"texture":"#1"},"north":{"uv":[5.6875,9.5625,5.3125,10.5],"tintindex":0,"rotation":0,"texture":"#1"},"west":{"uv":[5.6875,9.5625,5.3125,10.5],"tintindex":0,"rotation":0,"texture":"#1"},"up":{"uv":[5.6875,9.1875,5.3125,9.5625],"tintindex":0,"rotation":0,"texture":"#1"}}},{"from":[-9.75,12.25,4.5],"to":[-4.5,13.75,6.0],"faces":{"east":{"uv":[2.5625,11.0,2.1875,11.375],"tintindex":0,"rotation":0,"texture":"#1"},"south":{"uv":[1.25,11.0,2.5625,11.375],"tintindex":0,"rotation":0,"texture":"#1"},"north":{"uv":[2.5625,11.0,1.25,11.375],"tintindex":0,"rotation":0,"texture":"#1"},"west":{"uv":[1.625,11.0,1.25,11.375],"tintindex":0,"rotation":0,"texture":"#1"},"up":{"uv":[1.25,10.625,2.5625,11.0],"tintindex":0,"rotation":0,"texture":"#1"},"down":{"uv":[8.6875,9.0,9.0625,7.6875],"tintindex":0,"rotation":90,"texture":"#1"}}},{"from":[-0.25,10.25,1.0],"to":[1.75,12.25,6.0],"faces":{"east":{"uv":[6.5625,12.0,5.3125,12.5],"tintindex":0,"rotation":0,"texture":"#1"},"south":{"uv":[8.0625,9.6875,7.5625,10.1875],"tintindex":0,"rotation":0,"texture":"#1"},"north":{"uv":[7.625,10.375,7.125,10.875],"tintindex":0,"rotation":0,"texture":"#1"},"west":{"uv":[5.3125,12.0,6.5625,12.5],"tintindex":0,"rotation":0,"texture":"#1"},"up":{"uv":[8.0625,8.4375,7.5625,9.6875],"tintindex":0,"rotation":0,"texture":"#1"},"down":{"uv":[9.125,11.5,8.625,12.75],"tintindex":0,"rotation":0,"texture":"#1"}}},{"from":[-1.75,10.25,16.5],"to":[-0.25,12.25,23.0],"faces":{"east":{"uv":[2.5,10.125,3.0,8.5],"tintindex":0,"rotation":90,"texture":"#1"},"south":{"uv":[2.875,8.5,2.5,9.0],"tintindex":0,"rotation":0,"texture":"#1"},"north":{"uv":[2.875,8.5,2.5,9.0],"tintindex":0,"rotation":0,"texture":"#1"},"west":{"uv":[2.5,10.125,3.0,8.5],"tintindex":0,"rotation":90,"texture":"#1"},"up":{"uv":[2.5,10.125,2.125,8.5],"tintindex":0,"rotation":0,"texture":"#1"},"down":{"uv":[9.125,8.375,8.75,10.0],"tintindex":0,"rotation":0,"texture":"#1"}}},{"from":[4.0,12.25,15.0],"to":[6.0,18.25,16.5],"faces":{"east":{"uv":[8.0625,10.9375,7.6875,12.4375],"tintindex":0,"rotation":0,"texture":"#1"},"south":{"uv":[8.0625,10.9375,7.5625,12.4375],"tintindex":0,"rotation":0,"texture":"#1"},"north":{"uv":[8.0625,10.9375,7.5625,12.4375],"tintindex":0,"rotation":0,"texture":"#1"},"west":{"uv":[8.0625,10.9375,7.6875,12.4375],"tintindex":0,"rotation":0,"texture":"#1"}}},{"from":[-10.75,21.0,21.5],"to":[-9.25,24.75,23.0],"faces":{"east":{"uv":[6.375,7.0,6.0,7.9375],"tintindex":0,"rotation":0,"texture":"#1"},"south":{"uv":[6.0,7.0,6.375,7.9375],"tintindex":0,"rotation":0,"texture":"#1"},"north":{"uv":[6.375,7.0,6.0,7.9375],"tintindex":0,"rotation":0,"texture":"#1"},"west":{"uv":[6.375,7.0,6.0,7.9375],"tintindex":0,"rotation":0,"texture":"#1"},"up":{"uv":[6.375,6.625,6.0,7.0],"tintindex":0,"rotation":0,"texture":"#1"}}},{"from":[-1.75,21.0,26.0],"to":[-0.25,24.75,27.5],"faces":{"east":{"uv":[6.125,8.8125,5.75,9.75],"tintindex":0,"rotation":0,"texture":"#1"},"south":{"uv":[6.125,8.8125,5.75,9.75],"tintindex":0,"rotation":0,"texture":"#1"},"north":{"uv":[6.125,8.8125,5.75,9.75],"tintindex":0,"rotation":0,"texture":"#1"},"west":{"uv":[6.125,8.8125,5.75,9.75],"tintindex":0,"rotation":0,"texture":"#1"}}},{"from":[-5.5,24.75,26.0],"to":[3.5,26.25,27.5],"faces":{"east":{"uv":[7.5625,13.5,7.9375,13.125],"tintindex":0,"rotation":90,"texture":"#1"},"south":{"uv":[9.8125,13.125,7.5625,13.5],"tintindex":0,"rotation":0,"texture":"#1"},"north":{"uv":[9.8125,13.125,7.5625,13.5],"tintindex":0,"rotation":0,"texture":"#1"},"west":{"uv":[7.5625,13.5,7.9375,13.125],"tintindex":0,"rotation":90,"texture":"#1"},"up":{"uv":[9.8125,12.75,7.5625,13.125],"tintindex":0,"rotation":0,"texture":"#1"},"down":{"uv":[9.8125,13.125,7.5625,13.5],"tintindex":0,"rotation":0,"texture":"#1"}}},{"from":[-6.5,12.25,11.25],"to":[-4.5,16.0,12.75],"faces":{"east":{"uv":[3.3125,11.4375,2.9375,12.375],"tintindex":0,"rotation":0,"texture":"#1"},"south":{"uv":[3.4375,11.4375,2.9375,12.375],"tintindex":0,"rotation":0,"texture":"#1"},"north":{"uv":[3.4375,11.4375,2.9375,12.375],"tintindex":0,"rotation":0,"texture":"#1"},"west":{"uv":[3.3125,11.4375,2.9375,12.375],"tintindex":0,"rotation":0,"texture":"#1"}}},{"from":[-1.75,19.5,21.5],"to":[-0.25,21.0,27.5],"faces":{"east":{"uv":[4.875,9.5,5.25,8.0],"tintindex":0,"rotation":90,"texture":"#1"},"south":{"uv":[6.125,9.75,5.75,10.125],"tintindex":0,"rotation":0,"texture":"#1"},"north":{"uv":[5.25,9.5,4.875,9.875],"tintindex":0,"rotation":0,"texture":"#1"},"west":{"uv":[4.875,9.5,5.25,8.0],"tintindex":0,"rotation":90,"texture":"#1"},"up":{"uv":[4.875,9.5,4.5,8.0],"tintindex":0,"rotation":0,"texture":"#1"},"down":{"uv":[5.25,8.0,4.875,9.5],"tintindex":0,"rotation":0,"texture":"#1"}}},{"from":[2.0,26.25,26.0],"to":[3.5,31.5,27.5],"faces":{"east":{"uv":[8.5,11.125,8.125,12.4375],"tintindex":0,"rotation":0,"texture":"#1"},"south":{"uv":[8.5,11.125,8.125,12.4375],"tintindex":0,"rotation":0,"texture":"#1"},"north":{"uv":[8.5,11.125,8.125,12.4375],"tintindex":0,"rotation":0,"texture":"#1"},"west":{"uv":[8.5,11.125,8.125,12.4375],"tintindex":0,"rotation":0,"texture":"#1"},"up":{"uv":[7.9375,12.75,7.5625,13.125],"tintindex":0,"rotation":0,"texture":"#1"}}},{"from":[-12.0,17.5,11.25],"to":[-10.5,21.25,12.75],"faces":{"east":{"uv":[2.9375,10.5,2.5625,11.4375],"tintindex":0,"rotation":0,"texture":"#1"},"south":{"uv":[2.9375,10.5,2.5625,11.4375],"tintindex":0,"rotation":0,"texture":"#1"},"north":{"uv":[2.9375,10.5,2.5625,11.4375],"tintindex":0,"rotation":0,"texture":"#1"},"west":{"uv":[2.9375,10.5,2.5625,11.4375],"tintindex":0,"rotation":0,"texture":"#1"},"up":{"uv":[2.9375,10.125,2.5625,10.5],"tintindex":0,"rotation":0,"texture":"#1"}}},{"from":[-6.5,21.0,21.5],"to":[-5.0,27.75,23.0],"faces":{"east":{"uv":[7.4375,6.25,7.0625,7.9375],"tintindex":0,"rotation":0,"texture":"#1"},"south":{"uv":[7.4375,6.25,7.0625,7.9375],"tintindex":0,"rotation":0,"texture":"#1"},"north":{"uv":[7.0625,6.25,7.4375,7.9375],"tintindex":0,"rotation":0,"texture":"#1"},"west":{"uv":[7.4375,6.25,7.0625,7.9375],"tintindex":0,"rotation":0,"texture":"#1"},"up":{"uv":[7.4375,5.875,7.0625,6.25],"tintindex":0,"rotation":0,"texture":"#1"}}}],"display":{"gui":{"rotation":[30,225,0]}}}