{"textures":{"1":"modelengine:entity/forest_spirit","2":"modelengine:entity/forest_spirit_inside"},"elements":[{"from":[4.0,6.0,-7.0],"to":[12.0,9.5,10.5],"faces":{"east":{"uv":[8.625,5.3125,6.4375,5.75],"tintindex":0,"rotation":0,"texture":"#1"},"south":{"uv":[7.625,3.125,8.625,3.5625],"tintindex":0,"rotation":0,"texture":"#1"},"north":{"uv":[7.625,2.6875,8.625,3.125],"tintindex":0,"rotation":0,"texture":"#1"},"west":{"uv":[6.4375,5.3125,8.625,5.75],"tintindex":0,"rotation":0,"texture":"#1"},"up":{"uv":[6.625,5.3125,7.625,3.125],"tintindex":0,"rotation":0,"texture":"#1"},"down":{"uv":[7.625,3.125,8.625,5.3125],"tintindex":0,"rotation":0,"texture":"#1"}}},{"from":[4.5,6.5,-6.5],"to":[11.5,8.0,11.0],"faces":{"east":{"uv":[7.0,0.0,0.0,6.5],"tintindex":0,"rotation":0,"texture":"#2"},"south":{"uv":[0.0,0.0,8.0,8.0],"tintindex":0,"rotation":0,"texture":"#2"},"north":{"uv":[0.0,0.0,8.0,8.0],"tintindex":0,"rotation":0,"texture":"#2"},"west":{"uv":[0.0,0.0,7.0,6.5],"tintindex":0,"rotation":0,"texture":"#2"},"up":{"uv":[0.0,12.0,8.0,0.0],"tintindex":0,"rotation":0,"texture":"#2"},"down":{"uv":[0.0,0.0,8.0,12.0],"tintindex":0,"rotation":0,"texture":"#2"}}}],"display":{"gui":{"rotation":[30,225,0]}}}