{"textures":{"1":"modelengine:entity/forest_spirit"},"elements":[{"from":[7.495,10.495,3.995],"to":[8.505,11.505,7.005],"faces":{"east":{"uv":[14.1875,1.625,14.3125,2.0],"tintindex":0,"rotation":90,"texture":"#1"},"south":{"uv":[14.1875,1.625,14.3125,1.75],"tintindex":0,"rotation":0,"texture":"#1"},"north":{"uv":[14.1875,1.625,14.3125,1.75],"tintindex":0,"rotation":180,"texture":"#1"},"west":{"uv":[14.1875,1.625,14.3125,2.0],"tintindex":0,"rotation":270,"texture":"#1"},"up":{"uv":[14.1875,1.625,14.3125,2.0],"tintindex":0,"rotation":0,"texture":"#1"}}},{"from":[7.495,10.495,-1.0050001],"to":[8.505,12.505,2.005],"faces":{"east":{"uv":[14.1875,1.625,14.4375,2.0],"tintindex":0,"rotation":90,"texture":"#1"},"south":{"uv":[14.1875,1.625,14.3125,1.875],"tintindex":0,"rotation":0,"texture":"#1"},"north":{"uv":[14.1875,1.625,14.3125,1.875],"tintindex":0,"rotation":180,"texture":"#1"},"west":{"uv":[14.4375,1.625,14.1875,2.0],"tintindex":0,"rotation":270,"texture":"#1"},"up":{"uv":[14.1875,1.625,14.3125,2.0],"tintindex":0,"rotation":0,"texture":"#1"}}},{"from":[5.5,7.5,-6.5],"to":[5.5,18.5,7.5],"faces":{"east":{"uv":[16.0,11.75,14.625,13.5],"tintindex":0,"rotation":90,"texture":"#1"},"west":{"uv":[14.625,11.75,16.0,13.5],"tintindex":0,"rotation":270,"texture":"#1"}},"rotation":{"origin":[6.0,7.5,7.0],"angle":22.5,"axis":"z"}},{"from":[10.5,7.5,-6.5],"to":[10.5,18.5,7.5],"faces":{"east":{"uv":[16.0,11.75,14.625,13.5],"tintindex":0,"rotation":90,"texture":"#1"},"west":{"uv":[14.625,11.75,16.0,13.5],"tintindex":0,"rotation":270,"texture":"#1"}},"rotation":{"origin":[9.0,7.5,7.0],"angle":-22.5,"axis":"z"}},{"from":[5.5,5.5,-7.0],"to":[10.5,10.5,8.0],"faces":{"east":{"uv":[11.5,5.625,12.125,7.5],"tintindex":0,"rotation":90,"texture":"#1"},"south":{"uv":[11.5,7.5,12.125,8.125],"tintindex":0,"rotation":0,"texture":"#1"},"north":{"uv":[11.5,7.5,12.125,8.125],"tintindex":0,"rotation":180,"texture":"#1"},"west":{"uv":[11.5,5.625,12.125,7.5],"tintindex":0,"rotation":270,"texture":"#1"},"up":{"uv":[10.25,5.625,10.875,7.5],"tintindex":0,"rotation":0,"texture":"#1"},"down":{"uv":[11.5,5.625,12.125,7.5],"tintindex":0,"rotation":180,"texture":"#1"}}},{"from":[7.495,10.495,-6.005],"to":[8.505,11.505,-2.995],"faces":{"east":{"uv":[14.1875,1.625,14.3125,2.0],"tintindex":0,"rotation":90,"texture":"#1"},"south":{"uv":[14.1875,1.625,14.3125,1.75],"tintindex":0,"rotation":0,"texture":"#1"},"north":{"uv":[14.1875,1.625,14.3125,1.75],"tintindex":0,"rotation":180,"texture":"#1"},"west":{"uv":[14.1875,1.625,14.3125,2.0],"tintindex":0,"rotation":270,"texture":"#1"},"up":{"uv":[14.1875,1.625,14.3125,2.0],"tintindex":0,"rotation":0,"texture":"#1"}}}],"display":{"gui":{"rotation":[30,225,0]}}}