{"textures":{"1":"modelengine:entity/forest_spirit"},"elements":[{"from":[5.495,7.995,5.495],"to":[10.505,23.005,10.505],"faces":{"east":{"uv":[11.5,5.625,12.125,7.5],"tintindex":0,"rotation":0,"texture":"#1"},"south":{"uv":[10.25,5.625,10.875,7.5],"tintindex":0,"rotation":0,"texture":"#1"},"north":{"uv":[11.5,5.625,12.125,7.5],"tintindex":0,"rotation":0,"texture":"#1"},"west":{"uv":[11.5,5.625,12.125,7.5],"tintindex":0,"rotation":0,"texture":"#1"},"up":{"uv":[11.5,7.5,12.125,8.125],"tintindex":0,"rotation":0,"texture":"#1"},"down":{"uv":[11.5,7.5,12.125,8.125],"tintindex":0,"rotation":0,"texture":"#1"}}},{"from":[5.45,8.0,8.5],"to":[5.5,23.0,20.5],"faces":{"east":{"uv":[12.4375,3.4375,10.9375,5.3125],"tintindex":0,"rotation":0,"texture":"#1"},"west":{"uv":[10.9375,3.4375,12.4375,5.3125],"tintindex":0,"rotation":0,"texture":"#1"}},"rotation":{"origin":[6.0,8.0,8.5],"angle":-22.5,"axis":"y"}},{"from":[7.495,8.995,10.495],"to":[8.505,12.005,11.505],"faces":{"east":{"uv":[14.1875,1.625,14.3125,2.0],"tintindex":0,"rotation":0,"texture":"#1"},"south":{"uv":[14.1875,1.625,14.3125,2.0],"tintindex":0,"rotation":0,"texture":"#1"},"west":{"uv":[14.1875,1.625,14.3125,2.0],"tintindex":0,"rotation":0,"texture":"#1"},"up":{"uv":[14.1875,1.625,14.3125,1.75],"tintindex":0,"rotation":0,"texture":"#1"},"down":{"uv":[14.1875,1.625,14.3125,1.75],"tintindex":0,"rotation":0,"texture":"#1"}}},{"from":[7.495,13.995,10.495],"to":[8.505,17.005001,12.505],"faces":{"east":{"uv":[14.1875,1.625,14.4375,2.0],"tintindex":0,"rotation":0,"texture":"#1"},"south":{"uv":[14.1875,1.625,14.3125,2.0],"tintindex":0,"rotation":0,"texture":"#1"},"west":{"uv":[14.4375,1.625,14.1875,2.0],"tintindex":0,"rotation":0,"texture":"#1"},"up":{"uv":[14.1875,1.625,14.3125,1.875],"tintindex":0,"rotation":0,"texture":"#1"},"down":{"uv":[14.1875,1.625,14.3125,1.875],"tintindex":0,"rotation":0,"texture":"#1"}}},{"from":[10.45,8.0,7.5],"to":[10.5,23.0,19.5],"faces":{"east":{"uv":[12.4375,3.4375,10.9375,5.3125],"tintindex":0,"rotation":0,"texture":"#1"},"west":{"uv":[10.9375,3.4375,12.4375,5.3125],"tintindex":0,"rotation":0,"texture":"#1"}},"rotation":{"origin":[10.0,8.0,7.5],"angle":22.5,"axis":"y"}},{"from":[7.495,18.994999,10.495],"to":[8.505,22.005,11.505],"faces":{"east":{"uv":[14.1875,1.625,14.3125,2.0],"tintindex":0,"rotation":0,"texture":"#1"},"south":{"uv":[14.1875,1.625,14.3125,2.0],"tintindex":0,"rotation":0,"texture":"#1"},"west":{"uv":[14.1875,1.625,14.3125,2.0],"tintindex":0,"rotation":0,"texture":"#1"},"up":{"uv":[14.1875,1.625,14.3125,1.75],"tintindex":0,"rotation":0,"texture":"#1"},"down":{"uv":[14.1875,1.625,14.3125,1.75],"tintindex":0,"rotation":0,"texture":"#1"}}}],"display":{"gui":{"rotation":[30,225,0]}}}