{"textures":{"1":"modelengine:entity/forest_spirit"},"elements":[{"from":[0.0,-8.0,1.0],"to":[6.0,-5.0,5.0],"faces":{"south":{"uv":[9.3125,1.6875,8.5625,2.0625],"tintindex":0,"rotation":0,"texture":"#1"},"north":{"uv":[8.5625,1.6875,9.3125,2.0625],"tintindex":0,"rotation":0,"texture":"#1"},"west":{"uv":[7.5,2.125,8.0,2.5],"tintindex":0,"rotation":0,"texture":"#1"},"up":{"uv":[8.0,1.625,7.25,2.125],"tintindex":0,"rotation":0,"texture":"#1"},"down":{"uv":[8.0,1.625,7.25,2.125],"tintindex":0,"rotation":0,"texture":"#1"}}},{"from":[2.0,-5.0,9.0],"to":[6.0,-2.0,13.0],"faces":{"south":{"uv":[9.5625,1.25,9.0625,1.625],"tintindex":0,"rotation":0,"texture":"#1"},"north":{"uv":[9.0625,1.25,9.5625,1.625],"tintindex":0,"rotation":0,"texture":"#1"},"west":{"uv":[7.5,2.125,8.0,2.5],"tintindex":0,"rotation":0,"texture":"#1"},"up":{"uv":[9.0,2.0625,8.5,2.5625],"tintindex":0,"rotation":0,"texture":"#1"},"down":{"uv":[9.0,2.0625,8.5,2.5625],"tintindex":0,"rotation":0,"texture":"#1"}}},{"from":[6.0,-8.0,5.0],"to":[10.0,8.0,9.0],"faces":{"east":{"uv":[5.6875,1.375,6.1875,3.375],"tintindex":0,"rotation":0,"texture":"#1"},"south":{"uv":[8.5625,0.0625,8.0625,2.0625],"tintindex":0,"rotation":0,"texture":"#1"},"north":{"uv":[8.0625,0.0625,8.5625,2.0625],"tintindex":0,"rotation":0,"texture":"#1"},"west":{"uv":[5.6875,1.375,6.1875,3.375],"tintindex":0,"rotation":0,"texture":"#1"},"up":{"uv":[8.0625,0.0625,8.5625,0.5625],"tintindex":0,"rotation":0,"texture":"#1"},"down":{"uv":[7.5,1.625,8.0,2.125],"tintindex":0,"rotation":0,"texture":"#1"}},"rotation":{"origin":[7.5,8.0,8.0],"angle":22.5,"axis":"z"}},{"from":[0.0,-8.0,5.0],"to":[6.0,-5.0,9.0],"faces":{"south":{"uv":[9.3125,1.6875,8.5625,2.0625],"tintindex":0,"rotation":0,"texture":"#1"},"north":{"uv":[8.5625,1.6875,9.3125,2.0625],"tintindex":0,"rotation":0,"texture":"#1"},"west":{"uv":[7.5,2.125,8.0,2.5],"tintindex":0,"rotation":0,"texture":"#1"},"up":{"uv":[8.0,0.0,8.75,0.5],"tintindex":0,"rotation":0,"texture":"#1"},"down":{"uv":[6.75,1.625,7.5,2.125],"tintindex":0,"rotation":0,"texture":"#1"}},"rotation":{"origin":[7.5,8.0,8.0],"angle":22.5,"axis":"z"}},{"from":[6.0,-8.0,1.0],"to":[10.0,8.0,5.0],"faces":{"east":{"uv":[5.6875,1.375,6.1875,3.375],"tintindex":0,"rotation":0,"texture":"#1"},"south":{"uv":[8.5625,0.0625,8.0625,2.0625],"tintindex":0,"rotation":0,"texture":"#1"},"north":{"uv":[8.0625,0.0625,8.5625,2.0625],"tintindex":0,"rotation":0,"texture":"#1"},"west":{"uv":[5.6875,1.375,6.1875,3.375],"tintindex":0,"rotation":0,"texture":"#1"},"up":{"uv":[8.0625,0.0625,8.5625,0.5625],"tintindex":0,"rotation":0,"texture":"#1"},"down":{"uv":[7.25,1.625,6.75,2.125],"tintindex":0,"rotation":0,"texture":"#1"}}},{"from":[1.9499998,-5.0,0.5],"to":[5.950001,-2.0,4.5],"faces":{"south":{"uv":[9.5625,1.25,9.0625,1.625],"tintindex":0,"rotation":0,"texture":"#1"},"north":{"uv":[9.0625,1.25,9.5625,1.625],"tintindex":0,"rotation":0,"texture":"#1"},"west":{"uv":[7.5,2.125,8.0,2.5],"tintindex":0,"rotation":0,"texture":"#1"},"up":{"uv":[9.0,2.0625,8.5,2.5625],"tintindex":0,"rotation":0,"texture":"#1"},"down":{"uv":[9.0,2.0625,8.5,2.5625],"tintindex":0,"rotation":0,"texture":"#1"}},"rotation":{"origin":[7.5,8.0,1.0],"angle":22.5,"axis":"x"}},{"from":[6.0,-5.0,9.0],"to":[10.0,8.0,13.0],"faces":{"east":{"uv":[7.5625,0.0,8.0625,1.625],"tintindex":0,"rotation":0,"texture":"#1"},"south":{"uv":[9.0625,0.0,8.5625,1.625],"tintindex":0,"rotation":0,"texture":"#1"},"north":{"uv":[8.5625,0.0,9.0625,1.625],"tintindex":0,"rotation":0,"texture":"#1"},"west":{"uv":[7.5625,0.0,8.0625,1.625],"tintindex":0,"rotation":0,"texture":"#1"},"up":{"uv":[8.0625,0.0625,8.5625,0.5625],"tintindex":0,"rotation":0,"texture":"#1"},"down":{"uv":[8.5,2.0625,8.0,2.5625],"tintindex":0,"rotation":0,"texture":"#1"}}},{"from":[5.950001,-5.0,0.5],"to":[9.950001,8.0,4.5],"faces":{"east":{"uv":[7.5625,0.0,8.0625,1.625],"tintindex":0,"rotation":0,"texture":"#1"},"south":{"uv":[9.0625,0.0,8.5625,1.625],"tintindex":0,"rotation":0,"texture":"#1"},"north":{"uv":[8.5625,0.0,9.0625,1.625],"tintindex":0,"rotation":0,"texture":"#1"},"west":{"uv":[7.5625,0.0,8.0625,1.625],"tintindex":0,"rotation":0,"texture":"#1"},"up":{"uv":[8.0,0.0625,8.5,0.5625],"tintindex":0,"rotation":0,"texture":"#1"},"down":{"uv":[8.5,2.0625,8.0,2.5625],"tintindex":0,"rotation":0,"texture":"#1"}},"rotation":{"origin":[7.5,8.0,1.0],"angle":22.5,"axis":"x"}}],"display":{"gui":{"rotation":[30,225,0]}}}