{"textures":{"1":"modelengine:entity/forest_spirit"},"elements":[{"from":[17.0,6.5,-13.5],"to":[19.5,9.0,-3.5],"faces":{"east":{"uv":[4.625,5.0,4.9375,6.25],"tintindex":0,"rotation":90,"texture":"#1"},"south":{"uv":[4.625,5.0,4.9375,5.3125],"tintindex":0,"rotation":0,"texture":"#1"},"north":{"uv":[4.625,4.6875,4.3125,5.0],"tintindex":0,"rotation":0,"texture":"#1"},"west":{"uv":[4.625,5.0,4.9375,6.25],"tintindex":0,"rotation":90,"texture":"#1"},"up":{"uv":[4.3125,5.0,4.625,6.25],"tintindex":0,"rotation":0,"texture":"#1"},"down":{"uv":[4.9375,5.0,5.25,6.25],"tintindex":0,"rotation":0,"texture":"#1"}}},{"from":[0.0,4.0,-13.5],"to":[3.0,6.5,-11.0],"faces":{"east":{"uv":[2.1875,5.625,2.5,5.9375],"tintindex":0,"rotation":0,"texture":"#1"},"south":{"uv":[2.1875,5.625,2.5625,5.9375],"tintindex":0,"rotation":0,"texture":"#1"},"north":{"uv":[5.0,4.6875,4.625,5.0],"tintindex":0,"rotation":0,"texture":"#1"},"west":{"uv":[2.1875,6.25,2.5,6.5625],"tintindex":0,"rotation":0,"texture":"#1"},"up":{"uv":[2.1875,5.625,2.5625,5.9375],"tintindex":0,"rotation":0,"texture":"#1"},"down":{"uv":[2.1875,5.625,2.5625,5.9375],"tintindex":0,"rotation":0,"texture":"#1"}}},{"from":[0.0,6.5,-13.5],"to":[17.0,9.0,-11.0],"faces":{"south":{"uv":[2.1875,4.6875,4.3125,5.0],"tintindex":0,"rotation":0,"texture":"#1"},"north":{"uv":[4.3125,4.6875,2.1875,5.0],"tintindex":0,"rotation":0,"texture":"#1"},"west":{"uv":[2.1875,5.9375,2.5,6.25],"tintindex":0,"rotation":0,"texture":"#1"},"up":{"uv":[2.1875,5.3125,4.3125,5.625],"tintindex":0,"rotation":0,"texture":"#1"},"down":{"uv":[2.1875,5.0,4.3125,5.3125],"tintindex":0,"rotation":0,"texture":"#1"}}},{"from":[17.0,0.5,-3.5],"to":[19.5,9.0,10.5],"faces":{"east":{"uv":[4.625,6.25,5.6875,8.0],"tintindex":0,"rotation":90,"texture":"#1"},"south":{"uv":[2.875,5.6875,2.5625,6.75],"tintindex":0,"rotation":0,"texture":"#1"},"north":{"uv":[5.25,5.1875,5.5625,6.25],"tintindex":0,"rotation":0,"texture":"#1"},"west":{"uv":[4.625,6.25,5.6875,8.0],"tintindex":0,"rotation":90,"texture":"#1"},"up":{"uv":[4.3125,6.25,4.625,8.0],"tintindex":0,"rotation":0,"texture":"#1"},"down":{"uv":[5.6875,6.25,6.0,8.0],"tintindex":0,"rotation":0,"texture":"#1"}}},{"from":[5.0,-7.0,8.0],"to":[17.0,9.0,10.5],"faces":{"east":{"uv":[2.875,5.6875,2.5625,7.6875],"tintindex":0,"rotation":0,"texture":"#1"},"south":{"uv":[4.3125,5.6875,2.8125,7.6875],"tintindex":0,"rotation":0,"texture":"#1"},"north":{"uv":[2.8125,5.6875,4.3125,7.6875],"tintindex":0,"rotation":0,"texture":"#1"},"west":{"uv":[2.5625,5.6875,2.875,7.6875],"tintindex":0,"rotation":0,"texture":"#1"},"up":{"uv":[4.3125,7.6875,2.8125,8.0],"tintindex":0,"rotation":0,"texture":"#1"},"down":{"uv":[2.8125,7.6875,4.3125,8.0],"tintindex":0,"rotation":0,"texture":"#1"}}}],"display":{"gui":{"rotation":[30,225,0]}}}