{"textures":{"1":"modelengine:entity/forest_spirit"},"elements":[{"from":[9.5,1.0,-7.0],"to":[17.5,14.0,8.0],"faces":{"south":{"uv":[10.875,11.875,11.875,13.5],"tintindex":0,"rotation":0,"texture":"#1"},"north":{"uv":[13.625,11.875,14.625,13.5],"tintindex":0,"rotation":0,"texture":"#1"}}},{"from":[17.5,1.0,-7.0],"to":[17.5,14.0,8.0],"faces":{"east":{"uv":[11.8125,11.875,13.6875,13.5],"tintindex":0,"rotation":0,"texture":"#1"},"south":{"uv":[10.875,11.875,11.875,13.5],"tintindex":0,"rotation":0,"texture":"#1"},"north":{"uv":[13.625,11.875,14.625,13.5],"tintindex":0,"rotation":0,"texture":"#1"},"west":{"uv":[13.6875,11.875,11.8125,13.5],"tintindex":0,"rotation":0,"texture":"#1"}}}],"display":{"gui":{"rotation":[30,225,0]}}}