{"textures":{"1":"modelengine:entity/forest_spirit"},"elements":[{"from":[-1.5,1.0,-7.0],"to":[-1.5,14.0,8.0],"faces":{"east":{"uv":[11.8125,11.875,13.6875,13.5],"tintindex":0,"rotation":0,"texture":"#1"},"south":{"uv":[11.875,11.875,10.875,13.5],"tintindex":0,"rotation":0,"texture":"#1"},"north":{"uv":[14.625,11.875,13.625,13.5],"tintindex":0,"rotation":0,"texture":"#1"},"west":{"uv":[13.6875,11.875,11.8125,13.5],"tintindex":0,"rotation":0,"texture":"#1"}}},{"from":[-1.5,1.0,-7.0],"to":[6.5,14.0,8.0],"faces":{"south":{"uv":[11.875,11.875,10.875,13.5],"tintindex":0,"rotation":0,"texture":"#1"},"north":{"uv":[14.625,11.875,13.625,13.5],"tintindex":0,"rotation":0,"texture":"#1"}}}],"display":{"gui":{"rotation":[30,225,0]}}}