{"textures":{"1":"modelengine:entity/forest_spirit"},"elements":[{"from":[7.2,-12.4,6.2],"to":[8.8,8.6,9.8],"faces":{"east":{"uv":[2.1875,1.4375,1.0625,8.0],"tintindex":0,"rotation":0,"texture":"#1"},"south":{"uv":[1.125,1.4375,0.625,8.0],"tintindex":0,"rotation":0,"texture":"#1"},"north":{"uv":[1.125,1.4375,0.625,8.0],"tintindex":0,"rotation":0,"texture":"#1"},"west":{"uv":[2.1875,1.4375,1.0625,8.0],"tintindex":0,"rotation":0,"texture":"#1"},"up":{"uv":[1.0625,1.5,2.1875,1.0],"tintindex":0,"rotation":90,"texture":"#1"},"down":{"uv":[1.0625,1.5,2.1875,1.0],"tintindex":0,"rotation":90,"texture":"#1"}}}],"display":{"gui":{"rotation":[30,225,0]}}}