{"textures":{"1":"modelengine:entity/forest_spirit"},"elements":[{"from":[6.5,-14.25,6.75],"to":[9.0,8.25,9.25],"faces":{"east":{"uv":[0.625,2.375,0.0,8.0],"tintindex":0,"rotation":0,"texture":"#1"},"south":{"uv":[0.625,2.375,0.0,8.0],"tintindex":0,"rotation":0,"texture":"#1"},"north":{"uv":[0.625,2.375,0.0,8.0],"tintindex":0,"rotation":0,"texture":"#1"},"west":{"uv":[0.625,2.375,0.0,8.0],"tintindex":0,"rotation":0,"texture":"#1"},"up":{"uv":[0.5,9.25,1.125,8.625],"tintindex":0,"rotation":0,"texture":"#1"},"down":{"uv":[0.625,1.8125,0.0,2.4375],"tintindex":0,"rotation":0,"texture":"#1"}}},{"from":[4.5,5.75,6.75],"to":[6.5,8.25,9.25],"faces":{"east":{"uv":[1.125,8.0,0.5,8.625],"tintindex":0,"rotation":0,"texture":"#1"},"south":{"uv":[0.5,8.0,0.0,8.625],"tintindex":0,"rotation":0,"texture":"#1"},"north":{"uv":[0.0,8.0,0.5,8.625],"tintindex":0,"rotation":0,"texture":"#1"},"west":{"uv":[1.125,8.0,0.5,8.625],"tintindex":0,"rotation":0,"texture":"#1"},"up":{"uv":[0.0,8.625,0.5,9.25],"tintindex":0,"rotation":0,"texture":"#1"},"down":{"uv":[0.5,8.0,0.0,8.625],"tintindex":0,"rotation":0,"texture":"#1"}}}],"display":{"gui":{"rotation":[30,225,0]}}}