{"textures":{"1":"modelengine:entity/forest_spirit"},"elements":[{"from":[6.5,18.25,15.0],"to":[15.5,19.75,16.5],"faces":{"east":{"uv":[5.3125,10.5,5.6875,10.875],"tintindex":0,"rotation":90,"texture":"#1"},"south":{"uv":[5.3125,10.5,7.5625,10.875],"tintindex":0,"rotation":0,"texture":"#1"},"north":{"uv":[5.3125,10.5,7.5625,10.875],"tintindex":0,"rotation":0,"texture":"#1"},"west":{"uv":[5.3125,10.5,5.6875,10.875],"tintindex":0,"rotation":90,"texture":"#1"},"up":{"uv":[5.3125,10.125,7.5625,10.5],"tintindex":0,"rotation":0,"texture":"#1"},"down":{"uv":[5.3125,10.5,7.5625,10.875],"tintindex":0,"rotation":0,"texture":"#1"}}},{"from":[12.5,24.75,26.0],"to":[21.5,26.25,27.5],"faces":{"east":{"uv":[7.5625,13.125,7.9375,13.5],"tintindex":0,"rotation":90,"texture":"#1"},"south":{"uv":[7.5625,13.125,9.8125,13.5],"tintindex":0,"rotation":0,"texture":"#1"},"north":{"uv":[7.5625,13.125,9.8125,13.5],"tintindex":0,"rotation":0,"texture":"#1"},"west":{"uv":[7.5625,13.125,7.9375,13.5],"tintindex":0,"rotation":90,"texture":"#1"},"up":{"uv":[7.5625,12.75,9.8125,13.125],"tintindex":0,"rotation":0,"texture":"#1"},"down":{"uv":[7.5625,13.125,9.8125,13.5],"tintindex":0,"rotation":0,"texture":"#1"}}},{"from":[6.5,19.75,15.0],"to":[8.0,25.0,16.5],"faces":{"east":{"uv":[7.1875,9.1875,7.5625,10.5],"tintindex":0,"rotation":0,"texture":"#1"},"south":{"uv":[7.1875,9.1875,7.5625,10.5],"tintindex":0,"rotation":0,"texture":"#1"},"north":{"uv":[7.1875,9.1875,7.5625,10.5],"tintindex":0,"rotation":0,"texture":"#1"},"west":{"uv":[7.1875,9.1875,7.5625,10.5],"tintindex":0,"rotation":0,"texture":"#1"},"up":{"uv":[7.1875,8.8125,7.5625,9.1875],"tintindex":0,"rotation":0,"texture":"#1"}}},{"from":[24.25,13.75,4.5],"to":[25.75,16.5,6.0],"faces":{"east":{"uv":[1.25,10.3125,1.625,11.0],"tintindex":0,"rotation":0,"texture":"#1"},"south":{"uv":[1.25,10.3125,1.625,11.0],"tintindex":0,"rotation":0,"texture":"#1"},"north":{"uv":[1.25,10.3125,1.625,11.0],"tintindex":0,"rotation":0,"texture":"#1"},"west":{"uv":[1.25,10.3125,1.625,11.0],"tintindex":0,"rotation":0,"texture":"#1"},"up":{"uv":[1.25,9.9375,1.625,10.3125],"tintindex":0,"rotation":0,"texture":"#1"}}},{"from":[20.5,12.25,4.5],"to":[25.75,13.75,6.0],"faces":{"east":{"uv":[1.25,11.0,1.625,11.375],"tintindex":0,"rotation":0,"texture":"#1"},"south":{"uv":[2.5625,11.0,1.25,11.375],"tintindex":0,"rotation":0,"texture":"#1"},"north":{"uv":[1.25,11.0,2.5625,11.375],"tintindex":0,"rotation":0,"texture":"#1"},"west":{"uv":[2.1875,11.0,2.5625,11.375],"tintindex":0,"rotation":0,"texture":"#1"},"up":{"uv":[2.5625,10.625,1.25,11.0],"tintindex":0,"rotation":0,"texture":"#1"},"down":{"uv":[8.6875,7.6875,9.0625,9.0],"tintindex":0,"rotation":90,"texture":"#1"}}},{"from":[17.75,19.5,21.5],"to":[26.75,21.0,23.0],"faces":{"east":{"uv":[6.0,7.9375,6.375,8.3125],"tintindex":0,"rotation":0,"texture":"#1"},"south":{"uv":[8.25,7.9375,6.0,8.3125],"tintindex":0,"rotation":0,"texture":"#1"},"north":{"uv":[6.0,7.9375,8.25,8.3125],"tintindex":0,"rotation":0,"texture":"#1"},"west":{"uv":[6.0,7.9375,6.375,8.3125],"tintindex":0,"rotation":90,"texture":"#1"},"up":{"uv":[8.25,7.5625,6.0,7.9375],"tintindex":0,"rotation":0,"texture":"#1"},"down":{"uv":[8.625,7.6875,9.0,9.9375],"tintindex":0,"rotation":90,"texture":"#1"}}},{"from":[16.25,10.25,16.5],"to":[17.75,12.25,23.0],"faces":{"east":{"uv":[2.5,8.5,3.0,10.125],"tintindex":0,"rotation":90,"texture":"#1"},"south":{"uv":[2.5,8.5,2.875,9.0],"tintindex":0,"rotation":0,"texture":"#1"},"north":{"uv":[2.5,8.5,2.875,9.0],"tintindex":0,"rotation":0,"texture":"#1"},"west":{"uv":[2.5,8.5,3.0,10.125],"tintindex":0,"rotation":90,"texture":"#1"},"up":{"uv":[2.125,10.125,2.5,8.5],"tintindex":0,"rotation":0,"texture":"#1"},"down":{"uv":[8.75,8.375,9.125,10.0],"tintindex":0,"rotation":0,"texture":"#1"}}},{"from":[20.0,26.25,26.0],"to":[21.5,30.0,27.5],"faces":{"east":{"uv":[9.4375,11.8125,9.8125,12.75],"tintindex":0,"rotation":0,"texture":"#1"},"south":{"uv":[9.4375,11.8125,9.8125,12.75],"tintindex":0,"rotation":0,"texture":"#1"},"north":{"uv":[9.4375,11.8125,9.8125,12.75],"tintindex":0,"rotation":0,"texture":"#1"},"west":{"uv":[9.4375,11.8125,9.8125,12.75],"tintindex":0,"rotation":0,"texture":"#1"},"up":{"uv":[9.4375,12.75,9.8125,13.125],"tintindex":0,"rotation":0,"texture":"#1"}}},{"from":[19.0,17.5,11.25],"to":[20.5,22.75,12.75],"faces":{"east":{"uv":[4.4375,9.875,4.8125,11.1875],"tintindex":0,"rotation":0,"texture":"#1"},"south":{"uv":[4.4375,9.875,4.8125,11.1875],"tintindex":0,"rotation":0,"texture":"#1"},"north":{"uv":[4.4375,9.875,4.8125,11.1875],"tintindex":0,"rotation":0,"texture":"#1"},"west":{"uv":[4.4375,9.875,4.8125,11.1875],"tintindex":0,"rotation":0,"texture":"#1"},"up":{"uv":[4.4375,9.5,4.8125,9.875],"tintindex":0,"rotation":0,"texture":"#1"}}},{"from":[25.25,21.0,21.5],"to":[26.75,24.75,23.0],"faces":{"east":{"uv":[6.0,7.0,6.375,7.9375],"tintindex":0,"rotation":0,"texture":"#1"},"south":{"uv":[6.375,7.0,6.0,7.9375],"tintindex":0,"rotation":0,"texture":"#1"},"north":{"uv":[6.0,7.0,6.375,7.9375],"tintindex":0,"rotation":0,"texture":"#1"},"west":{"uv":[6.0,7.0,6.375,7.9375],"tintindex":0,"rotation":0,"texture":"#1"},"up":{"uv":[6.0,6.625,6.375,7.0],"tintindex":0,"rotation":0,"texture":"#1"}}},{"from":[16.25,19.5,21.5],"to":[17.75,21.0,27.5],"faces":{"east":{"uv":[4.875,8.0,5.25,9.5],"tintindex":0,"rotation":90,"texture":"#1"},"south":{"uv":[5.75,9.75,6.125,10.125],"tintindex":0,"rotation":0,"texture":"#1"},"north":{"uv":[4.875,9.5,5.25,9.875],"tintindex":0,"rotation":0,"texture":"#1"},"west":{"uv":[4.875,8.0,5.25,9.5],"tintindex":0,"rotation":90,"texture":"#1"},"up":{"uv":[4.5,9.5,4.875,8.0],"tintindex":0,"rotation":0,"texture":"#1"},"down":{"uv":[4.875,8.0,5.25,9.5],"tintindex":0,"rotation":0,"texture":"#1"}}},{"from":[16.25,21.0,26.0],"to":[17.75,24.75,27.5],"faces":{"east":{"uv":[5.75,8.8125,6.125,9.75],"tintindex":0,"rotation":0,"texture":"#1"},"south":{"uv":[5.75,8.8125,6.125,9.75],"tintindex":0,"rotation":0,"texture":"#1"},"north":{"uv":[5.75,8.8125,6.125,9.75],"tintindex":0,"rotation":0,"texture":"#1"},"west":{"uv":[5.75,8.8125,6.125,9.75],"tintindex":0,"rotation":0,"texture":"#1"}}},{"from":[10.0,12.25,15.0],"to":[12.0,18.25,16.5],"faces":{"east":{"uv":[7.6875,10.9375,8.0625,12.4375],"tintindex":0,"rotation":0,"texture":"#1"},"south":{"uv":[7.5625,10.9375,8.0625,12.4375],"tintindex":0,"rotation":0,"texture":"#1"},"north":{"uv":[7.5625,10.9375,8.0625,12.4375],"tintindex":0,"rotation":0,"texture":"#1"},"west":{"uv":[7.6875,10.9375,8.0625,12.4375],"tintindex":0,"rotation":0,"texture":"#1"}}},{"from":[16.25,12.25,21.5],"to":[17.75,19.5,23.0],"faces":{"east":{"uv":[6.1875,8.3125,6.5625,10.125],"tintindex":0,"rotation":0,"texture":"#1"},"south":{"uv":[6.1875,8.3125,6.5625,10.125],"tintindex":0,"rotation":0,"texture":"#1"},"north":{"uv":[6.1875,8.3125,6.5625,10.125],"tintindex":0,"rotation":0,"texture":"#1"},"west":{"uv":[6.1875,8.3125,6.5625,10.125],"tintindex":0,"rotation":0,"texture":"#1"}}},{"from":[14.25,12.25,1.0],"to":[16.25,17.5,2.5],"faces":{"east":{"uv":[6.6875,8.8125,7.0625,10.125],"tintindex":0,"rotation":0,"texture":"#1"},"south":{"uv":[6.6875,8.8125,7.1875,10.125],"tintindex":0,"rotation":0,"texture":"#1"},"north":{"uv":[6.6875,8.8125,7.1875,10.125],"tintindex":0,"rotation":0,"texture":"#1"},"west":{"uv":[6.6875,8.8125,7.0625,10.125],"tintindex":0,"rotation":0,"texture":"#1"},"up":{"uv":[6.6875,8.4375,7.1875,8.8125],"tintindex":0,"rotation":0,"texture":"#1"}}},{"from":[19.0,16.0,11.25],"to":[28.0,17.5,12.75],"faces":{"east":{"uv":[2.5625,11.0625,2.9375,11.4375],"tintindex":0,"rotation":0,"texture":"#1"},"south":{"uv":[2.5625,11.0625,4.8125,11.4375],"tintindex":0,"rotation":0,"texture":"#1"},"north":{"uv":[2.5625,11.0625,4.8125,11.4375],"tintindex":0,"rotation":0,"texture":"#1"},"west":{"uv":[2.5625,11.0625,2.9375,11.4375],"tintindex":0,"rotation":90,"texture":"#1"},"up":{"uv":[2.5625,10.6875,4.8125,11.0625],"tintindex":0,"rotation":0,"texture":"#1"},"down":{"uv":[8.75,10.4375,9.125,12.6875],"tintindex":0,"rotation":90,"texture":"#1"}}},{"from":[10.0,12.25,-3.75],"to":[12.0,15.0,-2.25],"faces":{"east":{"uv":[6.0625,15.3125,6.4375,16.0],"tintindex":0,"rotation":0,"texture":"#1"},"south":{"uv":[6.0625,15.3125,6.5625,16.0],"tintindex":0,"rotation":0,"texture":"#1"},"north":{"uv":[6.0625,15.3125,6.5625,16.0],"tintindex":0,"rotation":0,"texture":"#1"},"west":{"uv":[6.0625,15.3125,6.4375,16.0],"tintindex":0,"rotation":0,"texture":"#1"},"up":{"uv":[6.0625,15.3125,6.5625,14.9375],"tintindex":0,"rotation":0,"texture":"#1"}}},{"from":[12.0,10.25,6.0],"to":[20.5,12.25,8.0],"faces":{"east":{"uv":[4.4375,13.0,4.9375,13.5],"tintindex":0,"rotation":90,"texture":"#1"},"south":{"uv":[4.4375,13.0,6.5625,13.5],"tintindex":0,"rotation":0,"texture":"#1"},"north":{"uv":[4.4375,13.0,6.5625,13.5],"tintindex":0,"rotation":0,"texture":"#1"},"west":{"uv":[4.4375,13.0,4.9375,13.5],"tintindex":0,"rotation":90,"texture":"#1"},"up":{"uv":[4.4375,12.5,6.5625,13.0],"tintindex":0,"rotation":0,"texture":"#1"},"down":{"uv":[4.4375,13.0,6.5625,13.5],"tintindex":0,"rotation":0,"texture":"#1"}}},{"from":[10.0,10.25,-3.75],"to":[12.0,12.25,16.5],"faces":{"east":{"uv":[8.625,7.6875,9.125,12.75],"tintindex":0,"rotation":90,"texture":"#1"},"south":{"uv":[7.1875,10.9375,7.6875,11.4375],"tintindex":0,"rotation":0,"texture":"#1"},"north":{"uv":[7.0625,15.5,7.5625,16.0],"tintindex":0,"rotation":0,"texture":"#1"},"west":{"uv":[7.0625,10.9375,7.5625,16.0],"tintindex":0,"rotation":90,"texture":"#1"},"up":{"uv":[6.5625,10.9375,7.0625,16.0],"tintindex":0,"rotation":0,"texture":"#1"},"down":{"uv":[8.625,7.6875,9.125,12.75],"tintindex":0,"rotation":0,"texture":"#1"}}},{"from":[12.0,10.25,15.0],"to":[17.75,12.25,16.5],"faces":{"east":{"uv":[3.0,9.625,3.5,10.0],"tintindex":0,"rotation":90,"texture":"#1"},"south":{"uv":[3.0,9.625,4.4375,10.125],"tintindex":0,"rotation":0,"texture":"#1"},"north":{"uv":[3.0,9.625,4.4375,10.125],"tintindex":0,"rotation":0,"texture":"#1"},"west":{"uv":[3.0,9.625,3.5,10.0],"tintindex":0,"rotation":90,"texture":"#1"},"up":{"uv":[4.4375,9.625,3.0,9.25],"tintindex":0,"rotation":0,"texture":"#1"},"down":{"uv":[8.75,7.9375,9.125,9.375],"tintindex":0,"rotation":90,"texture":"#1"}}},{"from":[8.0,6.0,6.0],"to":[10.0,12.25,8.0],"faces":{"east":{"uv":[7.5625,14.0,8.0625,15.5625],"tintindex":0,"rotation":0,"texture":"#1"},"south":{"uv":[7.5625,14.0,8.0625,15.5625],"tintindex":0,"rotation":0,"texture":"#1"},"north":{"uv":[7.5625,14.0,8.0625,15.5625],"tintindex":0,"rotation":0,"texture":"#1"},"west":{"uv":[7.5625,14.0,8.0625,15.5625],"tintindex":0,"rotation":0,"texture":"#1"},"up":{"uv":[7.5625,13.5,8.0625,14.0],"tintindex":0,"rotation":0,"texture":"#1"},"down":{"uv":[7.5625,15.5,8.0625,16.0],"tintindex":0,"rotation":0,"texture":"#1"}}},{"from":[14.25,10.25,1.0],"to":[16.25,12.25,6.0],"faces":{"east":{"uv":[6.5625,12.0,5.3125,12.5],"tintindex":0,"rotation":0,"texture":"#1"},"south":{"uv":[7.5625,9.6875,8.0625,10.1875],"tintindex":0,"rotation":0,"texture":"#1"},"north":{"uv":[7.125,10.4375,7.625,10.9375],"tintindex":0,"rotation":0,"texture":"#1"},"west":{"uv":[5.3125,12.0,6.5625,12.5],"tintindex":0,"rotation":0,"texture":"#1"},"up":{"uv":[7.5625,8.4375,8.0625,9.6875],"tintindex":0,"rotation":0,"texture":"#1"},"down":{"uv":[8.625,11.5,9.125,12.75],"tintindex":0,"rotation":0,"texture":"#1"}}},{"from":[26.5,17.5,11.25],"to":[28.0,21.25,12.75],"faces":{"east":{"uv":[2.5625,10.5,2.9375,11.4375],"tintindex":0,"rotation":0,"texture":"#1"},"south":{"uv":[2.5625,10.5,2.9375,11.4375],"tintindex":0,"rotation":0,"texture":"#1"},"north":{"uv":[2.5625,10.5,2.9375,11.4375],"tintindex":0,"rotation":0,"texture":"#1"},"west":{"uv":[2.5625,10.5,2.9375,11.4375],"tintindex":0,"rotation":0,"texture":"#1"},"up":{"uv":[2.5625,10.125,2.9375,10.5],"tintindex":0,"rotation":0,"texture":"#1"}}},{"from":[20.5,10.25,4.5],"to":[22.5,12.25,12.75],"faces":{"east":{"uv":[3.9375,11.4375,4.4375,13.5],"tintindex":0,"rotation":90,"texture":"#1"},"south":{"uv":[3.9375,11.4375,4.4375,11.9375],"tintindex":0,"rotation":0,"texture":"#1"},"north":{"uv":[3.9375,11.4375,4.4375,11.9375],"tintindex":0,"rotation":0,"texture":"#1"},"west":{"uv":[3.9375,11.4375,4.4375,13.5],"tintindex":0,"rotation":90,"texture":"#1"},"up":{"uv":[3.4375,11.4375,3.9375,13.5],"tintindex":0,"rotation":0,"texture":"#1"},"down":{"uv":[8.625,12.6875,9.125,10.625],"tintindex":0,"rotation":0,"texture":"#1"}}},{"from":[20.5,12.25,11.25],"to":[22.5,16.0,12.75],"faces":{"east":{"uv":[2.9375,11.4375,3.3125,12.375],"tintindex":0,"rotation":0,"texture":"#1"},"south":{"uv":[2.9375,11.4375,3.4375,12.375],"tintindex":0,"rotation":0,"texture":"#1"},"north":{"uv":[2.9375,11.4375,3.4375,12.375],"tintindex":0,"rotation":0,"texture":"#1"},"west":{"uv":[2.9375,11.4375,3.3125,12.375],"tintindex":0,"rotation":0,"texture":"#1"}}},{"from":[21.0,21.0,21.5],"to":[22.5,27.75,23.0],"faces":{"east":{"uv":[7.0625,6.25,7.4375,7.9375],"tintindex":0,"rotation":0,"texture":"#1"},"south":{"uv":[7.0625,6.25,7.4375,7.9375],"tintindex":0,"rotation":0,"texture":"#1"},"north":{"uv":[7.4375,6.25,7.0625,7.9375],"tintindex":0,"rotation":0,"texture":"#1"},"west":{"uv":[7.0625,6.25,7.4375,7.9375],"tintindex":0,"rotation":0,"texture":"#1"},"up":{"uv":[7.0625,5.875,7.4375,6.25],"tintindex":0,"rotation":0,"texture":"#1"}}},{"from":[12.5,26.25,26.0],"to":[14.0,31.5,27.5],"faces":{"east":{"uv":[8.125,11.125,8.5,12.4375],"tintindex":0,"rotation":0,"texture":"#1"},"south":{"uv":[8.125,11.125,8.5,12.4375],"tintindex":0,"rotation":0,"texture":"#1"},"north":{"uv":[8.125,11.125,8.5,12.4375],"tintindex":0,"rotation":0,"texture":"#1"},"west":{"uv":[8.125,11.125,8.5,12.4375],"tintindex":0,"rotation":0,"texture":"#1"},"up":{"uv":[7.5625,12.75,7.9375,13.125],"tintindex":0,"rotation":0,"texture":"#1"}}},{"from":[14.0,19.75,15.0],"to":[15.5,23.5,16.5],"faces":{"east":{"uv":[5.3125,9.5625,5.6875,10.5],"tintindex":0,"rotation":0,"texture":"#1"},"south":{"uv":[5.3125,9.5625,5.6875,10.5],"tintindex":0,"rotation":0,"texture":"#1"},"north":{"uv":[5.3125,9.5625,5.6875,10.5],"tintindex":0,"rotation":0,"texture":"#1"},"west":{"uv":[5.3125,9.5625,5.6875,10.5],"tintindex":0,"rotation":0,"texture":"#1"},"up":{"uv":[5.3125,9.1875,5.6875,9.5625],"tintindex":0,"rotation":0,"texture":"#1"}}}],"display":{"gui":{"rotation":[30,225,0]}}}