{"textures":{"1":"modelengine:entity/forest_spirit"},"elements":[{"from":[2.0,23.0,-4.0],"to":[14.0,26.0,8.0],"faces":{"east":{"uv":[14.1875,3.5625,14.5625,5.0625],"tintindex":0,"rotation":90,"texture":"#1"},"south":{"uv":[14.5,3.25,16.0,3.625],"tintindex":0,"rotation":0,"texture":"#1"},"north":{"uv":[14.5,5.375,16.0,5.0],"tintindex":0,"rotation":0,"texture":"#1"},"west":{"uv":[14.1875,3.5625,14.5625,5.0625],"tintindex":0,"rotation":90,"texture":"#1"},"up":{"uv":[14.5,5.0625,16.0,3.5625],"tintindex":0,"rotation":0,"texture":"#1"},"down":{"uv":[14.5,3.5625,16.0,5.0625],"tintindex":0,"rotation":0,"texture":"#1"}}},{"from":[6.495,6.995,6.495],"to":[9.505,27.005,9.505],"faces":{"east":{"uv":[13.375,1.5,13.75,4.0],"tintindex":0,"rotation":0,"texture":"#1"},"south":{"uv":[13.8125,1.5,14.1875,4.0],"tintindex":0,"rotation":0,"texture":"#1"},"north":{"uv":[13.375,1.5,13.75,4.0],"tintindex":0,"rotation":0,"texture":"#1"},"west":{"uv":[13.375,1.5,13.75,4.0],"tintindex":0,"rotation":0,"texture":"#1"},"up":{"uv":[13.8125,1.125,14.1875,1.5],"tintindex":0,"rotation":0,"texture":"#1"},"down":{"uv":[13.8125,1.125,14.1875,1.5],"tintindex":0,"rotation":0,"texture":"#1"}}},{"from":[2.0,8.0,-3.0],"to":[14.0,11.0,8.0],"faces":{"east":{"uv":[14.1875,3.5625,14.5625,4.9375],"tintindex":0,"rotation":90,"texture":"#1"},"south":{"uv":[14.5,3.25,16.0,3.625],"tintindex":0,"rotation":0,"texture":"#1"},"north":{"uv":[14.5,5.0,16.0,5.375],"tintindex":0,"rotation":0,"texture":"#1"},"west":{"uv":[14.1875,3.5625,14.5625,4.9375],"tintindex":0,"rotation":90,"texture":"#1"},"up":{"uv":[14.5,8.9375,16.0,7.5625],"tintindex":0,"rotation":0,"texture":"#1"},"down":{"uv":[14.5,7.5625,16.0,8.9375],"tintindex":0,"rotation":0,"texture":"#1"}}},{"from":[6.5,7.0,8.0],"to":[6.55,27.0,20.0],"faces":{"east":{"uv":[16.0,9.125,14.5,11.625],"tintindex":0,"rotation":0,"texture":"#1"},"west":{"uv":[14.5,9.125,16.0,11.625],"tintindex":0,"rotation":0,"texture":"#1"}},"rotation":{"origin":[6.5,7.0,8.0],"angle":-22.5,"axis":"y"}},{"from":[2.0,18.0,-3.0],"to":[14.0,21.0,8.0],"faces":{"east":{"uv":[14.1875,3.5625,14.5625,4.9375],"tintindex":0,"rotation":90,"texture":"#1"},"south":{"uv":[14.5,3.25,16.0,3.625],"tintindex":0,"rotation":0,"texture":"#1"},"north":{"uv":[14.5,5.0,16.0,5.375],"tintindex":0,"rotation":0,"texture":"#1"},"west":{"uv":[14.1875,3.5625,14.5625,4.9375],"tintindex":0,"rotation":90,"texture":"#1"},"up":{"uv":[14.5,8.9375,16.0,7.5625],"tintindex":0,"rotation":0,"texture":"#1"},"down":{"uv":[14.5,7.5625,16.0,8.9375],"tintindex":0,"rotation":0,"texture":"#1"}}},{"from":[7.495,17.994999,9.495],"to":[8.505,21.005,10.505],"faces":{"east":{"uv":[14.25,1.625,14.375,2.0],"tintindex":0,"rotation":0,"texture":"#1"},"south":{"uv":[14.1875,1.625,14.3125,2.0],"tintindex":0,"rotation":0,"texture":"#1"},"west":{"uv":[14.25,1.625,14.375,2.0],"tintindex":0,"rotation":0,"texture":"#1"},"up":{"uv":[14.1875,1.625,14.3125,1.75],"tintindex":0,"rotation":0,"texture":"#1"},"down":{"uv":[14.1875,1.625,14.3125,1.75],"tintindex":0,"rotation":0,"texture":"#1"}}},{"from":[7.495,7.995,9.495],"to":[8.505,11.005,10.505],"faces":{"east":{"uv":[14.25,1.625,14.375,2.0],"tintindex":0,"rotation":0,"texture":"#1"},"south":{"uv":[14.1875,1.625,14.3125,2.0],"tintindex":0,"rotation":0,"texture":"#1"},"west":{"uv":[14.25,1.625,14.375,2.0],"tintindex":0,"rotation":0,"texture":"#1"},"up":{"uv":[14.1875,1.625,14.3125,1.75],"tintindex":0,"rotation":0,"texture":"#1"},"down":{"uv":[14.1875,1.625,14.3125,1.75],"tintindex":0,"rotation":0,"texture":"#1"}}},{"from":[7.495,12.995,9.495],"to":[8.505,16.005001,11.505],"faces":{"east":{"uv":[14.25,1.625,14.5,2.0],"tintindex":0,"rotation":0,"texture":"#1"},"south":{"uv":[14.1875,1.625,14.3125,2.0],"tintindex":0,"rotation":0,"texture":"#1"},"west":{"uv":[14.5,1.625,14.25,2.0],"tintindex":0,"rotation":0,"texture":"#1"},"up":{"uv":[14.1875,1.625,14.3125,1.875],"tintindex":0,"rotation":0,"texture":"#1"},"down":{"uv":[14.1875,1.625,14.3125,1.875],"tintindex":0,"rotation":0,"texture":"#1"}}},{"from":[9.45,7.0,8.0],"to":[9.5,27.0,20.0],"faces":{"east":{"uv":[16.0,9.125,14.5,11.625],"tintindex":0,"rotation":0,"texture":"#1"},"west":{"uv":[14.5,9.125,16.0,11.625],"tintindex":0,"rotation":0,"texture":"#1"}},"rotation":{"origin":[9.5,7.0,8.0],"angle":22.5,"axis":"y"}},{"from":[7.495,22.995,9.495],"to":[8.505,26.005,11.505],"faces":{"east":{"uv":[14.25,1.625,14.5,2.0],"tintindex":0,"rotation":0,"texture":"#1"},"south":{"uv":[14.1875,1.625,14.3125,2.0],"tintindex":0,"rotation":0,"texture":"#1"},"west":{"uv":[14.5,1.625,14.25,2.0],"tintindex":0,"rotation":0,"texture":"#1"},"up":{"uv":[14.1875,1.625,14.3125,1.875],"tintindex":0,"rotation":0,"texture":"#1"},"down":{"uv":[14.1875,1.625,14.3125,1.875],"tintindex":0,"rotation":0,"texture":"#1"}}},{"from":[2.0,13.0,-4.0],"to":[14.0,16.0,8.0],"faces":{"east":{"uv":[14.1875,3.5625,14.5625,5.0625],"tintindex":0,"rotation":90,"texture":"#1"},"south":{"uv":[14.5,3.25,16.0,3.625],"tintindex":0,"rotation":0,"texture":"#1"},"north":{"uv":[14.5,5.375,16.0,5.0],"tintindex":0,"rotation":0,"texture":"#1"},"west":{"uv":[14.1875,3.5625,14.5625,5.0625],"tintindex":0,"rotation":90,"texture":"#1"},"up":{"uv":[14.5,5.0625,16.0,3.5625],"tintindex":0,"rotation":0,"texture":"#1"},"down":{"uv":[14.5,3.5625,16.0,5.0625],"tintindex":0,"rotation":0,"texture":"#1"}}}],"display":{"gui":{"rotation":[30,225,0]}}}