{"textures":{"0":"modelengine:entity/flying_spirit"},"elements":[{"from":[-9.5,16.0,7.0],"to":[-5.5,23.0,11.0],"faces":{"east":{"uv":[11.0,6.0,4.0,10.0],"tintindex":0,"rotation":270,"texture":"#0"},"south":{"uv":[11.0,6.0,4.0,10.0],"tintindex":0,"rotation":270,"texture":"#0"},"north":{"uv":[4.0,6.0,11.0,10.0],"tintindex":0,"rotation":90,"texture":"#0"},"west":{"uv":[11.0,6.0,4.0,10.0],"tintindex":0,"rotation":270,"texture":"#0"},"up":{"uv":[0.0,6.0,4.0,10.0],"tintindex":0,"rotation":270,"texture":"#0"}},"rotation":{"origin":[-9.0,22.0,8.0],"angle":-22.5,"axis":"z"}},{"from":[2.0,24.0,6.0],"to":[9.0,30.0,12.0],"faces":{"east":{"uv":[0.0,0.0,6.0,6.0],"tintindex":0,"rotation":0,"texture":"#0"},"south":{"uv":[12.0,0.0,5.0,6.0],"tintindex":0,"rotation":0,"texture":"#0"},"north":{"uv":[5.0,0.0,12.0,6.0],"tintindex":0,"rotation":0,"texture":"#0"},"up":{"uv":[12.0,0.0,5.0,6.0],"tintindex":0,"rotation":0,"texture":"#0"},"down":{"uv":[12.0,0.0,5.0,6.0],"tintindex":0,"rotation":0,"texture":"#0"}}},{"from":[18.0,21.0,6.0],"to":[25.0,27.0,12.0],"faces":{"east":{"uv":[0.0,0.0,6.0,6.0],"tintindex":0,"rotation":0,"texture":"#0"},"south":{"uv":[12.0,0.0,5.0,6.0],"tintindex":0,"rotation":0,"texture":"#0"},"north":{"uv":[5.0,0.0,12.0,6.0],"tintindex":0,"rotation":0,"texture":"#0"},"up":{"uv":[12.0,0.0,5.0,6.0],"tintindex":0,"rotation":0,"texture":"#0"},"down":{"uv":[12.0,0.0,5.0,6.0],"tintindex":0,"rotation":0,"texture":"#0"}},"rotation":{"origin":[20.0,26.0,8.0],"angle":-45.0,"axis":"z"}},{"from":[-15.0,4.0,6.0],"to":[-9.0,11.0,12.0],"faces":{"east":{"uv":[12.0,0.0,5.0,6.0],"tintindex":0,"rotation":270,"texture":"#0"},"south":{"uv":[12.0,0.0,5.0,6.0],"tintindex":0,"rotation":270,"texture":"#0"},"north":{"uv":[5.0,0.0,12.0,6.0],"tintindex":0,"rotation":90,"texture":"#0"},"west":{"uv":[12.0,0.0,5.0,6.0],"tintindex":0,"rotation":270,"texture":"#0"},"up":{"uv":[0.0,0.0,6.0,6.0],"tintindex":0,"rotation":270,"texture":"#0"}}},{"from":[14.0,22.5,7.0],"to":[21.0,26.5,11.0],"faces":{"east":{"uv":[0.0,6.0,4.0,10.0],"tintindex":0,"rotation":0,"texture":"#0"},"south":{"uv":[11.0,6.0,4.0,10.0],"tintindex":0,"rotation":0,"texture":"#0"},"north":{"uv":[4.0,6.0,11.0,10.0],"tintindex":0,"rotation":0,"texture":"#0"},"up":{"uv":[11.0,6.0,4.0,10.0],"tintindex":0,"rotation":0,"texture":"#0"},"down":{"uv":[11.0,6.0,4.0,10.0],"tintindex":0,"rotation":0,"texture":"#0"}},"rotation":{"origin":[20.0,26.0,8.0],"angle":-22.5,"axis":"z"}},{"from":[-9.0,-11.0,6.0],"to":[-2.0,-5.0,12.0],"faces":{"south":{"uv":[12.0,0.0,5.0,6.0],"tintindex":0,"rotation":180,"texture":"#0"},"north":{"uv":[5.0,0.0,12.0,6.0],"tintindex":0,"rotation":180,"texture":"#0"},"west":{"uv":[0.0,0.0,6.0,6.0],"tintindex":0,"rotation":180,"texture":"#0"},"up":{"uv":[12.0,0.0,5.0,6.0],"tintindex":0,"rotation":180,"texture":"#0"},"down":{"uv":[12.0,0.0,5.0,6.0],"tintindex":0,"rotation":180,"texture":"#0"}},"rotation":{"origin":[-4.0,-10.0,8.0],"angle":-45.0,"axis":"z"}},{"from":[21.0,-8.0,6.0],"to":[27.0,-1.0,12.0],"faces":{"east":{"uv":[12.0,0.0,5.0,6.0],"tintindex":0,"rotation":90,"texture":"#0"},"south":{"uv":[12.0,0.0,5.0,6.0],"tintindex":0,"rotation":90,"texture":"#0"},"north":{"uv":[5.0,0.0,12.0,6.0],"tintindex":0,"rotation":270,"texture":"#0"},"west":{"uv":[12.0,0.0,5.0,6.0],"tintindex":0,"rotation":90,"texture":"#0"},"down":{"uv":[0.0,0.0,6.0,6.0],"tintindex":0,"rotation":90,"texture":"#0"}},"rotation":{"origin":[26.0,-3.0,8.0],"angle":-45.0,"axis":"z"}},{"from":[24.0,8.0,6.0],"to":[30.0,15.0,12.0],"faces":{"east":{"uv":[12.0,0.0,5.0,6.0],"tintindex":0,"rotation":90,"texture":"#0"},"south":{"uv":[12.0,0.0,5.0,6.0],"tintindex":0,"rotation":90,"texture":"#0"},"north":{"uv":[5.0,0.0,12.0,6.0],"tintindex":0,"rotation":270,"texture":"#0"},"west":{"uv":[12.0,0.0,5.0,6.0],"tintindex":0,"rotation":90,"texture":"#0"},"down":{"uv":[0.0,0.0,6.0,6.0],"tintindex":0,"rotation":90,"texture":"#0"}}},{"from":[11.0,-13.5,7.0],"to":[18.0,-9.5,11.0],"faces":{"south":{"uv":[11.0,6.0,4.0,10.0],"tintindex":0,"rotation":180,"texture":"#0"},"north":{"uv":[4.0,6.0,11.0,10.0],"tintindex":0,"rotation":180,"texture":"#0"},"west":{"uv":[0.0,6.0,4.0,10.0],"tintindex":0,"rotation":180,"texture":"#0"},"up":{"uv":[11.0,6.0,4.0,10.0],"tintindex":0,"rotation":180,"texture":"#0"},"down":{"uv":[11.0,6.0,4.0,10.0],"tintindex":0,"rotation":180,"texture":"#0"}},"rotation":{"origin":[12.0,-13.0,8.0],"angle":22.5,"axis":"z"}},{"from":[7.0,-14.0,6.0],"to":[14.0,-8.0,12.0],"faces":{"south":{"uv":[12.0,0.0,5.0,6.0],"tintindex":0,"rotation":180,"texture":"#0"},"north":{"uv":[5.0,0.0,12.0,6.0],"tintindex":0,"rotation":180,"texture":"#0"},"west":{"uv":[0.0,0.0,6.0,6.0],"tintindex":0,"rotation":180,"texture":"#0"},"up":{"uv":[12.0,0.0,5.0,6.0],"tintindex":0,"rotation":180,"texture":"#0"},"down":{"uv":[12.0,0.0,5.0,6.0],"tintindex":0,"rotation":180,"texture":"#0"}}},{"from":[-14.5,0.0,7.0],"to":[-10.5,7.0,11.0],"faces":{"east":{"uv":[11.0,6.0,4.0,10.0],"tintindex":0,"rotation":270,"texture":"#0"},"south":{"uv":[11.0,6.0,4.0,10.0],"tintindex":0,"rotation":270,"texture":"#0"},"north":{"uv":[4.0,6.0,11.0,10.0],"tintindex":0,"rotation":90,"texture":"#0"},"west":{"uv":[11.0,6.0,4.0,10.0],"tintindex":0,"rotation":270,"texture":"#0"},"up":{"uv":[0.0,6.0,4.0,10.0],"tintindex":0,"rotation":270,"texture":"#0"}},"rotation":{"origin":[-14.0,6.0,8.0],"angle":22.5,"axis":"z"}},{"from":[-2.0,25.5,7.0],"to":[5.0,29.5,11.0],"faces":{"east":{"uv":[0.0,6.0,4.0,10.0],"tintindex":0,"rotation":0,"texture":"#0"},"south":{"uv":[11.0,6.0,4.0,10.0],"tintindex":0,"rotation":0,"texture":"#0"},"north":{"uv":[4.0,6.0,11.0,10.0],"tintindex":0,"rotation":0,"texture":"#0"},"up":{"uv":[11.0,6.0,4.0,10.0],"tintindex":0,"rotation":0,"texture":"#0"},"down":{"uv":[11.0,6.0,4.0,10.0],"tintindex":0,"rotation":0,"texture":"#0"}},"rotation":{"origin":[4.0,29.0,8.0],"angle":22.5,"axis":"z"}},{"from":[-5.0,-10.5,7.0],"to":[2.0,-6.5,11.0],"faces":{"south":{"uv":[11.0,6.0,4.0,10.0],"tintindex":0,"rotation":180,"texture":"#0"},"north":{"uv":[4.0,6.0,11.0,10.0],"tintindex":0,"rotation":180,"texture":"#0"},"west":{"uv":[0.0,6.0,4.0,10.0],"tintindex":0,"rotation":180,"texture":"#0"},"up":{"uv":[11.0,6.0,4.0,10.0],"tintindex":0,"rotation":180,"texture":"#0"},"down":{"uv":[11.0,6.0,4.0,10.0],"tintindex":0,"rotation":180,"texture":"#0"}},"rotation":{"origin":[-4.0,-10.0,8.0],"angle":-22.5,"axis":"z"}},{"from":[25.5,12.0,7.0],"to":[29.5,19.0,11.0],"faces":{"east":{"uv":[11.0,6.0,4.0,10.0],"tintindex":0,"rotation":90,"texture":"#0"},"south":{"uv":[11.0,6.0,4.0,10.0],"tintindex":0,"rotation":90,"texture":"#0"},"north":{"uv":[4.0,6.0,11.0,10.0],"tintindex":0,"rotation":270,"texture":"#0"},"west":{"uv":[11.0,6.0,4.0,10.0],"tintindex":0,"rotation":90,"texture":"#0"},"down":{"uv":[0.0,6.0,4.0,10.0],"tintindex":0,"rotation":90,"texture":"#0"}},"rotation":{"origin":[29.0,13.0,8.0],"angle":22.5,"axis":"z"}},{"from":[-10.0,20.0,6.0],"to":[-4.0,27.0,12.0],"faces":{"east":{"uv":[12.0,0.0,5.0,6.0],"tintindex":0,"rotation":270,"texture":"#0"},"south":{"uv":[12.0,0.0,5.0,6.0],"tintindex":0,"rotation":270,"texture":"#0"},"north":{"uv":[5.0,0.0,12.0,6.0],"tintindex":0,"rotation":90,"texture":"#0"},"west":{"uv":[12.0,0.0,5.0,6.0],"tintindex":0,"rotation":270,"texture":"#0"},"up":{"uv":[0.0,0.0,6.0,6.0],"tintindex":0,"rotation":270,"texture":"#0"}},"rotation":{"origin":[-9.0,22.0,8.0],"angle":-45.0,"axis":"z"}},{"from":[22.5,-4.0,7.0],"to":[26.5,3.0,11.0],"faces":{"east":{"uv":[11.0,6.0,4.0,10.0],"tintindex":0,"rotation":90,"texture":"#0"},"south":{"uv":[11.0,6.0,4.0,10.0],"tintindex":0,"rotation":90,"texture":"#0"},"north":{"uv":[4.0,6.0,11.0,10.0],"tintindex":0,"rotation":270,"texture":"#0"},"west":{"uv":[11.0,6.0,4.0,10.0],"tintindex":0,"rotation":90,"texture":"#0"},"down":{"uv":[0.0,6.0,4.0,10.0],"tintindex":0,"rotation":90,"texture":"#0"}},"rotation":{"origin":[26.0,-3.0,8.0],"angle":-22.5,"axis":"z"}}],"display":{"gui":{"rotation":[30,225,0]}}}