{"textures":{"0":"modelengine:entity/flying_spirit"},"elements":[{"from":[8.0,14.5,7.0],"to":[15.0,18.5,11.0],"faces":{"south":{"uv":[4.0,6.0,11.0,10.0],"tintindex":0,"rotation":0,"texture":"#0"},"north":{"uv":[11.0,6.0,4.0,10.0],"tintindex":0,"rotation":0,"texture":"#0"},"west":{"uv":[4.0,6.0,0.0,10.0],"tintindex":0,"rotation":0,"texture":"#0"},"up":{"uv":[4.0,6.0,11.0,10.0],"tintindex":0,"rotation":0,"texture":"#0"},"down":{"uv":[4.0,6.0,11.0,10.0],"tintindex":0,"rotation":0,"texture":"#0"}},"rotation":{"origin":[9.0,18.0,8.0],"angle":-22.5,"axis":"z"}},{"from":[-3.0,4.0,6.0],"to":[3.0,11.0,12.0],"faces":{"east":{"uv":[5.0,0.0,12.0,6.0],"tintindex":0,"rotation":270,"texture":"#0"},"south":{"uv":[5.0,0.0,12.0,6.0],"tintindex":0,"rotation":270,"texture":"#0"},"north":{"uv":[12.0,0.0,5.0,6.0],"tintindex":0,"rotation":90,"texture":"#0"},"west":{"uv":[5.0,0.0,12.0,6.0],"tintindex":0,"rotation":270,"texture":"#0"},"down":{"uv":[6.0,0.0,0.0,6.0],"tintindex":0,"rotation":270,"texture":"#0"}}},{"from":[-2.5,8.0,7.0],"to":[1.5,15.0,11.0],"faces":{"east":{"uv":[4.0,6.0,11.0,10.0],"tintindex":0,"rotation":270,"texture":"#0"},"south":{"uv":[4.0,6.0,11.0,10.0],"tintindex":0,"rotation":270,"texture":"#0"},"north":{"uv":[11.0,6.0,4.0,10.0],"tintindex":0,"rotation":90,"texture":"#0"},"west":{"uv":[4.0,6.0,11.0,10.0],"tintindex":0,"rotation":270,"texture":"#0"},"down":{"uv":[4.0,6.0,0.0,10.0],"tintindex":0,"rotation":270,"texture":"#0"}},"rotation":{"origin":[-2.0,9.0,8.0],"angle":-22.5,"axis":"z"}},{"from":[5.0,-3.0,6.0],"to":[12.0,3.0,12.0],"faces":{"east":{"uv":[6.0,0.0,0.0,6.0],"tintindex":0,"rotation":180,"texture":"#0"},"south":{"uv":[5.0,0.0,12.0,6.0],"tintindex":0,"rotation":180,"texture":"#0"},"north":{"uv":[12.0,0.0,5.0,6.0],"tintindex":0,"rotation":180,"texture":"#0"},"up":{"uv":[5.0,0.0,12.0,6.0],"tintindex":0,"rotation":180,"texture":"#0"},"down":{"uv":[5.0,0.0,12.0,6.0],"tintindex":0,"rotation":180,"texture":"#0"}}},{"from":[14.5,1.0,7.0],"to":[18.5,8.0,11.0],"faces":{"east":{"uv":[4.0,6.0,11.0,10.0],"tintindex":0,"rotation":90,"texture":"#0"},"south":{"uv":[4.0,6.0,11.0,10.0],"tintindex":0,"rotation":90,"texture":"#0"},"north":{"uv":[11.0,6.0,4.0,10.0],"tintindex":0,"rotation":270,"texture":"#0"},"west":{"uv":[4.0,6.0,11.0,10.0],"tintindex":0,"rotation":90,"texture":"#0"},"up":{"uv":[4.0,6.0,0.0,10.0],"tintindex":0,"rotation":90,"texture":"#0"}},"rotation":{"origin":[18.0,7.0,8.0],"angle":-22.5,"axis":"z"}},{"from":[1.0,-2.5,7.0],"to":[8.0,1.5,11.0],"faces":{"east":{"uv":[4.0,6.0,0.0,10.0],"tintindex":0,"rotation":180,"texture":"#0"},"south":{"uv":[4.0,6.0,11.0,10.0],"tintindex":0,"rotation":180,"texture":"#0"},"north":{"uv":[11.0,6.0,4.0,10.0],"tintindex":0,"rotation":180,"texture":"#0"},"up":{"uv":[4.0,6.0,11.0,10.0],"tintindex":0,"rotation":180,"texture":"#0"},"down":{"uv":[4.0,6.0,11.0,10.0],"tintindex":0,"rotation":180,"texture":"#0"}},"rotation":{"origin":[7.0,-2.0,8.0],"angle":-22.5,"axis":"z"}},{"from":[13.0,5.0,6.0],"to":[19.0,12.0,12.0],"faces":{"east":{"uv":[5.0,0.0,12.0,6.0],"tintindex":0,"rotation":90,"texture":"#0"},"south":{"uv":[5.0,0.0,12.0,6.0],"tintindex":0,"rotation":90,"texture":"#0"},"north":{"uv":[12.0,0.0,5.0,6.0],"tintindex":0,"rotation":270,"texture":"#0"},"west":{"uv":[5.0,0.0,12.0,6.0],"tintindex":0,"rotation":90,"texture":"#0"},"up":{"uv":[6.0,0.0,0.0,6.0],"tintindex":0,"rotation":90,"texture":"#0"}}},{"from":[4.0,13.0,6.0],"to":[11.0,19.0,12.0],"faces":{"south":{"uv":[5.0,0.0,12.0,6.0],"tintindex":0,"rotation":0,"texture":"#0"},"north":{"uv":[12.0,0.0,5.0,6.0],"tintindex":0,"rotation":0,"texture":"#0"},"west":{"uv":[6.0,0.0,0.0,6.0],"tintindex":0,"rotation":0,"texture":"#0"},"up":{"uv":[5.0,0.0,12.0,6.0],"tintindex":0,"rotation":0,"texture":"#0"},"down":{"uv":[5.0,0.0,12.0,6.0],"tintindex":0,"rotation":0,"texture":"#0"}}}],"display":{"gui":{"rotation":[30,225,0]}}}