{"textures":{"1":"modelengine:entity/forest_spirit"},"elements":[{"from":[8.966666,-5.666667,8.0],"to":[9.0,9.666667,26.0],"faces":{"east":{"uv":[3.375,15.5,0.0,12.625],"tintindex":0,"rotation":0,"texture":"#1"},"west":{"uv":[0.0,15.5,3.375,12.625],"tintindex":0,"rotation":0,"texture":"#1"}},"rotation":{"origin":[9.0,-5.333334,8.0],"angle":45.0,"axis":"y"}},{"from":[6.9966664,-5.336666,6.9966664],"to":[9.003333,8.003333,9.003333],"faces":{"east":{"uv":[13.375,1.5,13.75,4.0],"tintindex":0,"rotation":0,"texture":"#1"},"south":{"uv":[13.8125,1.5,14.1875,4.0],"tintindex":0,"rotation":0,"texture":"#1"},"north":{"uv":[13.375,1.5,13.75,4.0],"tintindex":0,"rotation":0,"texture":"#1"},"west":{"uv":[13.375,1.5,13.75,4.0],"tintindex":0,"rotation":0,"texture":"#1"},"up":{"uv":[13.8125,1.125,14.1875,1.5],"tintindex":0,"rotation":0,"texture":"#1"},"down":{"uv":[13.8125,1.125,14.1875,1.5],"tintindex":0,"rotation":0,"texture":"#1"}}},{"from":[7.6633334,1.9966664,8.996667],"to":[8.336667,4.003333,9.67],"faces":{"east":{"uv":[14.25,1.625,14.375,2.0],"tintindex":0,"rotation":0,"texture":"#1"},"south":{"uv":[14.1875,1.625,14.3125,2.0],"tintindex":0,"rotation":0,"texture":"#1"},"west":{"uv":[14.25,1.625,14.375,2.0],"tintindex":0,"rotation":0,"texture":"#1"},"up":{"uv":[14.1875,1.625,14.3125,1.75],"tintindex":0,"rotation":0,"texture":"#1"},"down":{"uv":[14.1875,1.625,14.3125,1.75],"tintindex":0,"rotation":0,"texture":"#1"}}},{"from":[7.0,-5.333334,8.0],"to":[7.0333333,10.0,26.0],"faces":{"east":{"uv":[3.375,15.5,0.0,12.625],"tintindex":0,"rotation":0,"texture":"#1"},"west":{"uv":[0.0,15.5,3.375,12.625],"tintindex":0,"rotation":0,"texture":"#1"}},"rotation":{"origin":[7.0,-5.333334,8.0],"angle":-45.0,"axis":"y"}},{"from":[7.6633334,-1.3366671,8.996667],"to":[8.336667,0.6700001,10.336667],"faces":{"east":{"uv":[14.25,1.625,14.5,2.0],"tintindex":0,"rotation":0,"texture":"#1"},"south":{"uv":[14.1875,1.625,14.3125,2.0],"tintindex":0,"rotation":0,"texture":"#1"},"west":{"uv":[14.5,1.625,14.25,2.0],"tintindex":0,"rotation":0,"texture":"#1"},"up":{"uv":[14.1875,1.625,14.3125,1.875],"tintindex":0,"rotation":0,"texture":"#1"},"down":{"uv":[14.1875,1.625,14.3125,1.875],"tintindex":0,"rotation":0,"texture":"#1"}}},{"from":[7.6633334,-4.670001,8.996667],"to":[8.336667,-2.663334,9.67],"faces":{"east":{"uv":[14.25,1.625,14.375,2.0],"tintindex":0,"rotation":0,"texture":"#1"},"south":{"uv":[14.1875,1.625,14.3125,2.0],"tintindex":0,"rotation":0,"texture":"#1"},"west":{"uv":[14.25,1.625,14.375,2.0],"tintindex":0,"rotation":0,"texture":"#1"},"up":{"uv":[14.1875,1.625,14.3125,1.75],"tintindex":0,"rotation":0,"texture":"#1"},"down":{"uv":[14.1875,1.625,14.3125,1.75],"tintindex":0,"rotation":0,"texture":"#1"}}},{"from":[7.6633334,5.33,8.996667],"to":[8.336667,7.3366666,10.336667],"faces":{"east":{"uv":[14.25,1.625,14.5,2.0],"tintindex":0,"rotation":0,"texture":"#1"},"south":{"uv":[14.1875,1.625,14.3125,2.0],"tintindex":0,"rotation":0,"texture":"#1"},"west":{"uv":[14.5,1.625,14.25,2.0],"tintindex":0,"rotation":0,"texture":"#1"},"up":{"uv":[14.1875,1.625,14.3125,1.875],"tintindex":0,"rotation":0,"texture":"#1"},"down":{"uv":[14.1875,1.625,14.3125,1.875],"tintindex":0,"rotation":0,"texture":"#1"}}}],"display":{"gui":{"rotation":[30,225,0]}}}