{"textures":{"1":"modelengine:entity/forest_spirit"},"elements":[{"from":[7.495,-11.005001,9.495],"to":[8.505,-7.995,10.505],"faces":{"east":{"uv":[14.25,1.625,14.375,2.0],"tintindex":0,"rotation":0,"texture":"#1"},"south":{"uv":[14.1875,1.625,14.3125,2.0],"tintindex":0,"rotation":0,"texture":"#1"},"west":{"uv":[14.25,1.625,14.375,2.0],"tintindex":0,"rotation":0,"texture":"#1"},"up":{"uv":[14.1875,1.625,14.3125,1.75],"tintindex":0,"rotation":0,"texture":"#1"},"down":{"uv":[14.1875,1.625,14.3125,1.75],"tintindex":0,"rotation":0,"texture":"#1"}}},{"from":[6.5,-12.0,8.0],"to":[6.55,8.0,14.0],"faces":{"east":{"uv":[15.6875,9.0625,14.9375,11.5625],"tintindex":0,"rotation":0,"texture":"#1"},"west":{"uv":[14.9375,9.0625,15.6875,11.5625],"tintindex":0,"rotation":0,"texture":"#1"}},"rotation":{"origin":[6.5,-12.0,8.0],"angle":-22.5,"axis":"y"}},{"from":[9.45,-12.0,8.0],"to":[9.5,8.0,14.0],"faces":{"east":{"uv":[15.6875,9.0625,14.9375,11.5625],"tintindex":0,"rotation":0,"texture":"#1"},"west":{"uv":[14.9375,9.0625,15.6875,11.5625],"tintindex":0,"rotation":0,"texture":"#1"}},"rotation":{"origin":[9.5,-12.0,8.0],"angle":22.5,"axis":"y"}},{"from":[6.495,-12.004999,6.495],"to":[9.505,8.005,9.505],"faces":{"east":{"uv":[13.375,1.5,13.75,4.0],"tintindex":0,"rotation":0,"texture":"#1"},"south":{"uv":[13.8125,1.5,14.1875,4.0],"tintindex":0,"rotation":0,"texture":"#1"},"north":{"uv":[13.375,1.5,13.75,4.0],"tintindex":0,"rotation":0,"texture":"#1"},"west":{"uv":[13.375,1.5,13.75,4.0],"tintindex":0,"rotation":0,"texture":"#1"},"up":{"uv":[13.8125,1.125,14.1875,1.5],"tintindex":0,"rotation":0,"texture":"#1"},"down":{"uv":[13.8125,1.125,14.1875,1.5],"tintindex":0,"rotation":0,"texture":"#1"}}},{"from":[7.495,-6.005,9.495],"to":[8.505,-2.995,11.505],"faces":{"east":{"uv":[14.25,1.625,14.5,2.0],"tintindex":0,"rotation":0,"texture":"#1"},"south":{"uv":[14.1875,1.625,14.3125,2.0],"tintindex":0,"rotation":0,"texture":"#1"},"west":{"uv":[14.5,1.625,14.25,2.0],"tintindex":0,"rotation":0,"texture":"#1"},"up":{"uv":[14.1875,1.625,14.3125,1.875],"tintindex":0,"rotation":0,"texture":"#1"},"down":{"uv":[14.1875,1.625,14.3125,1.875],"tintindex":0,"rotation":0,"texture":"#1"}}},{"from":[7.495,3.995,9.495],"to":[8.505,7.005,11.505],"faces":{"east":{"uv":[14.25,1.625,14.5,2.0],"tintindex":0,"rotation":0,"texture":"#1"},"south":{"uv":[14.1875,1.625,14.3125,2.0],"tintindex":0,"rotation":0,"texture":"#1"},"west":{"uv":[14.5,1.625,14.25,2.0],"tintindex":0,"rotation":0,"texture":"#1"},"up":{"uv":[14.1875,1.625,14.3125,1.875],"tintindex":0,"rotation":0,"texture":"#1"},"down":{"uv":[14.1875,1.625,14.3125,1.875],"tintindex":0,"rotation":0,"texture":"#1"}}},{"from":[7.495,-1.0050001,9.495],"to":[8.505,2.005,10.505],"faces":{"east":{"uv":[14.25,1.625,14.375,2.0],"tintindex":0,"rotation":0,"texture":"#1"},"south":{"uv":[14.1875,1.625,14.3125,2.0],"tintindex":0,"rotation":0,"texture":"#1"},"west":{"uv":[14.25,1.625,14.375,2.0],"tintindex":0,"rotation":0,"texture":"#1"},"up":{"uv":[14.1875,1.625,14.3125,1.75],"tintindex":0,"rotation":0,"texture":"#1"},"down":{"uv":[14.1875,1.625,14.3125,1.75],"tintindex":0,"rotation":0,"texture":"#1"}}}],"display":{"gui":{"rotation":[30,225,0]}}}