{"textures":{"0":"modelengine:entity/lorebun_idle"},"elements":[{"from":[7.561431,5.125,6.9260693],"to":[9.211431,8.224999,8.876069],"faces":{"east":{"uv":[4.25,3.5,3.75,4.25],"tintindex":0,"rotation":0,"texture":"#0"},"south":{"uv":[3.75,3.5,3.25,4.25],"tintindex":0,"rotation":0,"texture":"#0"},"north":{"uv":[3.25,3.5,3.75,4.25],"tintindex":0,"rotation":0,"texture":"#0"},"west":{"uv":[2.75,3.5,3.25,4.25],"tintindex":0,"rotation":0,"texture":"#0"},"up":{"uv":[4.75,3.0,4.25,2.5],"tintindex":0,"rotation":0,"texture":"#0"},"down":{"uv":[4.25,2.5,3.75,3.0],"tintindex":0,"rotation":0,"texture":"#0"}}},{"from":[6.6114306,6.225,7.9260693],"to":[7.6114306,8.224999,7.9260693],"faces":{"south":{"uv":[8.0,7.25,7.75,7.75],"tintindex":0,"rotation":0,"texture":"#0"},"north":{"uv":[7.75,7.25,7.5,7.75],"tintindex":0,"rotation":0,"texture":"#0"}}},{"from":[6.8614306,6.225,9.576069],"to":[7.8614306,8.224999,9.576069],"faces":{"south":{"uv":[0.5,5.5,0.25,6.0],"tintindex":0,"rotation":0,"texture":"#0"},"north":{"uv":[0.25,5.5,0.0,6.0],"tintindex":0,"rotation":0,"texture":"#0"}},"rotation":{"origin":[6.8614306,6.225,9.576069],"angle":45.0,"axis":"y"}},{"from":[8.811431,4.125,6.916069],"to":[9.471431,5.375,7.776069],"faces":{"east":{"uv":[8.75,1.5,9.0,1.75],"tintindex":0,"rotation":0,"texture":"#0"},"south":{"uv":[9.0,1.75,9.25,2.0],"tintindex":0,"rotation":0,"texture":"#0"},"north":{"uv":[8.75,1.75,9.0,2.0],"tintindex":0,"rotation":0,"texture":"#0"},"west":{"uv":[9.0,1.5,9.25,1.75],"tintindex":0,"rotation":0,"texture":"#0"},"up":{"uv":[8.75,1.25,9.0,1.5],"tintindex":0,"rotation":0,"texture":"#0"},"down":{"uv":[9.0,1.25,9.25,1.5],"tintindex":0,"rotation":0,"texture":"#0"}},"rotation":{"origin":[8.891431,4.75,7.3460693],"angle":22.5,"axis":"z"}},{"from":[7.5114307,5.375,6.876069],"to":[9.261431,6.225,8.926069],"faces":{"east":{"uv":[12.5,11.5,13.0,11.75],"tintindex":0,"rotation":0,"texture":"#0"},"south":{"uv":[12.0,11.5,12.5,11.75],"tintindex":0,"rotation":0,"texture":"#0"},"north":{"uv":[11.0,11.5,11.5,11.75],"tintindex":0,"rotation":0,"texture":"#0"},"west":{"uv":[11.5,11.5,12.0,11.75],"tintindex":0,"rotation":0,"texture":"#0"},"up":{"uv":[12.0,11.5,11.5,11.0],"tintindex":0,"rotation":0,"texture":"#0"},"down":{"uv":[12.5,11.0,12.0,11.5],"tintindex":0,"rotation":0,"texture":"#0"}}}],"display":{"gui":{"rotation":[30,225,0]}}}