{"textures":{"0":"modelengine:entity/lorebun_idle"},"elements":[{"from":[6.7885695,5.125,6.9260693],"to":[8.438569,8.224999,8.876069],"faces":{"east":{"uv":[2.75,3.5,3.25,4.25],"tintindex":0,"rotation":0,"texture":"#0"},"south":{"uv":[3.25,3.5,3.75,4.25],"tintindex":0,"rotation":0,"texture":"#0"},"north":{"uv":[3.75,3.5,3.25,4.25],"tintindex":0,"rotation":0,"texture":"#0"},"west":{"uv":[4.25,3.5,3.75,4.25],"tintindex":0,"rotation":0,"texture":"#0"},"up":{"uv":[4.25,3.0,4.75,2.5],"tintindex":0,"rotation":0,"texture":"#0"},"down":{"uv":[3.75,2.5,4.25,3.0],"tintindex":0,"rotation":0,"texture":"#0"}}},{"from":[6.528569,4.125,6.916069],"to":[7.188569,5.375,7.776069],"faces":{"east":{"uv":[9.0,1.5,8.75,1.75],"tintindex":0,"rotation":0,"texture":"#0"},"south":{"uv":[9.25,1.75,9.0,2.0],"tintindex":0,"rotation":0,"texture":"#0"},"north":{"uv":[9.0,1.75,8.75,2.0],"tintindex":0,"rotation":0,"texture":"#0"},"west":{"uv":[9.25,1.5,9.0,1.75],"tintindex":0,"rotation":0,"texture":"#0"},"up":{"uv":[9.0,1.25,8.75,1.5],"tintindex":0,"rotation":0,"texture":"#0"},"down":{"uv":[9.25,1.25,9.0,1.5],"tintindex":0,"rotation":0,"texture":"#0"}},"rotation":{"origin":[7.108569,4.75,7.3460693],"angle":-22.5,"axis":"z"}},{"from":[8.388569,6.225,7.9260693],"to":[9.388569,8.224999,7.9260693],"faces":{"south":{"uv":[7.75,7.25,8.0,7.75],"tintindex":0,"rotation":0,"texture":"#0"},"north":{"uv":[7.5,7.25,7.75,7.75],"tintindex":0,"rotation":0,"texture":"#0"}}},{"from":[6.7385693,5.375,6.876069],"to":[8.488569,6.225,8.926069],"faces":{"east":{"uv":[12.0,11.5,11.5,11.75],"tintindex":0,"rotation":0,"texture":"#0"},"south":{"uv":[12.5,11.5,12.0,11.75],"tintindex":0,"rotation":0,"texture":"#0"},"north":{"uv":[11.5,11.5,11.0,11.75],"tintindex":0,"rotation":0,"texture":"#0"},"west":{"uv":[13.0,11.5,12.5,11.75],"tintindex":0,"rotation":0,"texture":"#0"},"up":{"uv":[11.5,11.5,12.0,11.0],"tintindex":0,"rotation":0,"texture":"#0"},"down":{"uv":[12.5,11.5,12.0,11.0],"tintindex":0,"rotation":0,"texture":"#0"}}},{"from":[8.138569,6.225,9.576069],"to":[9.138569,8.224999,9.576069],"faces":{"south":{"uv":[0.25,5.5,0.5,6.0],"tintindex":0,"rotation":0,"texture":"#0"},"north":{"uv":[0.0,5.5,0.25,6.0],"tintindex":0,"rotation":0,"texture":"#0"}},"rotation":{"origin":[9.138569,6.225,9.576069],"angle":-45.0,"axis":"y"}}],"display":{"gui":{"rotation":[30,225,0]}}}