{"textures":{"0":"modelengine:entity/lorebun_idle"},"elements":[{"from":[6.425,7.6975,16.75],"to":[9.525,8.2475,17.5],"faces":{"east":{"uv":[3.25,15.625,3.375,15.5],"tintindex":0,"rotation":0,"texture":"#0"},"south":{"uv":[4.0,15.875,4.75,15.75],"tintindex":0,"rotation":0,"texture":"#0"},"north":{"uv":[4.0,15.75,4.75,15.625],"tintindex":0,"rotation":0,"texture":"#0"},"west":{"uv":[3.5,15.625,3.625,15.5],"tintindex":0,"rotation":0,"texture":"#0"},"up":{"uv":[3.25,15.75,4.0,15.625],"tintindex":0,"rotation":0,"texture":"#0"},"down":{"uv":[3.25,15.875,4.0,15.75],"tintindex":0,"rotation":0,"texture":"#0"}}},{"from":[6.75,8.0,7.75],"to":[9.25,8.0,17.25],"faces":{"up":{"uv":[0.0,9.0,0.5,11.5],"tintindex":0,"rotation":0,"texture":"#0"},"down":{"uv":[5.25,10.5,4.75,8.0],"tintindex":0,"rotation":0,"texture":"#0"}}}],"display":{"gui":{"rotation":[30,225,0]}}}