{"textures":{"0":"modelengine:entity/lorebun_idle"},"elements":[{"from":[6.425,7.6975,12.5625],"to":[9.525,8.2475,13.3125],"faces":{"east":{"uv":[2.875,8.75,3.0,8.875],"tintindex":0,"rotation":0,"texture":"#0"},"south":{"uv":[3.875,9.0,4.75,8.875],"tintindex":0,"rotation":0,"texture":"#0"},"north":{"uv":[3.875,8.875,4.75,8.75],"tintindex":0,"rotation":0,"texture":"#0"},"west":{"uv":[2.875,8.875,3.0,9.0],"tintindex":0,"rotation":0,"texture":"#0"},"up":{"uv":[3.0,8.875,3.875,8.75],"tintindex":0,"rotation":0,"texture":"#0"},"down":{"uv":[3.0,9.0,3.875,8.875],"tintindex":0,"rotation":0,"texture":"#0"}}},{"from":[6.5,8.0,7.625],"to":[9.5,8.0,12.625],"faces":{"up":{"uv":[10.0,11.25,10.75,10.0],"tintindex":0,"rotation":0,"texture":"#0"},"down":{"uv":[10.0,11.25,10.75,10.0],"tintindex":0,"rotation":0,"texture":"#0"}}}],"display":{"gui":{"rotation":[30,225,0]}}}