{"textures":{"0":"modelengine:entity/lorebun_idle"},"elements":[{"from":[6.666667,6.418333,4.857961],"to":[9.366667,7.8683333,8.8079605],"faces":{"east":{"uv":[3.25,11.5,4.0,11.75],"tintindex":0,"rotation":0,"texture":"#0"},"south":{"uv":[4.0,11.75,4.5,12.0],"tintindex":0,"rotation":0,"texture":"#0"},"north":{"uv":[5.0,11.75,4.5,12.0],"tintindex":0,"rotation":0,"texture":"#0"},"west":{"uv":[3.25,11.75,4.0,12.0],"tintindex":0,"rotation":0,"texture":"#0"},"up":{"uv":[5.25,11.0,4.75,11.75],"tintindex":0,"rotation":0,"texture":"#0"},"down":{"uv":[4.5,11.0,4.0,11.75],"tintindex":0,"rotation":0,"texture":"#0"}}},{"from":[6.4666667,6.409192,3.6583333],"to":[9.566667,8.009192,5.9083333],"faces":{"east":{"uv":[11.25,8.25,11.75,8.625],"tintindex":0,"rotation":0,"texture":"#0"},"south":{"uv":[11.25,8.625,11.75,9.0],"tintindex":0,"rotation":0,"texture":"#0"},"north":{"uv":[11.75,8.625,12.25,9.0],"tintindex":0,"rotation":0,"texture":"#0"},"west":{"uv":[11.75,8.25,12.25,8.625],"tintindex":0,"rotation":0,"texture":"#0"},"up":{"uv":[11.75,8.25,11.25,7.75],"tintindex":0,"rotation":0,"texture":"#0"},"down":{"uv":[12.25,7.75,11.75,8.25],"tintindex":0,"rotation":0,"texture":"#0"}}},{"from":[6.7666664,6.49511,6.1886635],"to":[9.266666,8.99511,8.6886635],"faces":{"east":{"uv":[15.0,11.625,15.5,12.125],"tintindex":0,"rotation":0,"texture":"#0"},"south":{"uv":[14.5,11.625,14.0,12.125],"tintindex":0,"rotation":0,"texture":"#0"},"north":{"uv":[15.5,11.625,16.0,12.125],"tintindex":0,"rotation":0,"texture":"#0"},"west":{"uv":[15.0,11.625,14.5,12.125],"tintindex":0,"rotation":0,"texture":"#0"},"up":{"uv":[15.0,11.625,14.5,11.125],"tintindex":0,"rotation":0,"texture":"#0"},"down":{"uv":[15.5,11.125,15.0,11.625],"tintindex":0,"rotation":0,"texture":"#0"}}}],"display":{"gui":{"rotation":[30,225,0]}}}