{"textures":{"0":"modelengine:entity/lorebun_idle"},"elements":[{"from":[7.0,6.5,7.75],"to":[9.0,13.0,7.75],"faces":{"east":{"uv":[15.875,15.875,16.0,16.0],"tintindex":0,"rotation":0,"texture":"#0"},"south":{"uv":[8.5,12.875,8.0,11.25],"tintindex":0,"rotation":0,"texture":"#0"},"north":{"uv":[8.0,11.25,7.5,12.875],"tintindex":0,"rotation":0,"texture":"#0"},"west":{"uv":[15.875,15.875,16.0,16.0],"tintindex":0,"rotation":0,"texture":"#0"},"up":{"uv":[15.875,15.875,16.0,16.0],"tintindex":0,"rotation":0,"texture":"#0"},"down":{"uv":[15.875,15.875,16.0,16.0],"tintindex":0,"rotation":0,"texture":"#0"}}},{"from":[8.0,7.5,7.75],"to":[9.0,14.0,7.75],"faces":{"south":{"uv":[5.25,10.25,5.5,12.25],"tintindex":0,"rotation":0,"texture":"#0"},"north":{"uv":[5.5,10.25,5.25,12.25],"tintindex":0,"rotation":0,"texture":"#0"}},"rotation":{"origin":[8.0,9.0,7.75],"angle":-45.0,"axis":"y"}}],"display":{"gui":{"rotation":[30,225,0]}}}