{"textures":{"0":"modelengine:entity/lorebun_idle"},"elements":[{"from":[6.35,6.3500004,5.3999996],"to":[9.65,9.65,10.6],"faces":{"east":{"uv":[6.75,1.75,7.75,2.375],"tintindex":0,"rotation":0,"texture":"#0"},"south":{"uv":[6.75,1.75,6.125,2.375],"tintindex":0,"rotation":0,"texture":"#0"},"north":{"uv":[6.125,1.75,5.5,2.375],"tintindex":0,"rotation":0,"texture":"#0"},"west":{"uv":[5.5,1.75,4.5,2.375],"tintindex":0,"rotation":0,"texture":"#0"},"up":{"uv":[6.125,1.75,5.5,0.75],"tintindex":0,"rotation":0,"texture":"#0"},"down":{"uv":[6.75,0.75,6.125,1.75],"tintindex":0,"rotation":0,"texture":"#0"}}}],"display":{"gui":{"rotation":[30,225,0]}}}