{"textures":{"0":"modelengine:entity/lorebun_idle"},"elements":[{"from":[7.0,7.5,7.0],"to":[9.35,8.1,9.0],"faces":{"east":{"uv":[10.5,1.25,11.0,1.375],"tintindex":0,"rotation":0,"texture":"#0"},"south":{"uv":[12.0,1.0,12.5,1.125],"tintindex":0,"rotation":0,"texture":"#0"},"north":{"uv":[10.5,1.0,11.0,1.125],"tintindex":0,"rotation":0,"texture":"#0"},"west":{"uv":[12.0,1.25,12.5,1.375],"tintindex":0,"rotation":0,"texture":"#0"},"up":{"uv":[11.5,1.5,11.0,1.0],"tintindex":0,"rotation":0,"texture":"#0"},"down":{"uv":[12.0,1.0,11.5,1.5],"tintindex":0,"rotation":0,"texture":"#0"}}},{"from":[7.0,6.5,6.6],"to":[9.6,7.5,9.4],"faces":{"east":{"uv":[4.0,10.25,3.25,10.5],"tintindex":0,"rotation":0,"texture":"#0"},"south":{"uv":[4.75,10.0,4.0,10.25],"tintindex":0,"rotation":0,"texture":"#0"},"north":{"uv":[4.0,10.0,3.25,10.25],"tintindex":0,"rotation":0,"texture":"#0"},"west":{"uv":[4.75,10.25,4.0,10.5],"tintindex":0,"rotation":0,"texture":"#0"},"up":{"uv":[3.25,9.25,4.0,10.0],"tintindex":0,"rotation":0,"texture":"#0"},"down":{"uv":[4.0,9.25,4.75,10.0],"tintindex":0,"rotation":0,"texture":"#0"}}},{"from":[7.65,4.9000006,7.1],"to":[9.1,7.5,8.85],"faces":{"east":{"uv":[4.0,0.25,4.25,0.75],"tintindex":0,"rotation":0,"texture":"#0"},"south":{"uv":[4.75,0.25,5.0,0.75],"tintindex":0,"rotation":0,"texture":"#0"},"north":{"uv":[4.25,0.25,4.5,0.75],"tintindex":0,"rotation":0,"texture":"#0"},"west":{"uv":[4.5,0.25,4.75,0.75],"tintindex":0,"rotation":0,"texture":"#0"},"up":{"uv":[4.5,0.25,4.25,0.0],"tintindex":0,"rotation":0,"texture":"#0"},"down":{"uv":[4.75,0.0,4.5,0.25],"tintindex":0,"rotation":0,"texture":"#0"}}}],"display":{"gui":{"rotation":[30,225,0]}}}