{"textures":{"2":"modelengine:entity/spirit_projectile_5"},"elements":[{"from":[-2.0,-2.0,0.0],"to":[18.0,18.0,12.0],"faces":{"east":{"uv":[16.0,0.0,10.0,10.0],"tintindex":0,"rotation":0,"texture":"#2"},"north":{"uv":[0.0,0.0,10.0,10.0],"tintindex":0,"rotation":0,"texture":"#2"},"west":{"uv":[10.0,0.0,16.0,10.0],"tintindex":0,"rotation":0,"texture":"#2"},"up":{"uv":[11.0,0.0,16.0,10.0],"tintindex":0,"rotation":90,"texture":"#2"},"down":{"uv":[16.0,0.0,10.0,10.0],"tintindex":0,"rotation":90,"texture":"#2"}}}],"display":{"gui":{"rotation":[30,225,0]}}}