{"textures":{"0":"modelengine:entity/lost_explorer"},"elements":[{"from":[4.0,8.0,6.0],"to":[12.0,20.0,10.0],"faces":{"east":{"uv":[0.0,5.5,1.0,8.5],"tintindex":0,"rotation":0,"texture":"#0"},"south":{"uv":[4.0,5.5,6.0,8.5],"tintindex":0,"rotation":0,"texture":"#0"},"north":{"uv":[1.0,5.5,3.0,8.5],"tintindex":0,"rotation":0,"texture":"#0"},"west":{"uv":[3.0,5.5,4.0,8.5],"tintindex":0,"rotation":0,"texture":"#0"},"up":{"uv":[3.0,5.5,1.0,4.5],"tintindex":0,"rotation":0,"texture":"#0"},"down":{"uv":[5.0,4.5,3.0,5.5],"tintindex":0,"rotation":0,"texture":"#0"}}},{"from":[3.75,7.75,5.75],"to":[12.25,20.25,10.25],"faces":{"east":{"uv":[6.0,5.5,7.0,8.5],"tintindex":0,"rotation":0,"texture":"#0"},"south":{"uv":[10.0,5.5,12.0,8.5],"tintindex":0,"rotation":0,"texture":"#0"},"north":{"uv":[7.0,5.5,9.0,8.5],"tintindex":0,"rotation":0,"texture":"#0"},"west":{"uv":[9.0,5.5,10.0,8.5],"tintindex":0,"rotation":0,"texture":"#0"},"up":{"uv":[9.0,5.5,7.0,4.5],"tintindex":0,"rotation":0,"texture":"#0"},"down":{"uv":[11.0,4.5,9.0,5.5],"tintindex":0,"rotation":0,"texture":"#0"}}}],"display":{"gui":{"rotation":[30,225,0]}}}