{"textures":{"0":"modelengine:entity/lost_explorer"},"elements":[{"from":[4.2,8.2,4.2],"to":[11.8,17.8,11.8],"faces":{"east":{"uv":[8.0,2.0,10.0,4.5],"tintindex":0,"rotation":0,"texture":"#0"},"south":{"uv":[14.0,2.0,16.0,4.5],"tintindex":0,"rotation":0,"texture":"#0"},"north":{"uv":[10.0,2.0,12.0,4.5],"tintindex":0,"rotation":0,"texture":"#0"},"west":{"uv":[12.0,2.0,14.0,4.5],"tintindex":0,"rotation":0,"texture":"#0"},"up":{"uv":[12.0,2.0,10.0,0.0],"tintindex":0,"rotation":0,"texture":"#0"},"down":{"uv":[14.0,0.0,12.0,2.0],"tintindex":0,"rotation":0,"texture":"#0"}}},{"from":[4.0,8.0,4.0],"to":[12.0,18.0,12.0],"faces":{"east":{"uv":[0.0,2.0,2.0,4.5],"tintindex":0,"rotation":0,"texture":"#0"},"south":{"uv":[6.0,2.0,8.0,4.5],"tintindex":0,"rotation":0,"texture":"#0"},"north":{"uv":[2.0,2.0,4.0,4.5],"tintindex":0,"rotation":0,"texture":"#0"},"west":{"uv":[4.0,2.0,6.0,4.5],"tintindex":0,"rotation":0,"texture":"#0"},"up":{"uv":[4.0,2.0,2.0,0.0],"tintindex":0,"rotation":0,"texture":"#0"},"down":{"uv":[6.0,0.0,4.0,2.0],"tintindex":0,"rotation":0,"texture":"#0"}}},{"from":[7.0,7.0,2.0],"to":[9.0,11.0,4.0],"faces":{"east":{"uv":[0.0,1.0,0.5,2.0],"tintindex":0,"rotation":0,"texture":"#0"},"south":{"uv":[1.5,1.0,2.0,2.0],"tintindex":0,"rotation":0,"texture":"#0"},"north":{"uv":[0.5,1.0,1.0,2.0],"tintindex":0,"rotation":0,"texture":"#0"},"west":{"uv":[1.0,1.0,1.5,2.0],"tintindex":0,"rotation":0,"texture":"#0"},"up":{"uv":[1.0,1.0,0.5,0.5],"tintindex":0,"rotation":0,"texture":"#0"},"down":{"uv":[1.5,0.5,1.0,1.0],"tintindex":0,"rotation":0,"texture":"#0"}}}],"display":{"gui":{"rotation":[30,225,0]}}}