{"textures":{"0":"modelengine:entity/lost_explorer"},"elements":[{"from":[5.5,-2.0,7.0],"to":[7.5,8.0,9.0],"faces":{"east":{"uv":[14.0,8.0,14.5,10.5],"tintindex":0,"rotation":0,"texture":"#0"},"south":{"uv":[16.0,8.0,15.5,10.5],"tintindex":0,"rotation":0,"texture":"#0"},"north":{"uv":[15.0,8.0,14.5,10.5],"tintindex":0,"rotation":0,"texture":"#0"},"west":{"uv":[15.0,8.0,15.5,10.5],"tintindex":0,"rotation":0,"texture":"#0"},"up":{"uv":[15.0,8.0,14.5,7.5],"tintindex":0,"rotation":0,"texture":"#0"},"down":{"uv":[15.5,7.5,15.0,8.0],"tintindex":0,"rotation":0,"texture":"#0"}}},{"from":[5.0,1.0,6.5],"to":[8.0,10.0,9.5],"faces":{"east":{"uv":[13.0,5.25,13.75,7.5],"tintindex":0,"rotation":0,"texture":"#0"},"south":{"uv":[15.25,5.25,16.0,7.5],"tintindex":0,"rotation":0,"texture":"#0"},"north":{"uv":[13.75,5.25,14.5,7.5],"tintindex":0,"rotation":0,"texture":"#0"},"west":{"uv":[14.5,5.25,15.25,7.5],"tintindex":0,"rotation":0,"texture":"#0"},"up":{"uv":[14.5,5.25,13.75,4.5],"tintindex":0,"rotation":0,"texture":"#0"},"down":{"uv":[15.25,4.5,14.5,5.25],"tintindex":0,"rotation":0,"texture":"#0"}}}],"display":{"gui":{"rotation":[30,225,0]}}}