{"textures":{"0":"modelengine:entity/lost_explorer"},"elements":[{"from":[7.0,-4.0,7.0],"to":[9.0,8.0,9.0],"faces":{"east":{"uv":[7.0,13.0,7.5,16.0],"tintindex":0,"rotation":0,"texture":"#0"},"south":{"uv":[8.5,13.0,9.0,16.0],"tintindex":0,"rotation":0,"texture":"#0"},"north":{"uv":[7.5,13.0,8.0,16.0],"tintindex":0,"rotation":0,"texture":"#0"},"west":{"uv":[8.0,13.0,8.5,16.0],"tintindex":0,"rotation":0,"texture":"#0"},"up":{"uv":[8.0,13.0,7.5,12.5],"tintindex":0,"rotation":0,"texture":"#0"},"down":{"uv":[8.5,12.5,8.0,13.0],"tintindex":0,"rotation":0,"texture":"#0"}}},{"from":[6.0,0.0,6.0],"to":[10.0,8.0,10.0],"faces":{"east":{"uv":[0.0,11.0,1.0,13.0],"tintindex":0,"rotation":0,"texture":"#0"},"south":{"uv":[3.0,11.0,4.0,13.0],"tintindex":0,"rotation":0,"texture":"#0"},"north":{"uv":[1.0,11.0,2.0,13.0],"tintindex":0,"rotation":0,"texture":"#0"},"west":{"uv":[2.0,11.0,3.0,13.0],"tintindex":0,"rotation":0,"texture":"#0"},"up":{"uv":[2.0,11.0,1.0,10.0],"tintindex":0,"rotation":0,"texture":"#0"},"down":{"uv":[3.0,10.0,2.0,11.0],"tintindex":0,"rotation":0,"texture":"#0"}}}],"display":{"gui":{"rotation":[30,225,0]}}}