{"textures":{"0":"modelengine:entity/lost_explorer"},"elements":[{"from":[6.0,6.0,7.0],"to":[10.0,10.0,9.0],"faces":{"east":{"uv":[15.0,15.0,15.5,16.0],"tintindex":0,"rotation":0,"texture":"#0"},"south":{"uv":[15.0,15.0,16.0,16.0],"tintindex":0,"rotation":0,"texture":"#0"},"north":{"uv":[15.0,15.0,16.0,16.0],"tintindex":0,"rotation":0,"texture":"#0"},"west":{"uv":[15.0,15.0,15.5,16.0],"tintindex":0,"rotation":0,"texture":"#0"},"up":{"uv":[15.0,15.0,16.0,15.5],"tintindex":0,"rotation":0,"texture":"#0"},"down":{"uv":[15.0,15.0,16.0,15.5],"tintindex":0,"rotation":0,"texture":"#0"}}}],"display":{"gui":{"rotation":[30,225,0]}}}