{"textures":{"0":"modelengine:entity/flying_skull"},"elements":[{"from":[4.5,4.0,2.0],"to":[11.5,11.0,9.0],"faces":{"east":{"uv":[7.0,3.5,3.5,7.0],"tintindex":0,"rotation":0,"texture":"#0"},"south":{"uv":[7.0,3.5,10.5,7.0],"tintindex":0,"rotation":0,"texture":"#0"},"north":{"uv":[0.0,3.5,3.5,7.0],"tintindex":0,"rotation":0,"texture":"#0"},"west":{"uv":[3.5,3.5,7.0,7.0],"tintindex":0,"rotation":0,"texture":"#0"},"up":{"uv":[0.0,0.0,3.5,3.5],"tintindex":0,"rotation":0,"texture":"#0"},"down":{"uv":[3.5,0.0,7.0,3.5],"tintindex":0,"rotation":0,"texture":"#0"}}},{"from":[5.0,4.8999996,2.5],"to":[11.0,9.9,8.5],"faces":{"east":{"uv":[13.0,5.0,16.0,7.5],"tintindex":0,"rotation":0,"texture":"#0"},"south":{"uv":[13.0,5.0,16.0,7.5],"tintindex":0,"rotation":0,"texture":"#0"},"north":{"uv":[13.0,8.0,16.0,10.5],"tintindex":0,"rotation":0,"texture":"#0"},"west":{"uv":[13.0,5.0,16.0,7.5],"tintindex":0,"rotation":0,"texture":"#0"},"up":{"uv":[13.0,5.5,16.0,8.5],"tintindex":0,"rotation":0,"texture":"#0"},"down":{"uv":[13.0,5.0,16.0,8.0],"tintindex":0,"rotation":0,"texture":"#0"}}}],"display":{"gui":{"rotation":[30,225,0]}}}