{"textures":{"0":"modelengine:entity/flying_skull"},"elements":[{"from":[5.49,6.99,3.24],"to":[10.51,7.01,8.26],"faces":{"up":{"uv":[0.0,10.5,2.5,8.0],"tintindex":0,"rotation":0,"texture":"#0"},"down":{"uv":[0.0,8.0,2.5,10.5],"tintindex":0,"rotation":0,"texture":"#0"}}},{"from":[5.49,6.99,3.24],"to":[10.51,9.01,8.26],"faces":{"east":{"uv":[5.0,7.0,2.5,8.0],"tintindex":0,"rotation":0,"texture":"#0"},"south":{"uv":[2.5,8.0,5.0,9.0],"tintindex":0,"rotation":0,"texture":"#0"},"north":{"uv":[0.0,7.0,2.5,8.0],"tintindex":0,"rotation":0,"texture":"#0"},"west":{"uv":[2.5,7.0,5.0,8.0],"tintindex":0,"rotation":0,"texture":"#0"}}}],"display":{"gui":{"rotation":[30,225,0]}}}