{"textures":{"0":"modelengine:entity/flying_skull"},"elements":[{"from":[-2.0,-2.0,8.0],"to":[9.0,9.0,9.0],"faces":{"east":{"uv":[15.5,10.5,16.0,16.0],"tintindex":0,"rotation":0,"texture":"#0"},"south":{"uv":[10.5,10.5,16.0,16.0],"tintindex":0,"rotation":0,"texture":"#0"},"north":{"uv":[10.5,16.0,16.0,10.5],"tintindex":0,"rotation":180,"texture":"#0"},"west":{"uv":[10.5,10.5,11.0,16.0],"tintindex":0,"rotation":0,"texture":"#0"},"up":{"uv":[10.5,10.5,16.0,11.0],"tintindex":0,"rotation":0,"texture":"#0"},"down":{"uv":[10.5,15.5,16.0,16.0],"tintindex":0,"rotation":0,"texture":"#0"}},"rotation":{"origin":[8.0,8.0,8.0],"angle":-45.0,"axis":"z"}}],"display":{"gui":{"rotation":[30,225,0]}}}