{"textures":{"0":"modelengine:entity/flying_skull"},"elements":[{"from":[6.5,1.0,5.0],"to":[9.5,8.0,8.0],"faces":{"east":{"uv":[12.5,0.0,14.0,3.5],"tintindex":0,"rotation":0,"texture":"#0"},"south":{"uv":[14.0,0.0,15.5,3.5],"tintindex":0,"rotation":0,"texture":"#0"},"north":{"uv":[11.0,0.0,12.5,3.5],"tintindex":0,"rotation":0,"texture":"#0"},"west":{"uv":[12.5,0.0,14.0,3.5],"tintindex":0,"rotation":0,"texture":"#0"},"up":{"uv":[14.5,5.0,16.0,3.5],"tintindex":0,"rotation":0,"texture":"#0"},"down":{"uv":[14.5,3.5,16.0,5.0],"tintindex":0,"rotation":0,"texture":"#0"}}}],"display":{"gui":{"rotation":[30,225,0]}}}