{"textures":{"0":"modelengine:entity/flying_skull"},"elements":[{"from":[5.5,3.0,8.0],"to":[10.5,8.0,14.0],"faces":{"east":{"uv":[14.5,0.0,12.0,3.0],"tintindex":0,"rotation":90,"texture":"#0"},"north":{"uv":[8.0,0.0,10.5,2.5],"tintindex":0,"rotation":0,"texture":"#0"},"west":{"uv":[14.5,3.0,12.0,0.0],"tintindex":0,"rotation":90,"texture":"#0"},"up":{"uv":[13.5,0.0,16.0,3.0],"tintindex":0,"rotation":0,"texture":"#0"},"down":{"uv":[10.5,3.0,13.0,0.0],"tintindex":0,"rotation":0,"texture":"#0"}},"rotation":{"origin":[8.0,8.0,8.0],"angle":45.0,"axis":"x"}}],"display":{"gui":{"rotation":[30,225,0]}}}