{"textures":{"0":"modelengine:entity/flying_skull"},"elements":[{"from":[6.5,7.0,9.0],"to":[9.5,10.0,12.0],"faces":{"east":{"uv":[14.5,3.5,13.0,5.0],"tintindex":0,"rotation":90,"texture":"#0"},"north":{"uv":[13.0,3.5,14.5,5.0],"tintindex":0,"rotation":0,"texture":"#0"},"west":{"uv":[13.0,5.0,14.5,3.5],"tintindex":0,"rotation":90,"texture":"#0"},"up":{"uv":[13.0,3.5,14.5,5.0],"tintindex":0,"rotation":0,"texture":"#0"},"down":{"uv":[13.0,5.0,14.5,3.5],"tintindex":0,"rotation":0,"texture":"#0"}},"rotation":{"origin":[8.0,11.0,8.0],"angle":45.0,"axis":"x"}}],"display":{"gui":{"rotation":[30,225,0]}}}