{"textures":{"0":"modelengine:entity/forest_spirit_projectile_3"},"elements":[{"from":[5.0,5.0,-2.0],"to":[11.0,11.0,10.0],"faces":{"east":{"uv":[9.5,5.0,3.5,8.0],"tintindex":0,"rotation":0,"texture":"#0"},"north":{"uv":[0.5,5.0,3.5,8.0],"tintindex":0,"rotation":0,"texture":"#0"},"west":{"uv":[3.5,5.0,9.5,8.0],"tintindex":0,"rotation":0,"texture":"#0"},"up":{"uv":[3.5,5.0,9.5,8.0],"tintindex":0,"rotation":90,"texture":"#0"},"down":{"uv":[9.5,5.0,3.5,8.0],"tintindex":0,"rotation":90,"texture":"#0"}}}],"display":{"gui":{"rotation":[30,225,0]}}}