{"textures":{"0":"modelengine:entity/forest_spirit_projectile_3"},"elements":[{"from":[3.0,3.0,0.0],"to":[13.0,13.0,12.0],"faces":{"east":{"uv":[11.0,0.0,5.0,5.0],"tintindex":0,"rotation":0,"texture":"#0"},"north":{"uv":[0.0,0.0,5.0,5.0],"tintindex":0,"rotation":0,"texture":"#0"},"west":{"uv":[5.0,0.0,11.0,5.0],"tintindex":0,"rotation":0,"texture":"#0"},"up":{"uv":[5.0,0.0,11.0,5.0],"tintindex":0,"rotation":90,"texture":"#0"},"down":{"uv":[11.0,0.0,5.0,5.0],"tintindex":0,"rotation":90,"texture":"#0"}}}],"display":{"gui":{"rotation":[30,225,0]}}}