{"textures":{"0":"modelengine:entity/forest_spirit_effects"},"elements":[{"from":[-1.0,8.0,-1.0],"to":[17.0,27.0,17.0],"faces":{"east":{"uv":[12.0,3.25,14.25,5.625],"tintindex":0,"rotation":0,"texture":"#0"},"south":{"uv":[12.0,3.25,14.25,5.625],"tintindex":0,"rotation":0,"texture":"#0"},"north":{"uv":[12.0,3.25,14.25,5.625],"tintindex":0,"rotation":0,"texture":"#0"},"west":{"uv":[12.0,3.25,14.25,5.625],"tintindex":0,"rotation":0,"texture":"#0"},"up":{"uv":[9.75,3.25,12.0,5.5],"tintindex":0,"rotation":0,"texture":"#0"}}}],"display":{"gui":{"rotation":[30,225,0]}}}