{"textures":{"0":"modelengine:entity/forest_spirit_effects"},"elements":[{"from":[8.0,15.0,6.5],"to":[8.0,26.5,9.5],"faces":{"east":{"uv":[14.5,5.625,15.25,8.5],"tintindex":0,"rotation":0,"texture":"#0"},"west":{"uv":[15.25,5.625,14.5,8.5],"tintindex":0,"rotation":0,"texture":"#0"}}},{"from":[6.5,15.0,8.0],"to":[9.5,26.5,8.0],"faces":{"south":{"uv":[15.25,5.625,14.5,8.5],"tintindex":0,"rotation":0,"texture":"#0"},"north":{"uv":[14.5,5.625,15.25,8.5],"tintindex":0,"rotation":0,"texture":"#0"}}},{"from":[6.5,7.5,6.5],"to":[9.5,18.0,9.5],"faces":{"east":{"uv":[15.25,5.625,16.0,8.25],"tintindex":0,"rotation":0,"texture":"#0"},"south":{"uv":[15.25,5.625,16.0,8.25],"tintindex":0,"rotation":0,"texture":"#0"},"north":{"uv":[15.25,5.625,16.0,8.25],"tintindex":0,"rotation":0,"texture":"#0"},"west":{"uv":[15.25,5.625,16.0,8.25],"tintindex":0,"rotation":0,"texture":"#0"},"up":{"uv":[10.5,4.0,11.25,4.75],"tintindex":0,"rotation":0,"texture":"#0"}}}],"display":{"gui":{"rotation":[30,225,0]}}}