{"textures":{"0":"modelengine:entity/forest_spirit_effects"},"elements":[{"from":[2.0,8.0,2.0],"to":[14.0,18.5,14.0],"faces":{"east":{"uv":[4.0,13.375,7.0,16.0],"tintindex":0,"rotation":0,"texture":"#0"},"south":{"uv":[4.0,13.375,7.0,16.0],"tintindex":0,"rotation":0,"texture":"#0"},"north":{"uv":[4.0,13.375,7.0,16.0],"tintindex":0,"rotation":0,"texture":"#0"},"west":{"uv":[4.0,13.375,7.0,16.0],"tintindex":0,"rotation":0,"texture":"#0"},"up":{"uv":[4.0,8.625,7.0,11.625],"tintindex":0,"rotation":0,"texture":"#0"}}},{"from":[4.0,18.5,4.0],"to":[12.0,25.5,12.0],"faces":{"east":{"uv":[4.0,11.625,6.0,13.375],"tintindex":0,"rotation":0,"texture":"#0"},"south":{"uv":[4.0,11.625,6.0,13.375],"tintindex":0,"rotation":0,"texture":"#0"},"north":{"uv":[4.0,11.625,6.0,13.375],"tintindex":0,"rotation":0,"texture":"#0"},"west":{"uv":[4.0,11.625,6.0,13.375],"tintindex":0,"rotation":0,"texture":"#0"}}}],"display":{"gui":{"rotation":[30,225,0]}}}