{"textures":{"0":"modelengine:entity/forest_spirit_effects"},"elements":[{"from":[5.0,7.0,5.0],"to":[11.0,22.0,11.0],"faces":{"east":{"uv":[14.375,1.875,15.875,5.625],"tintindex":0,"rotation":0,"texture":"#0"},"south":{"uv":[14.375,1.875,15.875,5.625],"tintindex":0,"rotation":0,"texture":"#0"},"north":{"uv":[14.375,1.875,15.875,5.625],"tintindex":0,"rotation":0,"texture":"#0"},"west":{"uv":[14.375,1.875,15.875,5.625],"tintindex":0,"rotation":0,"texture":"#0"},"up":{"uv":[10.0,3.5,11.5,5.0],"tintindex":0,"rotation":0,"texture":"#0"}}}],"display":{"gui":{"rotation":[30,225,0]}}}