{"textures":{"0":"modelengine:entity/spirit_projectile_6"},"elements":[{"from":[0.0,0.0,0.0],"to":[16.0,16.0,16.0],"faces":{"east":{"uv":[8.0,8.0,16.0,16.0],"tintindex":0,"rotation":0,"texture":"#0"},"south":{"uv":[8.0,8.0,16.0,16.0],"tintindex":0,"rotation":0,"texture":"#0"},"north":{"uv":[8.0,8.0,16.0,16.0],"tintindex":0,"rotation":0,"texture":"#0"},"west":{"uv":[8.0,8.0,16.0,16.0],"tintindex":0,"rotation":0,"texture":"#0"},"up":{"uv":[8.0,8.0,16.0,16.0],"tintindex":0,"rotation":0,"texture":"#0"},"down":{"uv":[8.0,8.0,16.0,16.0],"tintindex":0,"rotation":0,"texture":"#0"}}}],"display":{"gui":{"rotation":[30,225,0]}}}