{"textures":{"2":"modelengine:entity/shaman"},"elements":[{"from":[3.73,-15.27,3.73],"to":[12.27,8.27,8.27],"faces":{"east":{"uv":[1.375,10.25,0.875,16.0],"tintindex":0,"rotation":0,"texture":"#2"},"south":{"uv":[1.375,10.25,2.375,16.0],"tintindex":0,"rotation":0,"texture":"#2"},"north":{"uv":[0.0,10.25,1.0,16.0],"tintindex":0,"rotation":0,"texture":"#2"},"west":{"uv":[0.875,10.25,1.375,16.0],"tintindex":0,"rotation":0,"texture":"#2"},"up":{"uv":[0.0,10.25,1.0,11.25],"tintindex":0,"rotation":0,"texture":"#2"}}}],"display":{"gui":{"rotation":[30,225,0]}}}