{"textures":{"2":"modelengine:entity/shaman"},"elements":[{"from":[4.0,8.0,5.0],"to":[12.0,20.0,11.0],"faces":{"east":{"uv":[6.375,13.0,7.125,16.0],"tintindex":0,"rotation":0,"texture":"#2"},"south":{"uv":[7.0,13.0,8.0,16.0],"tintindex":0,"rotation":0,"texture":"#2"},"north":{"uv":[5.5,13.0,6.5,16.0],"tintindex":0,"rotation":0,"texture":"#2"},"west":{"uv":[6.375,13.0,7.125,16.0],"tintindex":0,"rotation":0,"texture":"#2"},"up":{"uv":[5.5,11.75,6.5,13.25],"tintindex":0,"rotation":0,"texture":"#2"},"down":{"uv":[7.0,11.5,8.0,13.0],"tintindex":0,"rotation":0,"texture":"#2"}}}],"display":{"gui":{"rotation":[30,225,0]}}}