{"textures":{"1":"modelengine:entity/forest_spitit_totem_activated"},"elements":[{"from":[12.5,7.0,8.0],"to":[15.5,10.0,8.0],"faces":{"south":{"uv":[11.25,3.5,12.0,4.25],"tintindex":0,"rotation":0,"texture":"#1"},"north":{"uv":[12.0,3.5,11.25,4.25],"tintindex":0,"rotation":0,"texture":"#1"}}},{"from":[0.5,7.0,8.0],"to":[3.5,10.0,8.0],"faces":{"south":{"uv":[12.0,3.5,11.25,4.25],"tintindex":0,"rotation":0,"texture":"#1"},"north":{"uv":[11.25,3.5,12.0,4.25],"tintindex":0,"rotation":0,"texture":"#1"}}}],"display":{"gui":{"rotation":[30,225,0]}}}