{"textures":{"2":"modelengine:entity/shaman"},"elements":[{"from":[7.0,7.0,2.0],"to":[9.0,11.0,4.0],"faces":{"east":{"uv":[0.0,0.5,0.25,1.5],"tintindex":0,"rotation":0,"texture":"#2"},"south":{"uv":[0.75,0.5,1.0,1.5],"tintindex":0,"rotation":0,"texture":"#2"},"north":{"uv":[0.25,0.5,0.5,1.5],"tintindex":0,"rotation":0,"texture":"#2"},"west":{"uv":[0.5,0.5,0.75,1.5],"tintindex":0,"rotation":0,"texture":"#2"},"up":{"uv":[0.5,0.5,0.25,0.0],"tintindex":0,"rotation":0,"texture":"#2"},"down":{"uv":[0.75,0.0,0.5,0.5],"tintindex":0,"rotation":0,"texture":"#2"}}},{"from":[-0.8000002,23.0,6.0],"to":[1.1999998,25.0,16.0],"faces":{"east":{"uv":[14.0,15.0,12.75,15.5],"tintindex":0,"rotation":0,"texture":"#2"},"south":{"uv":[13.75,15.0,14.0,15.5],"tintindex":0,"rotation":0,"texture":"#2"},"north":{"uv":[13.0,15.0,12.75,15.5],"tintindex":0,"rotation":0,"texture":"#2"},"west":{"uv":[12.75,15.0,14.0,15.5],"tintindex":0,"rotation":0,"texture":"#2"},"up":{"uv":[14.0,14.5,12.75,15.0],"tintindex":0,"rotation":90,"texture":"#2"},"down":{"uv":[12.75,15.5,14.0,16.0],"tintindex":0,"rotation":90,"texture":"#2"}},"rotation":{"origin":[5.0,17.0,4.0],"angle":45.0,"axis":"z"}},{"from":[-9.799999,26.0,11.0],"to":[-4.8,28.0,13.0],"faces":{"south":{"uv":[11.875,15.0,12.5,15.5],"tintindex":0,"rotation":0,"texture":"#2"},"north":{"uv":[12.5,15.0,11.875,15.5],"tintindex":0,"rotation":0,"texture":"#2"},"west":{"uv":[11.875,15.5,12.125,16.0],"tintindex":0,"rotation":0,"texture":"#2"},"up":{"uv":[11.875,15.0,12.5,14.5],"tintindex":0,"rotation":0,"texture":"#2"},"down":{"uv":[11.875,15.5,12.5,16.0],"tintindex":0,"rotation":0,"texture":"#2"}},"rotation":{"origin":[5.0,17.0,4.0],"angle":45.0,"axis":"z"}},{"from":[-0.8000002,25.0,14.0],"to":[1.1999998,28.0,16.0],"faces":{"east":{"uv":[15.25,15.25,15.0,16.0],"tintindex":0,"rotation":0,"texture":"#2"},"south":{"uv":[15.0,15.25,15.25,16.0],"tintindex":0,"rotation":0,"texture":"#2"},"north":{"uv":[15.25,15.25,15.0,16.0],"tintindex":0,"rotation":0,"texture":"#2"},"west":{"uv":[15.0,15.25,15.25,16.0],"tintindex":0,"rotation":0,"texture":"#2"}},"rotation":{"origin":[5.0,17.0,4.0],"angle":45.0,"axis":"z"}},{"from":[3.56,7.56,3.56],"to":[12.44,18.44,12.44],"faces":{"east":{"uv":[4.0,2.0,5.0,4.5],"tintindex":0,"rotation":0,"texture":"#2"},"south":{"uv":[7.0,2.0,8.0,4.5],"tintindex":0,"rotation":0,"texture":"#2"},"north":{"uv":[5.0,2.0,6.0,4.5],"tintindex":0,"rotation":0,"texture":"#2"},"west":{"uv":[6.0,2.0,7.0,4.5],"tintindex":0,"rotation":0,"texture":"#2"},"up":{"uv":[6.0,2.0,5.0,0.0],"tintindex":0,"rotation":0,"texture":"#2"},"down":{"uv":[7.0,0.0,6.0,2.0],"tintindex":0,"rotation":0,"texture":"#2"}}},{"from":[14.8,25.0,6.0],"to":[16.8,27.0,8.0],"faces":{"east":{"uv":[15.75,15.5,15.5,16.0],"tintindex":0,"rotation":0,"texture":"#2"},"south":{"uv":[15.75,15.5,15.5,16.0],"tintindex":0,"rotation":0,"texture":"#2"},"north":{"uv":[15.5,15.5,15.75,16.0],"tintindex":0,"rotation":0,"texture":"#2"},"west":{"uv":[15.5,15.5,15.75,16.0],"tintindex":0,"rotation":0,"texture":"#2"},"up":{"uv":[15.75,15.75,15.5,15.25],"tintindex":0,"rotation":0,"texture":"#2"}},"rotation":{"origin":[11.0,17.0,4.0],"angle":-45.0,"axis":"z"}},{"from":[4.0,8.0,4.0],"to":[12.0,18.0,12.0],"faces":{"east":{"uv":[0.0,2.0,1.0,4.5],"tintindex":0,"rotation":0,"texture":"#2"},"south":{"uv":[3.0,2.0,4.0,4.5],"tintindex":0,"rotation":0,"texture":"#2"},"north":{"uv":[1.0,2.0,2.0,4.5],"tintindex":0,"rotation":0,"texture":"#2"},"west":{"uv":[2.0,2.0,3.0,4.5],"tintindex":0,"rotation":0,"texture":"#2"},"up":{"uv":[2.0,2.0,1.0,0.0],"tintindex":0,"rotation":0,"texture":"#2"},"down":{"uv":[3.0,0.0,2.0,2.0],"tintindex":0,"rotation":0,"texture":"#2"}}},{"from":[14.8,23.0,6.0],"to":[16.8,25.0,16.0],"faces":{"east":{"uv":[14.0,15.0,12.75,15.5],"tintindex":0,"rotation":0,"texture":"#2"},"south":{"uv":[14.0,15.0,13.75,15.5],"tintindex":0,"rotation":0,"texture":"#2"},"north":{"uv":[13.75,15.0,14.0,15.5],"tintindex":0,"rotation":0,"texture":"#2"},"west":{"uv":[12.75,15.0,14.0,15.5],"tintindex":0,"rotation":0,"texture":"#2"},"up":{"uv":[14.0,15.0,12.75,14.5],"tintindex":0,"rotation":90,"texture":"#2"},"down":{"uv":[12.75,16.0,14.0,15.5],"tintindex":0,"rotation":90,"texture":"#2"}},"rotation":{"origin":[11.0,17.0,4.0],"angle":-45.0,"axis":"z"}},{"from":[10.8,16.0,3.0],"to":[12.8,21.0,5.0],"faces":{"east":{"uv":[16.0,14.75,15.75,16.0],"tintindex":0,"rotation":0,"texture":"#2"},"south":{"uv":[16.0,14.75,15.75,16.0],"tintindex":0,"rotation":0,"texture":"#2"},"north":{"uv":[15.75,14.75,16.0,16.0],"tintindex":0,"rotation":0,"texture":"#2"},"west":{"uv":[15.75,14.75,16.0,16.0],"tintindex":0,"rotation":0,"texture":"#2"},"down":{"uv":[16.0,14.75,15.75,15.25],"tintindex":0,"rotation":0,"texture":"#2"}},"rotation":{"origin":[11.0,17.0,4.0],"angle":-45.0,"axis":"z"}},{"from":[4.8,30.0,11.0],"to":[10.8,32.0,13.0],"faces":{"east":{"uv":[15.5,10.5,15.25,11.0],"tintindex":0,"rotation":0,"texture":"#2"},"south":{"uv":[16.0,10.5,15.25,11.0],"tintindex":0,"rotation":0,"texture":"#2"},"north":{"uv":[15.25,10.5,16.0,11.0],"tintindex":0,"rotation":0,"texture":"#2"},"west":{"uv":[15.25,10.5,15.5,11.0],"tintindex":0,"rotation":0,"texture":"#2"},"up":{"uv":[16.0,10.5,15.25,10.0],"tintindex":0,"rotation":0,"texture":"#2"},"down":{"uv":[16.0,11.0,15.25,11.5],"tintindex":0,"rotation":0,"texture":"#2"}},"rotation":{"origin":[11.0,17.0,4.0],"angle":-45.0,"axis":"z"}},{"from":[-4.8,21.0,11.0],"to":[5.2,23.0,13.0],"faces":{"east":{"uv":[14.75,15.5,14.5,16.0],"tintindex":0,"rotation":0,"texture":"#2"},"south":{"uv":[14.25,13.5,14.5,16.0],"tintindex":0,"rotation":90,"texture":"#2"},"north":{"uv":[14.25,16.0,14.5,13.5],"tintindex":0,"rotation":90,"texture":"#2"},"west":{"uv":[14.625,15.5,14.875,16.0],"tintindex":0,"rotation":0,"texture":"#2"},"up":{"uv":[14.25,13.5,14.0,16.0],"tintindex":0,"rotation":90,"texture":"#2"},"down":{"uv":[14.5,13.5,14.75,16.0],"tintindex":0,"rotation":90,"texture":"#2"}},"rotation":{"origin":[5.0,17.0,4.0],"angle":45.0,"axis":"z"}},{"from":[18.8,23.0,11.0],"to":[20.8,28.0,13.0],"faces":{"east":{"uv":[12.75,14.75,12.5,16.0],"tintindex":0,"rotation":0,"texture":"#2"},"south":{"uv":[12.75,14.75,12.5,16.0],"tintindex":0,"rotation":0,"texture":"#2"},"north":{"uv":[12.5,14.75,12.75,16.0],"tintindex":0,"rotation":0,"texture":"#2"},"west":{"uv":[12.5,14.75,12.75,16.0],"tintindex":0,"rotation":0,"texture":"#2"},"up":{"uv":[12.75,15.25,12.5,14.75],"tintindex":0,"rotation":0,"texture":"#2"},"down":{"uv":[12.75,15.5,12.5,16.0],"tintindex":0,"rotation":0,"texture":"#2"}},"rotation":{"origin":[11.0,17.0,4.0],"angle":-45.0,"axis":"z"}},{"from":[3.1999998,21.0,3.0],"to":[5.2,23.0,11.0],"faces":{"east":{"uv":[15.75,14.25,14.75,14.75],"tintindex":0,"rotation":0,"texture":"#2"},"north":{"uv":[16.0,14.25,15.75,14.75],"tintindex":0,"rotation":0,"texture":"#2"},"west":{"uv":[14.75,14.25,15.75,14.75],"tintindex":0,"rotation":0,"texture":"#2"},"up":{"uv":[15.75,13.75,14.75,14.25],"tintindex":0,"rotation":90,"texture":"#2"},"down":{"uv":[14.75,14.75,15.75,15.25],"tintindex":0,"rotation":90,"texture":"#2"}},"rotation":{"origin":[5.0,17.0,4.0],"angle":45.0,"axis":"z"}},{"from":[5.99,14.99,2.99],"to":[11.01,20.01,5.01],"faces":{"east":{"uv":[15.125,12.5,15.75,12.0],"tintindex":0,"rotation":90,"texture":"#2"},"south":{"uv":[15.125,12.5,15.75,13.75],"tintindex":0,"rotation":90,"texture":"#2"},"north":{"uv":[15.125,12.5,15.75,13.75],"tintindex":0,"rotation":0,"texture":"#2"},"west":{"uv":[15.125,12.5,14.875,13.75],"tintindex":0,"rotation":0,"texture":"#2"},"up":{"uv":[15.75,12.5,15.125,12.0],"tintindex":0,"rotation":0,"texture":"#2"},"down":{"uv":[14.875,12.5,15.125,13.75],"tintindex":0,"rotation":90,"texture":"#2"}},"rotation":{"origin":[8.0,17.0,4.0],"angle":45.0,"axis":"z"}},{"from":[-4.8,23.0,11.0],"to":[-2.8000002,28.0,13.0],"faces":{"east":{"uv":[12.75,14.75,12.5,16.0],"tintindex":0,"rotation":0,"texture":"#2"},"south":{"uv":[12.5,14.75,12.75,16.0],"tintindex":0,"rotation":0,"texture":"#2"},"north":{"uv":[12.75,14.75,12.5,16.0],"tintindex":0,"rotation":0,"texture":"#2"},"west":{"uv":[12.5,14.75,12.75,16.0],"tintindex":0,"rotation":0,"texture":"#2"},"up":{"uv":[12.5,15.25,12.75,14.75],"tintindex":0,"rotation":0,"texture":"#2"},"down":{"uv":[12.5,15.5,12.75,16.0],"tintindex":0,"rotation":0,"texture":"#2"}},"rotation":{"origin":[5.0,17.0,4.0],"angle":45.0,"axis":"z"}},{"from":[14.8,25.0,14.0],"to":[16.8,28.0,16.0],"faces":{"east":{"uv":[15.25,15.25,15.0,16.0],"tintindex":0,"rotation":0,"texture":"#2"},"south":{"uv":[15.25,15.25,15.0,16.0],"tintindex":0,"rotation":0,"texture":"#2"},"north":{"uv":[15.0,15.25,15.25,16.0],"tintindex":0,"rotation":0,"texture":"#2"},"west":{"uv":[15.0,15.25,15.25,16.0],"tintindex":0,"rotation":0,"texture":"#2"}},"rotation":{"origin":[11.0,17.0,4.0],"angle":-45.0,"axis":"z"}},{"from":[20.8,26.0,11.0],"to":[25.8,28.0,13.0],"faces":{"east":{"uv":[12.125,15.5,11.875,16.0],"tintindex":0,"rotation":0,"texture":"#2"},"south":{"uv":[12.5,15.0,11.875,15.5],"tintindex":0,"rotation":0,"texture":"#2"},"north":{"uv":[11.875,15.0,12.5,15.5],"tintindex":0,"rotation":0,"texture":"#2"},"up":{"uv":[12.5,15.0,11.875,14.5],"tintindex":0,"rotation":0,"texture":"#2"},"down":{"uv":[12.5,15.5,11.875,16.0],"tintindex":0,"rotation":0,"texture":"#2"}},"rotation":{"origin":[11.0,17.0,4.0],"angle":-45.0,"axis":"z"}},{"from":[10.8,21.0,3.0],"to":[12.8,23.0,11.0],"faces":{"east":{"uv":[15.75,14.25,14.75,14.75],"tintindex":0,"rotation":0,"texture":"#2"},"north":{"uv":[15.75,14.25,16.0,14.75],"tintindex":0,"rotation":0,"texture":"#2"},"west":{"uv":[14.75,14.25,15.75,14.75],"tintindex":0,"rotation":0,"texture":"#2"},"up":{"uv":[15.75,14.25,14.75,13.75],"tintindex":0,"rotation":90,"texture":"#2"},"down":{"uv":[14.75,15.25,15.75,14.75],"tintindex":0,"rotation":90,"texture":"#2"}},"rotation":{"origin":[11.0,17.0,4.0],"angle":-45.0,"axis":"z"}},{"from":[10.8,21.0,11.0],"to":[20.8,23.0,13.0],"faces":{"east":{"uv":[14.875,15.5,14.625,16.0],"tintindex":0,"rotation":0,"texture":"#2"},"south":{"uv":[14.25,16.0,14.5,13.5],"tintindex":0,"rotation":90,"texture":"#2"},"north":{"uv":[14.25,13.5,14.5,16.0],"tintindex":0,"rotation":90,"texture":"#2"},"west":{"uv":[14.5,15.5,14.75,16.0],"tintindex":0,"rotation":0,"texture":"#2"},"up":{"uv":[14.25,16.0,14.0,13.5],"tintindex":0,"rotation":90,"texture":"#2"},"down":{"uv":[14.5,16.0,14.75,13.5],"tintindex":0,"rotation":90,"texture":"#2"}},"rotation":{"origin":[11.0,17.0,4.0],"angle":-45.0,"axis":"z"}},{"from":[8.8,21.0,11.0],"to":[10.8,30.0,13.0],"faces":{"east":{"uv":[16.0,11.5,15.75,13.75],"tintindex":0,"rotation":0,"texture":"#2"},"south":{"uv":[15.75,11.5,16.0,13.75],"tintindex":0,"rotation":0,"texture":"#2"},"north":{"uv":[15.75,11.5,16.0,13.75],"tintindex":0,"rotation":0,"texture":"#2"},"west":{"uv":[15.75,11.5,16.0,13.75],"tintindex":0,"rotation":0,"texture":"#2"},"down":{"uv":[16.0,13.75,15.75,14.25],"tintindex":0,"rotation":0,"texture":"#2"}},"rotation":{"origin":[11.0,17.0,4.0],"angle":-45.0,"axis":"z"}},{"from":[-3.8000002,28.0,14.0],"to":[1.1999998,30.0,16.0],"faces":{"east":{"uv":[11.875,15.0,11.625,15.5],"tintindex":0,"rotation":0,"texture":"#2"},"south":{"uv":[11.25,15.0,11.875,15.5],"tintindex":0,"rotation":0,"texture":"#2"},"north":{"uv":[11.875,15.0,11.25,15.5],"tintindex":0,"rotation":0,"texture":"#2"},"west":{"uv":[11.25,15.0,11.5,15.5],"tintindex":0,"rotation":0,"texture":"#2"},"up":{"uv":[11.25,15.0,11.875,14.5],"tintindex":0,"rotation":0,"texture":"#2"},"down":{"uv":[11.25,15.5,11.875,16.0],"tintindex":0,"rotation":0,"texture":"#2"}},"rotation":{"origin":[5.0,17.0,4.0],"angle":45.0,"axis":"z"}},{"from":[5.2,30.0,11.0],"to":[11.2,32.0,13.0],"faces":{"east":{"uv":[15.5,10.5,15.25,11.0],"tintindex":0,"rotation":0,"texture":"#2"},"south":{"uv":[15.25,10.5,16.0,11.0],"tintindex":0,"rotation":0,"texture":"#2"},"north":{"uv":[16.0,10.5,15.25,11.0],"tintindex":0,"rotation":0,"texture":"#2"},"west":{"uv":[15.25,10.5,15.5,11.0],"tintindex":0,"rotation":0,"texture":"#2"},"up":{"uv":[15.25,10.5,16.0,10.0],"tintindex":0,"rotation":0,"texture":"#2"},"down":{"uv":[15.25,11.0,16.0,11.5],"tintindex":0,"rotation":0,"texture":"#2"}},"rotation":{"origin":[5.0,17.0,4.0],"angle":45.0,"axis":"z"}},{"from":[-0.8000002,25.0,6.0],"to":[1.1999998,27.0,8.0],"faces":{"east":{"uv":[15.75,15.5,15.5,16.0],"tintindex":0,"rotation":0,"texture":"#2"},"south":{"uv":[15.5,15.5,15.75,16.0],"tintindex":0,"rotation":0,"texture":"#2"},"north":{"uv":[15.75,15.5,15.5,16.0],"tintindex":0,"rotation":0,"texture":"#2"},"west":{"uv":[15.75,15.5,15.5,16.0],"tintindex":0,"rotation":0,"texture":"#2"},"up":{"uv":[15.5,15.75,15.75,15.25],"tintindex":0,"rotation":0,"texture":"#2"}},"rotation":{"origin":[5.0,17.0,4.0],"angle":45.0,"axis":"z"}},{"from":[3.1999998,16.0,3.0],"to":[5.2,21.0,5.0],"faces":{"east":{"uv":[16.0,14.75,15.75,16.0],"tintindex":0,"rotation":0,"texture":"#2"},"south":{"uv":[15.75,14.75,16.0,16.0],"tintindex":0,"rotation":0,"texture":"#2"},"north":{"uv":[16.0,14.75,15.75,16.0],"tintindex":0,"rotation":0,"texture":"#2"},"west":{"uv":[16.0,14.75,15.75,16.0],"tintindex":0,"rotation":0,"texture":"#2"},"down":{"uv":[15.75,14.75,16.0,15.25],"tintindex":0,"rotation":0,"texture":"#2"}},"rotation":{"origin":[5.0,17.0,4.0],"angle":45.0,"axis":"z"}},{"from":[14.8,28.0,14.0],"to":[19.8,30.0,16.0],"faces":{"east":{"uv":[11.5,15.0,11.25,15.5],"tintindex":0,"rotation":0,"texture":"#2"},"south":{"uv":[11.875,15.0,11.25,15.5],"tintindex":0,"rotation":0,"texture":"#2"},"north":{"uv":[11.25,15.0,11.875,15.5],"tintindex":0,"rotation":0,"texture":"#2"},"west":{"uv":[11.25,15.0,11.5,15.5],"tintindex":0,"rotation":0,"texture":"#2"},"up":{"uv":[11.875,15.0,11.25,14.5],"tintindex":0,"rotation":0,"texture":"#2"},"down":{"uv":[11.875,15.5,11.25,16.0],"tintindex":0,"rotation":0,"texture":"#2"}},"rotation":{"origin":[11.0,17.0,4.0],"angle":-45.0,"axis":"z"}},{"from":[5.4,8.0,5.0],"to":[10.4,18.0,13.0],"faces":{"east":{"uv":[0.625,6.5,1.625,9.0],"tintindex":0,"rotation":0,"texture":"#2"},"south":{"uv":[0.0,6.5,0.625,9.0],"tintindex":0,"rotation":0,"texture":"#2"},"west":{"uv":[1.625,6.5,0.625,9.0],"tintindex":0,"rotation":0,"texture":"#2"},"up":{"uv":[0.625,6.5,0.0,4.5],"tintindex":0,"rotation":0,"texture":"#2"},"down":{"uv":[1.25,4.5,0.625,6.5],"tintindex":0,"rotation":0,"texture":"#2"}},"rotation":{"origin":[8.0,18.0,5.0],"angle":-22.5,"axis":"x"}},{"from":[5.2,21.0,11.0],"to":[7.2,30.0,13.0],"faces":{"east":{"uv":[16.0,11.5,15.75,13.75],"tintindex":0,"rotation":0,"texture":"#2"},"south":{"uv":[15.75,11.5,16.0,13.75],"tintindex":0,"rotation":0,"texture":"#2"},"north":{"uv":[16.0,11.5,15.75,13.75],"tintindex":0,"rotation":0,"texture":"#2"},"west":{"uv":[15.75,11.5,16.0,13.75],"tintindex":0,"rotation":0,"texture":"#2"},"down":{"uv":[15.75,13.75,16.0,14.25],"tintindex":0,"rotation":0,"texture":"#2"}},"rotation":{"origin":[5.0,17.0,4.0],"angle":45.0,"axis":"z"}}],"display":{"gui":{"rotation":[30,225,0]}}}