{"textures":{"2":"modelengine:entity/shaman"},"elements":[{"from":[5.7,5.7,5.7],"to":[10.3,10.3,10.3],"faces":{"east":{"uv":[13.0,1.25,13.5,2.25],"tintindex":0,"rotation":0,"texture":"#2"},"south":{"uv":[13.0,1.25,13.5,2.25],"tintindex":0,"rotation":0,"texture":"#2"},"north":{"uv":[13.0,1.25,13.5,2.25],"tintindex":0,"rotation":0,"texture":"#2"},"west":{"uv":[13.0,1.25,13.5,2.25],"tintindex":0,"rotation":0,"texture":"#2"},"up":{"uv":[13.0,1.25,13.5,2.25],"tintindex":0,"rotation":0,"texture":"#2"},"down":{"uv":[13.0,1.25,13.5,2.25],"tintindex":0,"rotation":0,"texture":"#2"}}},{"from":[6.0,6.0,6.0],"to":[10.0,10.0,10.0],"faces":{"east":{"uv":[13.5,1.25,14.0,2.25],"tintindex":0,"rotation":0,"texture":"#2"},"south":{"uv":[13.5,1.25,14.0,2.25],"tintindex":0,"rotation":0,"texture":"#2"},"north":{"uv":[13.5,1.25,14.0,2.25],"tintindex":0,"rotation":0,"texture":"#2"},"west":{"uv":[13.5,1.25,14.0,2.25],"tintindex":0,"rotation":0,"texture":"#2"},"up":{"uv":[13.5,1.25,14.0,2.25],"tintindex":0,"rotation":0,"texture":"#2"},"down":{"uv":[13.5,1.25,14.0,2.25],"tintindex":0,"rotation":0,"texture":"#2"}}}],"display":{"gui":{"rotation":[30,225,0]}}}