{"textures":{"2":"modelengine:entity/shaman"},"elements":[{"from":[8.0,0.0,10.0],"to":[12.0,4.0,13.0],"faces":{"east":{"uv":[7.5,10.25,8.0,9.5],"tintindex":0,"rotation":90,"texture":"#2"},"south":{"uv":[7.0,9.5,6.5,8.5],"tintindex":0,"rotation":0,"texture":"#2"},"west":{"uv":[7.5,9.5,8.0,10.25],"tintindex":0,"rotation":90,"texture":"#2"},"up":{"uv":[6.0,10.25,6.5,9.5],"tintindex":0,"rotation":0,"texture":"#2"},"down":{"uv":[7.0,9.5,7.5,10.25],"tintindex":0,"rotation":0,"texture":"#2"}}},{"from":[8.0,-2.0,6.0],"to":[12.0,10.0,10.0],"faces":{"east":{"uv":[7.5,5.5,7.0,8.5],"tintindex":0,"rotation":0,"texture":"#2"},"south":{"uv":[8.0,5.5,7.5,8.5],"tintindex":0,"rotation":0,"texture":"#2"},"north":{"uv":[7.0,5.5,6.5,8.5],"tintindex":0,"rotation":0,"texture":"#2"},"west":{"uv":[6.0,5.5,6.5,8.5],"tintindex":0,"rotation":0,"texture":"#2"},"up":{"uv":[6.5,5.5,7.0,4.5],"tintindex":0,"rotation":0,"texture":"#2"},"down":{"uv":[7.0,4.5,7.5,5.5],"tintindex":0,"rotation":0,"texture":"#2"}}}],"display":{"gui":{"rotation":[30,225,0]}}}