{"textures":{"2":"modelengine:entity/shaman"},"elements":[{"from":[6.0,-4.0,6.0],"to":[10.0,8.0,10.0],"faces":{"east":{"uv":[5.125,6.75,4.625,9.75],"tintindex":0,"rotation":0,"texture":"#2"},"south":{"uv":[5.125,6.75,5.625,9.75],"tintindex":0,"rotation":0,"texture":"#2"},"north":{"uv":[4.625,6.75,4.125,9.75],"tintindex":0,"rotation":0,"texture":"#2"},"west":{"uv":[4.625,6.75,5.125,9.75],"tintindex":0,"rotation":0,"texture":"#2"},"up":{"uv":[4.125,5.75,4.625,6.75],"tintindex":0,"rotation":0,"texture":"#2"},"down":{"uv":[4.625,5.75,5.125,6.75],"tintindex":0,"rotation":0,"texture":"#2"}}}],"display":{"gui":{"rotation":[30,225,0]}}}