{"textures":{"2":"modelengine:entity/shaman"},"elements":[{"from":[7.0,6.0,5.0],"to":[13.0,9.0,11.0],"faces":{"east":{"uv":[13.125,13.25,12.375,14.0],"tintindex":0,"rotation":0,"texture":"#2"},"south":{"uv":[11.625,13.25,12.375,14.0],"tintindex":0,"rotation":0,"texture":"#2"},"north":{"uv":[12.375,13.25,11.625,14.0],"tintindex":0,"rotation":0,"texture":"#2"},"west":{"uv":[13.125,13.25,12.375,14.0],"tintindex":0,"rotation":0,"texture":"#2"},"up":{"uv":[12.375,11.75,13.125,13.25],"tintindex":0,"rotation":0,"texture":"#2"},"down":{"uv":[11.625,11.75,12.375,13.25],"tintindex":0,"rotation":0,"texture":"#2"}}}],"display":{"gui":{"rotation":[30,225,0]}}}