{"textures":{"2":"modelengine:entity/shaman"},"elements":[{"from":[7.505,-1.9949999,7.505],"to":[8.995,-0.5050001,8.495],"faces":{"east":{"uv":[15.25,8.75,15.5,9.5],"tintindex":0,"rotation":0,"texture":"#2"},"south":{"uv":[15.75,8.75,15.375,9.5],"tintindex":0,"rotation":0,"texture":"#2"},"north":{"uv":[15.375,8.75,15.75,9.5],"tintindex":0,"rotation":0,"texture":"#2"},"up":{"uv":[15.375,8.5,15.75,9.0],"tintindex":0,"rotation":0,"texture":"#2"},"down":{"uv":[15.75,9.25,15.375,9.75],"tintindex":0,"rotation":0,"texture":"#2"}}},{"from":[7.5,13.5,6.5],"to":[8.5,15.0,8.0],"faces":{"east":{"uv":[13.25,3.5,13.625,4.25],"tintindex":0,"rotation":0,"texture":"#2"},"south":{"uv":[13.375,4.25,13.625,5.0],"tintindex":0,"rotation":0,"texture":"#2"},"north":{"uv":[13.625,3.5,13.875,4.25],"tintindex":0,"rotation":0,"texture":"#2"},"west":{"uv":[13.625,3.5,13.25,4.25],"tintindex":0,"rotation":0,"texture":"#2"},"up":{"uv":[13.625,3.5,13.875,4.25],"tintindex":0,"rotation":0,"texture":"#2"},"down":{"uv":[13.625,4.25,13.875,5.0],"tintindex":0,"rotation":0,"texture":"#2"}},"rotation":{"origin":[8.0,17.0,7.5],"angle":22.5,"axis":"x"}},{"from":[8.2,20.0,7.5],"to":[10.2,21.0,8.5],"faces":{"east":{"uv":[14.875,1.0,14.625,1.5],"tintindex":0,"rotation":0,"texture":"#2"},"south":{"uv":[14.375,1.0,14.875,1.5],"tintindex":0,"rotation":0,"texture":"#2"},"north":{"uv":[14.875,1.0,14.375,1.5],"tintindex":0,"rotation":0,"texture":"#2"},"up":{"uv":[14.375,1.25,14.875,0.75],"tintindex":0,"rotation":0,"texture":"#2"},"down":{"uv":[14.375,1.25,14.875,1.75],"tintindex":0,"rotation":0,"texture":"#2"}},"rotation":{"origin":[7.5,17.0,8.0],"angle":-45.0,"axis":"z"}},{"from":[7.505,1.0050001,7.505],"to":[8.495,16.994999,8.495],"faces":{"east":{"uv":[15.5,0.0,15.75,8.0],"tintindex":0,"rotation":0,"texture":"#2"},"south":{"uv":[15.5,0.0,15.75,8.0],"tintindex":0,"rotation":0,"texture":"#2"},"north":{"uv":[15.5,0.0,15.75,8.0],"tintindex":0,"rotation":0,"texture":"#2"},"west":{"uv":[15.5,0.0,15.75,8.0],"tintindex":0,"rotation":0,"texture":"#2"},"down":{"uv":[15.5,0.5,15.75,1.0],"tintindex":0,"rotation":0,"texture":"#2"}}},{"from":[7.25,15.0,6.5],"to":[8.75,17.0,8.0],"faces":{"east":{"uv":[14.375,4.25,14.0,5.25],"tintindex":0,"rotation":0,"texture":"#2"},"south":{"uv":[14.75,3.5,15.125,4.5],"tintindex":0,"rotation":0,"texture":"#2"},"north":{"uv":[14.375,4.25,14.75,5.25],"tintindex":0,"rotation":0,"texture":"#2"},"west":{"uv":[14.0,4.25,14.375,5.25],"tintindex":0,"rotation":0,"texture":"#2"},"up":{"uv":[14.375,3.5,14.75,4.25],"tintindex":0,"rotation":0,"texture":"#2"},"down":{"uv":[14.0,3.5,14.375,4.25],"tintindex":0,"rotation":0,"texture":"#2"}},"rotation":{"origin":[8.0,17.0,7.5],"angle":22.5,"axis":"x"}},{"from":[4.2,21.0,7.5],"to":[5.2,23.0,8.5],"faces":{"east":{"uv":[13.375,0.0,13.625,1.0],"tintindex":0,"rotation":0,"texture":"#2"},"south":{"uv":[13.375,0.0,13.625,1.0],"tintindex":0,"rotation":0,"texture":"#2"},"north":{"uv":[13.625,0.0,13.375,1.0],"tintindex":0,"rotation":0,"texture":"#2"},"west":{"uv":[13.25,0.0,13.5,1.0],"tintindex":0,"rotation":0,"texture":"#2"},"up":{"uv":[13.25,0.0,13.5,0.5],"tintindex":0,"rotation":0,"texture":"#2"},"down":{"uv":[13.375,0.75,13.625,1.25],"tintindex":0,"rotation":0,"texture":"#2"}},"rotation":{"origin":[7.5,17.0,8.0],"angle":-45.0,"axis":"z"}},{"from":[6.505,-1.9949999,7.505],"to":[7.495,1.9949999,8.495],"faces":{"east":{"uv":[15.625,7.5,15.875,9.5],"tintindex":0,"rotation":0,"texture":"#2"},"south":{"uv":[16.0,7.5,15.75,9.5],"tintindex":0,"rotation":0,"texture":"#2"},"north":{"uv":[15.75,7.5,16.0,9.5],"tintindex":0,"rotation":0,"texture":"#2"},"west":{"uv":[15.75,4.75,16.0,6.75],"tintindex":0,"rotation":0,"texture":"#2"},"up":{"uv":[16.0,7.5,15.75,7.0],"tintindex":0,"rotation":0,"texture":"#2"},"down":{"uv":[16.0,9.25,15.75,9.75],"tintindex":0,"rotation":0,"texture":"#2"}}},{"from":[5.2,16.0,7.5],"to":[7.2,18.0,8.5],"faces":{"east":{"uv":[14.375,2.0,14.625,3.0],"tintindex":0,"rotation":0,"texture":"#2"},"south":{"uv":[13.625,2.5,14.125,3.5],"tintindex":0,"rotation":0,"texture":"#2"},"north":{"uv":[14.125,2.5,13.625,3.5],"tintindex":0,"rotation":0,"texture":"#2"},"west":{"uv":[13.5,3.5,13.75,2.5],"tintindex":0,"rotation":0,"texture":"#2"},"up":{"uv":[13.625,3.0,14.125,3.5],"tintindex":0,"rotation":0,"texture":"#2"},"down":{"uv":[14.125,3.0,14.625,3.5],"tintindex":0,"rotation":0,"texture":"#2"}},"rotation":{"origin":[7.5,17.0,8.0],"angle":-45.0,"axis":"z"}},{"from":[7.255,12.505,7.255],"to":[8.745,15.995,8.745],"faces":{"east":{"uv":[15.125,0.0,15.5,1.75],"tintindex":0,"rotation":0,"texture":"#2"},"south":{"uv":[15.125,0.0,15.5,1.75],"tintindex":0,"rotation":0,"texture":"#2"},"north":{"uv":[15.125,0.0,15.5,1.75],"tintindex":0,"rotation":0,"texture":"#2"},"west":{"uv":[15.125,0.0,15.5,1.75],"tintindex":0,"rotation":0,"texture":"#2"},"up":{"uv":[14.75,0.0,15.125,0.75],"tintindex":0,"rotation":0,"texture":"#2"}}},{"from":[5.2,21.0,7.5],"to":[7.2,22.0,8.5],"faces":{"south":{"uv":[13.625,0.5,14.125,1.0],"tintindex":0,"rotation":0,"texture":"#2"},"north":{"uv":[14.125,0.5,13.625,1.0],"tintindex":0,"rotation":0,"texture":"#2"},"up":{"uv":[13.625,0.25,14.125,0.75],"tintindex":0,"rotation":0,"texture":"#2"},"down":{"uv":[13.625,0.75,14.125,1.25],"tintindex":0,"rotation":0,"texture":"#2"}},"rotation":{"origin":[7.5,17.0,8.0],"angle":-45.0,"axis":"z"}},{"from":[7.2,17.0,7.5],"to":[8.2,22.0,8.5],"faces":{"east":{"uv":[14.125,0.5,14.375,3.0],"tintindex":0,"rotation":0,"texture":"#2"},"south":{"uv":[14.125,0.5,14.375,3.0],"tintindex":0,"rotation":0,"texture":"#2"},"north":{"uv":[14.375,0.5,14.125,3.0],"tintindex":0,"rotation":0,"texture":"#2"},"west":{"uv":[14.0,0.5,14.25,3.0],"tintindex":0,"rotation":0,"texture":"#2"},"up":{"uv":[14.125,0.25,14.375,0.75],"tintindex":0,"rotation":0,"texture":"#2"},"down":{"uv":[15.75,0.0,16.0,0.5],"tintindex":0,"rotation":0,"texture":"#2"}},"rotation":{"origin":[7.5,17.0,8.0],"angle":-45.0,"axis":"z"}}],"display":{"gui":{"rotation":[30,225,0]}}}