{"overrides":[{"predicate":{"custom_model_data":1},"model":"modelengine:lrd_wither_default/body1"},{"predicate":{"custom_model_data":2},"model":"modelengine:lrd_wither_default/body2"},{"predicate":{"custom_model_data":3},"model":"modelengine:lrd_wither_default/head1"},{"predicate":{"custom_model_data":4},"model":"modelengine:lrd_wither_default/head2"},{"predicate":{"custom_model_data":5},"model":"modelengine:lrd_wither_default/head3"},{"predicate":{"custom_model_data":6},"model":"modelengine:lrd_wither_default/body3"},{"predicate":{"custom_model_data":7},"model":"modelengine:lrd_witherstorm/destroy_ray_1"},{"predicate":{"custom_model_data":8},"model":"modelengine:lrd_witherstorm/body_root"},{"predicate":{"custom_model_data":9},"model":"modelengine:lrd_witherstorm/wither_storm_cubes_2"},{"predicate":{"custom_model_data":10},"model":"modelengine:lrd_witherstorm/wither_storm_ring"},{"predicate":{"custom_model_data":11},"model":"modelengine:lrd_witherstorm/wither_storm_cubes_1"},{"predicate":{"custom_model_data":12},"model":"modelengine:lrd_witherstorm/destroy_ray_4"},{"predicate":{"custom_model_data":13},"model":"modelengine:lrd_witherstorm/wither_storm_ring2"},{"predicate":{"custom_model_data":14},"model":"modelengine:lrd_witherstorm/destroy_ray_3"},{"predicate":{"custom_model_data":15},"model":"modelengine:lrd_witherstorm/wither_storm_ring3"},{"predicate":{"custom_model_data":16},"model":"modelengine:lrd_witherstorm/destroy_ray_2"},{"predicate":{"custom_model_data":17},"model":"modelengine:lrd_witherstorm/head_3"},{"predicate":{"custom_model_data":18},"model":"modelengine:lrd_witherstorm/body_tail"},{"predicate":{"custom_model_data":19},"model":"modelengine:lrd_witherstorm/bacteria_1"},{"predicate":{"custom_model_data":20},"model":"modelengine:lrd_witherstorm/head_1"},{"predicate":{"custom_model_data":21},"model":"modelengine:lrd_witherstorm/head_2"},{"predicate":{"custom_model_data":22},"model":"modelengine:lrd_witherstorm/bacteria_3"},{"predicate":{"custom_model_data":23},"model":"modelengine:lrd_witherstorm/bacteria_2"},{"predicate":{"custom_model_data":24},"model":"modelengine:lrd_witherstorm/body_1"},{"predicate":{"custom_model_data":25},"model":"modelengine:lrd_witherstorm/body_2"},{"predicate":{"custom_model_data":26},"model":"modelengine:lrd_witherstorm/eye_3"},{"predicate":{"custom_model_data":27},"model":"modelengine:lrd_witherstorm/tractor_beam_swirl_3"},{"predicate":{"custom_model_data":28},"model":"modelengine:lrd_witherstorm/jaw_3"},{"predicate":{"custom_model_data":29},"model":"modelengine:lrd_witherstorm/eye_light3"},{"predicate":{"custom_model_data":30},"model":"modelengine:lrd_witherstorm/eyeglow_3"},{"predicate":{"custom_model_data":31},"model":"modelengine:lrd_witherstorm/jaw_1"},{"predicate":{"custom_model_data":32},"model":"modelengine:lrd_witherstorm/tractor_beam_swirl_1"},{"predicate":{"custom_model_data":33},"model":"modelengine:lrd_witherstorm/eye_1"},{"predicate":{"custom_model_data":34},"model":"modelengine:lrd_witherstorm/eye_light"},{"predicate":{"custom_model_data":35},"model":"modelengine:lrd_witherstorm/eyeglow_1"},{"predicate":{"custom_model_data":36},"model":"modelengine:lrd_witherstorm/jaw_2"},{"predicate":{"custom_model_data":37},"model":"modelengine:lrd_witherstorm/tractor_beam_swirl_2"},{"predicate":{"custom_model_data":38},"model":"modelengine:lrd_witherstorm/eye_2"},{"predicate":{"custom_model_data":39},"model":"modelengine:lrd_witherstorm/eye_light2"},{"predicate":{"custom_model_data":40},"model":"modelengine:lrd_witherstorm/eyeglow_2"},{"predicate":{"custom_model_data":41},"model":"modelengine:lrd_witherstorm/tentacle_1_3_cube3"},{"predicate":{"custom_model_data":42},"model":"modelengine:lrd_witherstorm/tentacle_1_3_cube5"},{"predicate":{"custom_model_data":43},"model":"modelengine:lrd_witherstorm/tentacle_1_3_cube2"},{"predicate":{"custom_model_data":44},"model":"modelengine:lrd_witherstorm/tentacle_1_1_cube2"},{"predicate":{"custom_model_data":45},"model":"modelengine:lrd_witherstorm/tentacle_1_1_cube"},{"predicate":{"custom_model_data":46},"model":"modelengine:lrd_witherstorm/pupil_3"},{"predicate":{"custom_model_data":47},"model":"modelengine:lrd_witherstorm/pupil_1"},{"predicate":{"custom_model_data":48},"model":"modelengine:lrd_witherstorm/pupil_2"},{"predicate":{"custom_model_data":49},"model":"modelengine:lrd_witherstorm/tentacle_1_4_cube3"},{"predicate":{"custom_model_data":50},"model":"modelengine:lrd_witherstorm/tentacle_1_4_cube5"},{"predicate":{"custom_model_data":51},"model":"modelengine:lrd_witherstorm/tentacle_1_4_cube2"},{"predicate":{"custom_model_data":52},"model":"modelengine:lrd_witherstorm/tentacle_1_2_cube2"},{"predicate":{"custom_model_data":53},"model":"modelengine:lrd_witherstorm/tentacle_1_2_cube"},{"predicate":{"custom_model_data":54},"model":"modelengine:lrd_witherstorm/tentacle_1_5_cube3"},{"predicate":{"custom_model_data":55},"model":"modelengine:lrd_witherstorm/tentacle_1_5_cube5"},{"predicate":{"custom_model_data":56},"model":"modelengine:lrd_witherstorm/tentacle_1_5_cube2"},{"predicate":{"custom_model_data":57},"model":"modelengine:lrd_witherstorm/tentacle_1_3_cube4"},{"predicate":{"custom_model_data":58},"model":"modelengine:lrd_witherstorm/tentacle_1_3_cube"},{"predicate":{"custom_model_data":59},"model":"modelengine:lrd_witherstorm/tentacle_1_6_cube3"},{"predicate":{"custom_model_data":60},"model":"modelengine:lrd_witherstorm/tentacle_1_6_cube5"},{"predicate":{"custom_model_data":61},"model":"modelengine:lrd_witherstorm/tentacle_1_6_cube2"},{"predicate":{"custom_model_data":62},"model":"modelengine:lrd_witherstorm/tentacle_1_4_cube4"},{"predicate":{"custom_model_data":63},"model":"modelengine:lrd_witherstorm/tentacle_1_4_cube"},{"predicate":{"custom_model_data":64},"model":"modelengine:lrd_witherstorm/tentacle_1_7_cube3"},{"predicate":{"custom_model_data":65},"model":"modelengine:lrd_witherstorm/tentacle_1_7_cube5"},{"predicate":{"custom_model_data":66},"model":"modelengine:lrd_witherstorm/tentacle_1_7_cube2"},{"predicate":{"custom_model_data":67},"model":"modelengine:lrd_witherstorm/tentacle_1_5_cube4"},{"predicate":{"custom_model_data":68},"model":"modelengine:lrd_witherstorm/tentacle_1_5_cube"},{"predicate":{"custom_model_data":69},"model":"modelengine:lrd_witherstorm/tentacle_1_8_cube3"},{"predicate":{"custom_model_data":70},"model":"modelengine:lrd_witherstorm/tentacle_1_8_cube5"},{"predicate":{"custom_model_data":71},"model":"modelengine:lrd_witherstorm/tentacle_1_8_cube2"},{"predicate":{"custom_model_data":72},"model":"modelengine:lrd_witherstorm/tentacle_1_6_cube4"},{"predicate":{"custom_model_data":73},"model":"modelengine:lrd_witherstorm/tentacle_1_6_cube"},{"predicate":{"custom_model_data":74},"model":"modelengine:lrd_witherstorm/tentacle_1_9_cube3"},{"predicate":{"custom_model_data":75},"model":"modelengine:lrd_witherstorm/tentacle_1_9_cube5"},{"predicate":{"custom_model_data":76},"model":"modelengine:lrd_witherstorm/tentacle_1_9_cube2"},{"predicate":{"custom_model_data":77},"model":"modelengine:lrd_witherstorm/tentacle_1_7_cube4"},{"predicate":{"custom_model_data":78},"model":"modelengine:lrd_witherstorm/tentacle_1_7_cube"},{"predicate":{"custom_model_data":79},"model":"modelengine:lrd_witherstorm/tentacle_1_8_cube4"},{"predicate":{"custom_model_data":80},"model":"modelengine:lrd_witherstorm/tentacle_1_8_cube"},{"predicate":{"custom_model_data":81},"model":"modelengine:lrd_witherstorm/tentacle_1_9_cube4"},{"predicate":{"custom_model_data":82},"model":"modelengine:lrd_witherstorm/tentacle_1_9_cube"},{"predicate":{"custom_model_data":83},"model":"modelengine:lrd_witherstorm_chunk/chunk"},{"predicate":{"custom_model_data":84},"model":"modelengine:lrd_witherstorm_head/head_placeholder"},{"predicate":{"custom_model_data":85},"model":"modelengine:lrd_witherstorm_projectile_bacteria/bacteria_1"},{"predicate":{"custom_model_data":86},"model":"modelengine:lrd_witherstorm_rift/base"},{"predicate":{"custom_model_data":87},"model":"modelengine:gui_bar/0"},{"predicate":{"custom_model_data":88},"model":"modelengine:gui_bar/1"},{"predicate":{"custom_model_data":89},"model":"modelengine:gui_bar/2"},{"predicate":{"custom_model_data":90},"model":"modelengine:gui_bar/3"},{"predicate":{"custom_model_data":91},"model":"modelengine:gui_bar/4"},{"predicate":{"custom_model_data":92},"model":"modelengine:gui_bar/5"},{"predicate":{"custom_model_data":93},"model":"modelengine:gui_bar/6"},{"predicate":{"custom_model_data":94},"model":"modelengine:gui_bar/7"},{"predicate":{"custom_model_data":95},"model":"modelengine:phoenix/pelvis"},{"predicate":{"custom_model_data":96},"model":"modelengine:phoenix/tail1"},{"predicate":{"custom_model_data":97},"model":"modelengine:phoenix/torso"},{"predicate":{"custom_model_data":98},"model":"modelengine:phoenix/left_thigh"},{"predicate":{"custom_model_data":99},"model":"modelengine:phoenix/left_small_wing"},{"predicate":{"custom_model_data":100},"model":"modelengine:phoenix/right_thigh"},{"predicate":{"custom_model_data":101},"model":"modelengine:phoenix/right_small_wing"},{"predicate":{"custom_model_data":102},"model":"modelengine:phoenix/tail2"},{"predicate":{"custom_model_data":103},"model":"modelengine:phoenix/right_big_wing5"},{"predicate":{"custom_model_data":104},"model":"modelengine:phoenix/neck"},{"predicate":{"custom_model_data":105},"model":"modelengine:phoenix/left_big_wing"},{"predicate":{"custom_model_data":106},"model":"modelengine:phoenix/left_shin"},{"predicate":{"custom_model_data":107},"model":"modelengine:phoenix/right_shin"},{"predicate":{"custom_model_data":108},"model":"modelengine:phoenix/tail3"},{"predicate":{"custom_model_data":109},"model":"modelengine:phoenix/right_big_wing6"},{"predicate":{"custom_model_data":110},"model":"modelengine:phoenix/head"},{"predicate":{"custom_model_data":111},"model":"modelengine:phoenix/left_big_wing2"},{"predicate":{"custom_model_data":112},"model":"modelengine:phoenix/right_foot_toe3"},{"predicate":{"custom_model_data":113},"model":"modelengine:phoenix/right_foot_toe2"},{"predicate":{"custom_model_data":114},"model":"modelengine:phoenix/left_foot_toe1"},{"predicate":{"custom_model_data":115},"model":"modelengine:phoenix/right_foot_toe"},{"predicate":{"custom_model_data":116},"model":"modelengine:phoenix/left_foot_toe4"},{"predicate":{"custom_model_data":117},"model":"modelengine:phoenix/left_foot_toe5"},{"predicate":{"custom_model_data":118},"model":"modelengine:phoenix/tail4"},{"predicate":{"custom_model_data":119},"model":"modelengine:phoenix/right_big_wing7"},{"predicate":{"custom_model_data":120},"model":"modelengine:phoenix/jaw"},{"predicate":{"custom_model_data":121},"model":"modelengine:phoenix/plumage"},{"predicate":{"custom_model_data":122},"model":"modelengine:phoenix/left_big_wing3"},{"predicate":{"custom_model_data":123},"model":"modelengine:phoenix/tail5"},{"predicate":{"custom_model_data":124},"model":"modelengine:phoenix/right_big_wing8"},{"predicate":{"custom_model_data":125},"model":"modelengine:phoenix/left_big_wing4"},{"predicate":{"custom_model_data":126},"model":"modelengine:phoenix_ash/pelvis"},{"predicate":{"custom_model_data":127},"model":"modelengine:phoenix_ash/tail1"},{"predicate":{"custom_model_data":128},"model":"modelengine:phoenix_ash/torso"},{"predicate":{"custom_model_data":129},"model":"modelengine:phoenix_ash/left_thigh"},{"predicate":{"custom_model_data":130},"model":"modelengine:phoenix_ash/left_small_wing"},{"predicate":{"custom_model_data":131},"model":"modelengine:phoenix_ash/right_thigh"},{"predicate":{"custom_model_data":132},"model":"modelengine:phoenix_ash/right_small_wing"},{"predicate":{"custom_model_data":133},"model":"modelengine:phoenix_ash/tail2"},{"predicate":{"custom_model_data":134},"model":"modelengine:phoenix_ash/right_big_wing5"},{"predicate":{"custom_model_data":135},"model":"modelengine:phoenix_ash/neck"},{"predicate":{"custom_model_data":136},"model":"modelengine:phoenix_ash/left_big_wing"},{"predicate":{"custom_model_data":137},"model":"modelengine:phoenix_ash/left_shin"},{"predicate":{"custom_model_data":138},"model":"modelengine:phoenix_ash/right_shin"},{"predicate":{"custom_model_data":139},"model":"modelengine:phoenix_ash/tail3"},{"predicate":{"custom_model_data":140},"model":"modelengine:phoenix_ash/right_big_wing6"},{"predicate":{"custom_model_data":141},"model":"modelengine:phoenix_ash/head"},{"predicate":{"custom_model_data":142},"model":"modelengine:phoenix_ash/left_big_wing2"},{"predicate":{"custom_model_data":143},"model":"modelengine:phoenix_ash/right_foot_toe3"},{"predicate":{"custom_model_data":144},"model":"modelengine:phoenix_ash/right_foot_toe2"},{"predicate":{"custom_model_data":145},"model":"modelengine:phoenix_ash/left_foot_toe1"},{"predicate":{"custom_model_data":146},"model":"modelengine:phoenix_ash/right_foot_toe"},{"predicate":{"custom_model_data":147},"model":"modelengine:phoenix_ash/left_foot_toe4"},{"predicate":{"custom_model_data":148},"model":"modelengine:phoenix_ash/left_foot_toe5"},{"predicate":{"custom_model_data":149},"model":"modelengine:phoenix_ash/tail4"},{"predicate":{"custom_model_data":150},"model":"modelengine:phoenix_ash/right_big_wing7"},{"predicate":{"custom_model_data":151},"model":"modelengine:phoenix_ash/jaw"},{"predicate":{"custom_model_data":152},"model":"modelengine:phoenix_ash/plumage"},{"predicate":{"custom_model_data":153},"model":"modelengine:phoenix_ash/left_big_wing3"},{"predicate":{"custom_model_data":154},"model":"modelengine:phoenix_ash/tail5"},{"predicate":{"custom_model_data":155},"model":"modelengine:phoenix_ash/right_big_wing8"},{"predicate":{"custom_model_data":156},"model":"modelengine:phoenix_ash/left_big_wing4"},{"predicate":{"custom_model_data":157},"model":"modelengine:phoenix_egg/head"},{"predicate":{"custom_model_data":158},"model":"modelengine:phoenix_egg/phoenix_egg"},{"predicate":{"custom_model_data":159},"model":"modelengine:phoenix_egg/eggy"},{"predicate":{"custom_model_data":160},"model":"modelengine:phoenix_pet/body"},{"predicate":{"custom_model_data":161},"model":"modelengine:phoenix_pet/head"},{"predicate":{"custom_model_data":162},"model":"modelengine:phoenix_pet/right_wing"},{"predicate":{"custom_model_data":163},"model":"modelengine:phoenix_pet/tail"},{"predicate":{"custom_model_data":164},"model":"modelengine:phoenix_pet/left_wing"},{"predicate":{"custom_model_data":165},"model":"modelengine:phoenix_pet/legs"},{"predicate":{"custom_model_data":166},"model":"modelengine:phoenix_pet_parts/head"},{"predicate":{"custom_model_data":167},"model":"modelengine:flying_skull/right_wing"},{"predicate":{"custom_model_data":168},"model":"modelengine:flying_skull/left_wing"},{"predicate":{"custom_model_data":169},"model":"modelengine:flying_skull/spine_part_one"},{"predicate":{"custom_model_data":170},"model":"modelengine:flying_skull/spine_part_two"},{"predicate":{"custom_model_data":171},"model":"modelengine:flying_skull/spirit_heart"},{"predicate":{"custom_model_data":172},"model":"modelengine:flying_skull/head"},{"predicate":{"custom_model_data":173},"model":"modelengine:flying_skull/spine_part_three"},{"predicate":{"custom_model_data":174},"model":"modelengine:flying_skull/jaw"},{"predicate":{"custom_model_data":175},"model":"modelengine:forest_spirit/bright"},{"predicate":{"custom_model_data":176},"model":"modelengine:forest_spirit/cut_effect"},{"predicate":{"custom_model_data":177},"model":"modelengine:forest_spirit/segment"},{"predicate":{"custom_model_data":178},"model":"modelengine:forest_spirit/segment2"},{"predicate":{"custom_model_data":179},"model":"modelengine:forest_spirit/tail_segment"},{"predicate":{"custom_model_data":180},"model":"modelengine:forest_spirit/segment3"},{"predicate":{"custom_model_data":181},"model":"modelengine:forest_spirit/tail_segment2"},{"predicate":{"custom_model_data":182},"model":"modelengine:forest_spirit/segment4"},{"predicate":{"custom_model_data":183},"model":"modelengine:forest_spirit/tail_segment3"},{"predicate":{"custom_model_data":184},"model":"modelengine:forest_spirit/segment5"},{"predicate":{"custom_model_data":185},"model":"modelengine:forest_spirit/tail_segment4"},{"predicate":{"custom_model_data":186},"model":"modelengine:forest_spirit/segment6"},{"predicate":{"custom_model_data":187},"model":"modelengine:forest_spirit/tail_segment5"},{"predicate":{"custom_model_data":188},"model":"modelengine:forest_spirit/body"},{"predicate":{"custom_model_data":189},"model":"modelengine:forest_spirit/tail_segment6"},{"predicate":{"custom_model_data":190},"model":"modelengine:forest_spirit/chest"},{"predicate":{"custom_model_data":191},"model":"modelengine:forest_spirit/ribs_two"},{"predicate":{"custom_model_data":192},"model":"modelengine:forest_spirit/ribs_two2"},{"predicate":{"custom_model_data":193},"model":"modelengine:forest_spirit/tail_segment7"},{"predicate":{"custom_model_data":194},"model":"modelengine:forest_spirit/chest_ribs_two2"},{"predicate":{"custom_model_data":195},"model":"modelengine:forest_spirit/body_bright"},{"predicate":{"custom_model_data":196},"model":"modelengine:forest_spirit/kneck_part_one"},{"predicate":{"custom_model_data":197},"model":"modelengine:forest_spirit/chest_ribs_two"},{"predicate":{"custom_model_data":198},"model":"modelengine:forest_spirit/tail_segment8"},{"predicate":{"custom_model_data":199},"model":"modelengine:forest_spirit/right_shoulder"},{"predicate":{"custom_model_data":200},"model":"modelengine:forest_spirit/chest_bright"},{"predicate":{"custom_model_data":201},"model":"modelengine:forest_spirit/spirirt_heart_part_one"},{"predicate":{"custom_model_data":202},"model":"modelengine:forest_spirit/kneck_part_two"},{"predicate":{"custom_model_data":203},"model":"modelengine:forest_spirit/left_shoulder"},{"predicate":{"custom_model_data":204},"model":"modelengine:forest_spirit/tail_segment9"},{"predicate":{"custom_model_data":205},"model":"modelengine:forest_spirit/right_arm"},{"predicate":{"custom_model_data":206},"model":"modelengine:forest_spirit/spirit_heart_part_two"},{"predicate":{"custom_model_data":207},"model":"modelengine:forest_spirit/kneck_part_three"},{"predicate":{"custom_model_data":208},"model":"modelengine:forest_spirit/left_arm"},{"predicate":{"custom_model_data":209},"model":"modelengine:forest_spirit/tail_segment10"},{"predicate":{"custom_model_data":210},"model":"modelengine:forest_spirit/right_forearm"},{"predicate":{"custom_model_data":211},"model":"modelengine:forest_spirit/head"},{"predicate":{"custom_model_data":212},"model":"modelengine:forest_spirit/left_forearm"},{"predicate":{"custom_model_data":213},"model":"modelengine:forest_spirit/tail_segment11"},{"predicate":{"custom_model_data":214},"model":"modelengine:forest_spirit/right_hand"},{"predicate":{"custom_model_data":215},"model":"modelengine:forest_spirit/jaw"},{"predicate":{"custom_model_data":216},"model":"modelengine:forest_spirit/right_horn"},{"predicate":{"custom_model_data":217},"model":"modelengine:forest_spirit/eyes2"},{"predicate":{"custom_model_data":218},"model":"modelengine:forest_spirit/horns"},{"predicate":{"custom_model_data":219},"model":"modelengine:forest_spirit/left_hand"},{"predicate":{"custom_model_data":220},"model":"modelengine:forest_spirit/tail_segment12"},{"predicate":{"custom_model_data":221},"model":"modelengine:forest_spirit/sound_effect_1"},{"predicate":{"custom_model_data":222},"model":"modelengine:forest_spirit/sound_effect_4"},{"predicate":{"custom_model_data":223},"model":"modelengine:forest_spirit/sound_effect_5"},{"predicate":{"custom_model_data":224},"model":"modelengine:forest_spirit/sound_effect_2"},{"predicate":{"custom_model_data":225},"model":"modelengine:forest_spirit/sound_effect_3"},{"predicate":{"custom_model_data":226},"model":"modelengine:forest_spirit/tail_segment13"},{"predicate":{"custom_model_data":227},"model":"modelengine:forest_spirit_activated_totem/flying_spirit_2"},{"predicate":{"custom_model_data":228},"model":"modelengine:forest_spirit_activated_totem/flying_spirit_3"},{"predicate":{"custom_model_data":229},"model":"modelengine:forest_spirit_activated_totem/flying_spirit_4"},{"predicate":{"custom_model_data":230},"model":"modelengine:forest_spirit_activated_totem/flying_spirit_5"},{"predicate":{"custom_model_data":231},"model":"modelengine:forest_spirit_activated_totem/flying_spirit_1"},{"predicate":{"custom_model_data":232},"model":"modelengine:forest_spirit_activated_totem/flying_spirit_6"},{"predicate":{"custom_model_data":233},"model":"modelengine:forest_spirit_activated_totem/flying_spirit_10"},{"predicate":{"custom_model_data":234},"model":"modelengine:forest_spirit_activated_totem/flying_spirit_7"},{"predicate":{"custom_model_data":235},"model":"modelengine:forest_spirit_activated_totem/flying_spirit_8"},{"predicate":{"custom_model_data":236},"model":"modelengine:forest_spirit_activated_totem/flying_spirit_12"},{"predicate":{"custom_model_data":237},"model":"modelengine:forest_spirit_activated_totem/flying_spirit_9"},{"predicate":{"custom_model_data":238},"model":"modelengine:forest_spirit_activated_totem/flying_spirit_11"},{"predicate":{"custom_model_data":239},"model":"modelengine:forest_spirit_activated_totem/forest_spirit_totem"},{"predicate":{"custom_model_data":240},"model":"modelengine:forest_spirit_activated_totem/bright2"},{"predicate":{"custom_model_data":241},"model":"modelengine:forest_spirit_activated_totem/sound2"},{"predicate":{"custom_model_data":242},"model":"modelengine:forest_spirit_activated_totem/sound3"},{"predicate":{"custom_model_data":243},"model":"modelengine:forest_spirit_activated_totem/sound4"},{"predicate":{"custom_model_data":244},"model":"modelengine:forest_spirit_activated_totem/sound5"},{"predicate":{"custom_model_data":245},"model":"modelengine:forest_spirit_activated_totem/sound"},{"predicate":{"custom_model_data":246},"model":"modelengine:forest_spirit_activated_totem/eyes"},{"predicate":{"custom_model_data":247},"model":"modelengine:forest_spirit_activated_totem/orb"},{"predicate":{"custom_model_data":248},"model":"modelengine:forest_spirit_base/segment"},{"predicate":{"custom_model_data":249},"model":"modelengine:forest_spirit_base/segment9"},{"predicate":{"custom_model_data":250},"model":"modelengine:forest_spirit_base/segment2"},{"predicate":{"custom_model_data":251},"model":"modelengine:forest_spirit_base/segment10"},{"predicate":{"custom_model_data":252},"model":"modelengine:forest_spirit_base/segment3"},{"predicate":{"custom_model_data":253},"model":"modelengine:forest_spirit_base/segment11"},{"predicate":{"custom_model_data":254},"model":"modelengine:forest_spirit_base/segment4"},{"predicate":{"custom_model_data":255},"model":"modelengine:forest_spirit_base/segment12"},{"predicate":{"custom_model_data":256},"model":"modelengine:forest_spirit_base/segment5"},{"predicate":{"custom_model_data":257},"model":"modelengine:forest_spirit_base/segment13"},{"predicate":{"custom_model_data":258},"model":"modelengine:forest_spirit_base/segment6"},{"predicate":{"custom_model_data":259},"model":"modelengine:forest_spirit_base/segment14"},{"predicate":{"custom_model_data":260},"model":"modelengine:forest_spirit_base/segment7"},{"predicate":{"custom_model_data":261},"model":"modelengine:forest_spirit_base/segment15"},{"predicate":{"custom_model_data":262},"model":"modelengine:forest_spirit_base/segment8"},{"predicate":{"custom_model_data":263},"model":"modelengine:forest_spirit_base/segment16"},{"predicate":{"custom_model_data":264},"model":"modelengine:forest_spirit_projectile_1/projectile_part_2"},{"predicate":{"custom_model_data":265},"model":"modelengine:forest_spirit_projectile_1/projectile_part_3"},{"predicate":{"custom_model_data":266},"model":"modelengine:forest_spirit_projectile_1/projectile_part_1"},{"predicate":{"custom_model_data":267},"model":"modelengine:forest_spirit_projectile_2/part_2"},{"predicate":{"custom_model_data":268},"model":"modelengine:forest_spirit_projectile_2/part_1"},{"predicate":{"custom_model_data":269},"model":"modelengine:forest_spirit_projectile_3/part_one"},{"predicate":{"custom_model_data":270},"model":"modelengine:forest_spirit_projectile_3/part_two"},{"predicate":{"custom_model_data":271},"model":"modelengine:forest_spirit_projectile_4/part_2"},{"predicate":{"custom_model_data":272},"model":"modelengine:forest_spirit_projectile_4/part_1"},{"predicate":{"custom_model_data":273},"model":"modelengine:forest_spirit_projectile_5/part_three"},{"predicate":{"custom_model_data":274},"model":"modelengine:forest_spirit_projectile_5/part_one2"},{"predicate":{"custom_model_data":275},"model":"modelengine:forest_spirit_projectile_5/part_one"},{"predicate":{"custom_model_data":276},"model":"modelengine:forest_spirit_projectile_5/part_two2"},{"predicate":{"custom_model_data":277},"model":"modelengine:forest_spirit_projectile_5/part_two"},{"predicate":{"custom_model_data":278},"model":"modelengine:forest_spirit_projectile_6/part2"},{"predicate":{"custom_model_data":279},"model":"modelengine:forest_spirit_projectile_6/part"},{"predicate":{"custom_model_data":280},"model":"modelengine:forest_spirit_projectile_6/part3"},{"predicate":{"custom_model_data":281},"model":"modelengine:forest_spirit_projectile_6/bright"},{"predicate":{"custom_model_data":282},"model":"modelengine:forest_spirit_roots/spike_two"},{"predicate":{"custom_model_data":283},"model":"modelengine:forest_spirit_roots/roots_base"},{"predicate":{"custom_model_data":284},"model":"modelengine:forest_spirit_roots/spike_three"},{"predicate":{"custom_model_data":285},"model":"modelengine:forest_spirit_roots/spike_four"},{"predicate":{"custom_model_data":286},"model":"modelengine:forest_spirit_roots/roots"},{"predicate":{"custom_model_data":287},"model":"modelengine:forest_spirit_roots/spike_one"},{"predicate":{"custom_model_data":288},"model":"modelengine:forest_spirit_spike/spike_roots"},{"predicate":{"custom_model_data":289},"model":"modelengine:forest_spirit_spike/spike_part_one"},{"predicate":{"custom_model_data":290},"model":"modelengine:forest_spirit_spike/spike_part_two"},{"predicate":{"custom_model_data":291},"model":"modelengine:forest_spirit_spike/spike_part_three"},{"predicate":{"custom_model_data":292},"model":"modelengine:forest_spirit_storm/cloud_1"},{"predicate":{"custom_model_data":293},"model":"modelengine:forest_spirit_storm/cloud_9"},{"predicate":{"custom_model_data":294},"model":"modelengine:forest_spirit_storm/cloud_8"},{"predicate":{"custom_model_data":295},"model":"modelengine:forest_spirit_storm/cloud_7"},{"predicate":{"custom_model_data":296},"model":"modelengine:forest_spirit_storm/cloud_6"},{"predicate":{"custom_model_data":297},"model":"modelengine:forest_spirit_storm/cloud_5"},{"predicate":{"custom_model_data":298},"model":"modelengine:forest_spirit_storm/cloud_4"},{"predicate":{"custom_model_data":299},"model":"modelengine:forest_spirit_storm/cloud_3"},{"predicate":{"custom_model_data":300},"model":"modelengine:forest_spirit_storm/cloud_2"},{"predicate":{"custom_model_data":301},"model":"modelengine:forest_spirit_storm/cloud_13"},{"predicate":{"custom_model_data":302},"model":"modelengine:forest_spirit_storm/cloud_11"},{"predicate":{"custom_model_data":303},"model":"modelengine:forest_spirit_storm/cloud_12"},{"predicate":{"custom_model_data":304},"model":"modelengine:forest_spirit_storm/cloud_10"},{"predicate":{"custom_model_data":305},"model":"modelengine:forest_spirit_storm/birght4"},{"predicate":{"custom_model_data":306},"model":"modelengine:forest_spirit_storm/birght2"},{"predicate":{"custom_model_data":307},"model":"modelengine:forest_spirit_storm/birght5"},{"predicate":{"custom_model_data":308},"model":"modelengine:forest_spirit_storm/birght3"},{"predicate":{"custom_model_data":309},"model":"modelengine:forest_spirit_totem/forest_spirit_totem"},{"predicate":{"custom_model_data":310},"model":"modelengine:forest_spirit_totem/left_leg"},{"predicate":{"custom_model_data":311},"model":"modelengine:forest_spirit_totem/right_leg"},{"predicate":{"custom_model_data":312},"model":"modelengine:forest_spirit_totem/bright"},{"predicate":{"custom_model_data":313},"model":"modelengine:forest_spirit_totem/eyes"},{"predicate":{"custom_model_data":314},"model":"modelengine:forest_spirit_totem/orb"},{"predicate":{"custom_model_data":315},"model":"modelengine:forest_spirit_totem/body"},{"predicate":{"custom_model_data":316},"model":"modelengine:forest_spirit_totem/spark2"},{"predicate":{"custom_model_data":317},"model":"modelengine:forest_spirit_totem/spark"},{"predicate":{"custom_model_data":318},"model":"modelengine:forest_spirit_totem/back_cloak_part"},{"predicate":{"custom_model_data":319},"model":"modelengine:forest_spirit_totem/right_cloak_part"},{"predicate":{"custom_model_data":320},"model":"modelengine:forest_spirit_totem/left_arm"},{"predicate":{"custom_model_data":321},"model":"modelengine:forest_spirit_totem/right_arm"},{"predicate":{"custom_model_data":322},"model":"modelengine:forest_spirit_totem/head"},{"predicate":{"custom_model_data":323},"model":"modelengine:forest_spirit_totem/left_cloak_part"},{"predicate":{"custom_model_data":324},"model":"modelengine:forest_spirit_totem/left_shoulder"},{"predicate":{"custom_model_data":325},"model":"modelengine:forest_spirit_totem/right_shoulder"},{"predicate":{"custom_model_data":326},"model":"modelengine:forest_spirit_totem/right_hood_part"},{"predicate":{"custom_model_data":327},"model":"modelengine:forest_spirit_totem/left_hood_part"},{"predicate":{"custom_model_data":328},"model":"modelengine:forest_spirit_totem/staff"},{"predicate":{"custom_model_data":329},"model":"modelengine:forest_spirit_totem/orb_part"},{"predicate":{"custom_model_data":330},"model":"modelengine:lost_explorer/left_leg"},{"predicate":{"custom_model_data":331},"model":"modelengine:lost_explorer/right_leg"},{"predicate":{"custom_model_data":332},"model":"modelengine:lost_explorer/body"},{"predicate":{"custom_model_data":333},"model":"modelengine:lost_explorer/spirit_heart"},{"predicate":{"custom_model_data":334},"model":"modelengine:lost_explorer/left_arm"},{"predicate":{"custom_model_data":335},"model":"modelengine:lost_explorer/right_arm"},{"predicate":{"custom_model_data":336},"model":"modelengine:lost_explorer/head"},{"predicate":{"custom_model_data":337},"model":"modelengine:lost_explorer/lantern"},{"predicate":{"custom_model_data":338},"model":"modelengine:lost_explorer_lantern/lantern"},{"predicate":{"custom_model_data":339},"model":"modelengine:shaman/bright2"},{"predicate":{"custom_model_data":340},"model":"modelengine:shaman/left_leg"},{"predicate":{"custom_model_data":341},"model":"modelengine:shaman/right_leg"},{"predicate":{"custom_model_data":342},"model":"modelengine:shaman/arrow"},{"predicate":{"custom_model_data":343},"model":"modelengine:shaman/body"},{"predicate":{"custom_model_data":344},"model":"modelengine:shaman/ring_effect2"},{"predicate":{"custom_model_data":345},"model":"modelengine:shaman/ring_effect3"},{"predicate":{"custom_model_data":346},"model":"modelengine:shaman/ring_effect4"},{"predicate":{"custom_model_data":347},"model":"modelengine:shaman/ring_effect5"},{"predicate":{"custom_model_data":348},"model":"modelengine:shaman/ring_effect"},{"predicate":{"custom_model_data":349},"model":"modelengine:shaman/right_cloak_part"},{"predicate":{"custom_model_data":350},"model":"modelengine:shaman/left_arm"},{"predicate":{"custom_model_data":351},"model":"modelengine:shaman/right_arm"},{"predicate":{"custom_model_data":352},"model":"modelengine:shaman/head"},{"predicate":{"custom_model_data":353},"model":"modelengine:shaman/back_cloak_part"},{"predicate":{"custom_model_data":354},"model":"modelengine:shaman/left_cloak_part"},{"predicate":{"custom_model_data":355},"model":"modelengine:shaman/left_shoulder"},{"predicate":{"custom_model_data":356},"model":"modelengine:shaman/right_shoulder"},{"predicate":{"custom_model_data":357},"model":"modelengine:shaman/right_hood_part"},{"predicate":{"custom_model_data":358},"model":"modelengine:shaman/left_hood_part"},{"predicate":{"custom_model_data":359},"model":"modelengine:shaman/staff"},{"predicate":{"custom_model_data":360},"model":"modelengine:shaman/bright"},{"predicate":{"custom_model_data":361},"model":"modelengine:shaman/orb_part"},{"predicate":{"custom_model_data":362},"model":"modelengine:shaman_roots_1/roots_1"},{"predicate":{"custom_model_data":363},"model":"modelengine:shaman_roots_1/roots_1_part_1"},{"predicate":{"custom_model_data":364},"model":"modelengine:shaman_roots_1/roots_1_part_2"},{"predicate":{"custom_model_data":365},"model":"modelengine:small_spirit_explode/bright"},{"predicate":{"custom_model_data":366},"model":"modelengine:small_spirit_explode/explode_part_one"},{"predicate":{"custom_model_data":367},"model":"modelengine:small_spirit_explode/explode_part_three"},{"predicate":{"custom_model_data":368},"model":"modelengine:small_spirit_explode/explode_part_two"},{"predicate":{"custom_model_data":369},"model":"modelengine:spirit_arrow/arrow"},{"predicate":{"custom_model_data":370},"model":"modelengine:spirit_arrow_2/arrow"},{"predicate":{"custom_model_data":371},"model":"modelengine:spirit_lightning_bolt/bright"},{"predicate":{"custom_model_data":372},"model":"modelengine:spirit_lightning_bolt/bright2"},{"predicate":{"custom_model_data":373},"model":"modelengine:spirit_lightning_bolt/lightning_signal"},{"predicate":{"custom_model_data":374},"model":"modelengine:spirit_lightning_bolt/lightning_bolt"},{"predicate":{"custom_model_data":375},"model":"modelengine:spirit_lightning_bolt/strike"},{"predicate":{"custom_model_data":376},"model":"modelengine:spirit_lightning_bolt/lightning_bolt2"},{"predicate":{"custom_model_data":377},"model":"modelengine:spirit_lightning_bolt/lightning_bolt3"},{"predicate":{"custom_model_data":378},"model":"modelengine:spirit_lightning_bolt/lightning_bolt4"},{"predicate":{"custom_model_data":379},"model":"modelengine:spirit_projectile_2/spirit_projectile"},{"predicate":{"custom_model_data":380},"model":"modelengine:dragon_monk/upper_body"},{"predicate":{"custom_model_data":381},"model":"modelengine:dragon_monk/left_leg"},{"predicate":{"custom_model_data":382},"model":"modelengine:dragon_monk/right_leg"},{"predicate":{"custom_model_data":383},"model":"modelengine:dragon_monk/right_string"},{"predicate":{"custom_model_data":384},"model":"modelengine:dragon_monk/upper_body_mid"},{"predicate":{"custom_model_data":385},"model":"modelengine:dragon_monk/left_string"},{"predicate":{"custom_model_data":386},"model":"modelengine:dragon_monk/left_ankle"},{"predicate":{"custom_model_data":387},"model":"modelengine:dragon_monk/right_ankle"},{"predicate":{"custom_model_data":388},"model":"modelengine:dragon_monk/right_string_2"},{"predicate":{"custom_model_data":389},"model":"modelengine:dragon_monk/upper_body_up"},{"predicate":{"custom_model_data":390},"model":"modelengine:dragon_monk/left_string_2"},{"predicate":{"custom_model_data":391},"model":"modelengine:dragon_monk/left_foot"},{"predicate":{"custom_model_data":392},"model":"modelengine:dragon_monk/right_foot"},{"predicate":{"custom_model_data":393},"model":"modelengine:dragon_monk/head"},{"predicate":{"custom_model_data":394},"model":"modelengine:dragon_monk/right_arm"},{"predicate":{"custom_model_data":395},"model":"modelengine:dragon_monk/left_arm"},{"predicate":{"custom_model_data":396},"model":"modelengine:dragon_monk/right_eyebrow"},{"predicate":{"custom_model_data":397},"model":"modelengine:dragon_monk/left_eyebrow"},{"predicate":{"custom_model_data":398},"model":"modelengine:dragon_monk/right_wrist"},{"predicate":{"custom_model_data":399},"model":"modelengine:dragon_monk/left_wrist"},{"predicate":{"custom_model_data":400},"model":"modelengine:dragon_monk/right_hand"},{"predicate":{"custom_model_data":401},"model":"modelengine:dragon_monk/left_hand"},{"predicate":{"custom_model_data":402},"model":"modelengine:dragon_monk_dragon/upper_body"},{"predicate":{"custom_model_data":403},"model":"modelengine:dragon_monk_dragon/left_leg"},{"predicate":{"custom_model_data":404},"model":"modelengine:dragon_monk_dragon/right_leg"},{"predicate":{"custom_model_data":405},"model":"modelengine:dragon_monk_dragon/right_string"},{"predicate":{"custom_model_data":406},"model":"modelengine:dragon_monk_dragon/upper_body_mid"},{"predicate":{"custom_model_data":407},"model":"modelengine:dragon_monk_dragon/left_string"},{"predicate":{"custom_model_data":408},"model":"modelengine:dragon_monk_dragon/left_ankle"},{"predicate":{"custom_model_data":409},"model":"modelengine:dragon_monk_dragon/right_ankle"},{"predicate":{"custom_model_data":410},"model":"modelengine:dragon_monk_dragon/body2"},{"predicate":{"custom_model_data":411},"model":"modelengine:dragon_monk_dragon/dragon_head"},{"predicate":{"custom_model_data":412},"model":"modelengine:dragon_monk_dragon/right_string_2"},{"predicate":{"custom_model_data":413},"model":"modelengine:dragon_monk_dragon/upper_body_up"},{"predicate":{"custom_model_data":414},"model":"modelengine:dragon_monk_dragon/left_string_2"},{"predicate":{"custom_model_data":415},"model":"modelengine:dragon_monk_dragon/left_foot"},{"predicate":{"custom_model_data":416},"model":"modelengine:dragon_monk_dragon/right_foot"},{"predicate":{"custom_model_data":417},"model":"modelengine:dragon_monk_dragon/body3"},{"predicate":{"custom_model_data":418},"model":"modelengine:dragon_monk_dragon/jaw"},{"predicate":{"custom_model_data":419},"model":"modelengine:dragon_monk_dragon/head"},{"predicate":{"custom_model_data":420},"model":"modelengine:dragon_monk_dragon/right_arm"},{"predicate":{"custom_model_data":421},"model":"modelengine:dragon_monk_dragon/left_arm"},{"predicate":{"custom_model_data":422},"model":"modelengine:dragon_monk_dragon/body4"},{"predicate":{"custom_model_data":423},"model":"modelengine:dragon_monk_dragon/right_eyebrow"},{"predicate":{"custom_model_data":424},"model":"modelengine:dragon_monk_dragon/left_eyebrow"},{"predicate":{"custom_model_data":425},"model":"modelengine:dragon_monk_dragon/right_wrist"},{"predicate":{"custom_model_data":426},"model":"modelengine:dragon_monk_dragon/left_wrist"},{"predicate":{"custom_model_data":427},"model":"modelengine:dragon_monk_dragon/body5"},{"predicate":{"custom_model_data":428},"model":"modelengine:dragon_monk_dragon/right_hand"},{"predicate":{"custom_model_data":429},"model":"modelengine:dragon_monk_dragon/left_hand"},{"predicate":{"custom_model_data":430},"model":"modelengine:dragon_monk_dragon/body6"},{"predicate":{"custom_model_data":431},"model":"modelengine:dragon_monk_dragon/body7"},{"predicate":{"custom_model_data":432},"model":"modelengine:dragon_monk_dragon/tail"},{"predicate":{"custom_model_data":433},"model":"modelengine:dragon_spirit/body2"},{"predicate":{"custom_model_data":434},"model":"modelengine:dragon_spirit/dragon_head"},{"predicate":{"custom_model_data":435},"model":"modelengine:dragon_spirit/body3"},{"predicate":{"custom_model_data":436},"model":"modelengine:dragon_spirit/jaw"},{"predicate":{"custom_model_data":437},"model":"modelengine:dragon_spirit/body4"},{"predicate":{"custom_model_data":438},"model":"modelengine:dragon_spirit/body5"},{"predicate":{"custom_model_data":439},"model":"modelengine:dragon_spirit/body6"},{"predicate":{"custom_model_data":440},"model":"modelengine:dragon_spirit/body7"},{"predicate":{"custom_model_data":441},"model":"modelengine:dragon_spirit/tail"},{"predicate":{"custom_model_data":442},"model":"modelengine:dragon_stone/stone_ball"},{"predicate":{"custom_model_data":443},"model":"modelengine:yin_yang_fx/yinyang"},{"predicate":{"custom_model_data":444},"model":"modelengine:herobrine/body"},{"predicate":{"custom_model_data":445},"model":"modelengine:herobrine/hp_bar"},{"predicate":{"custom_model_data":446},"model":"modelengine:herobrine/head"},{"predicate":{"custom_model_data":447},"model":"modelengine:herobrine/rightleg"},{"predicate":{"custom_model_data":448},"model":"modelengine:herobrine/rightarm"},{"predicate":{"custom_model_data":449},"model":"modelengine:herobrine/leftleg"},{"predicate":{"custom_model_data":450},"model":"modelengine:herobrine/leftarm"},{"predicate":{"custom_model_data":451},"model":"modelengine:herobrine/rightfoot"},{"predicate":{"custom_model_data":452},"model":"modelengine:herobrine/righthand"},{"predicate":{"custom_model_data":453},"model":"modelengine:herobrine/leftfoot"},{"predicate":{"custom_model_data":454},"model":"modelengine:herobrine/lefthand"},{"predicate":{"custom_model_data":455},"model":"modelengine:herobrine_alex/body"},{"predicate":{"custom_model_data":456},"model":"modelengine:herobrine_alex/hp_bar"},{"predicate":{"custom_model_data":457},"model":"modelengine:herobrine_alex/head"},{"predicate":{"custom_model_data":458},"model":"modelengine:herobrine_alex/rightleg"},{"predicate":{"custom_model_data":459},"model":"modelengine:herobrine_alex/rightarm"},{"predicate":{"custom_model_data":460},"model":"modelengine:herobrine_alex/leftleg"},{"predicate":{"custom_model_data":461},"model":"modelengine:herobrine_alex/leftarm"},{"predicate":{"custom_model_data":462},"model":"modelengine:herobrine_alex/rightfoot"},{"predicate":{"custom_model_data":463},"model":"modelengine:herobrine_alex/righthand"},{"predicate":{"custom_model_data":464},"model":"modelengine:herobrine_alex/leftfoot"},{"predicate":{"custom_model_data":465},"model":"modelengine:herobrine_alex/lefthand"},{"predicate":{"custom_model_data":466},"model":"modelengine:herobrine_alex_bits/sword"},{"predicate":{"custom_model_data":467},"model":"modelengine:herobrine_alex_bits/shield"},{"predicate":{"custom_model_data":468},"model":"modelengine:herobrine_alex_bits/fishingrod"},{"predicate":{"custom_model_data":469},"model":"modelengine:herobrine_alex_bits/pickaxe"},{"predicate":{"custom_model_data":470},"model":"modelengine:herobrine_alex_bits/crossbow_unloaded"},{"predicate":{"custom_model_data":471},"model":"modelengine:herobrine_alex_bits/beef"},{"predicate":{"custom_model_data":472},"model":"modelengine:herobrine_alex_bits/crossbow_loaded"},{"predicate":{"custom_model_data":473},"model":"modelengine:herobrine_alex_bits/axe"},{"predicate":{"custom_model_data":474},"model":"modelengine:herobrine_axe/axe"},{"predicate":{"custom_model_data":475},"model":"modelengine:herobrine_bits/sword"},{"predicate":{"custom_model_data":476},"model":"modelengine:herobrine_bits/shield"},{"predicate":{"custom_model_data":477},"model":"modelengine:herobrine_bits/fishingrod"},{"predicate":{"custom_model_data":478},"model":"modelengine:herobrine_bits/pickaxe"},{"predicate":{"custom_model_data":479},"model":"modelengine:herobrine_bits/crossbow_unloaded"},{"predicate":{"custom_model_data":480},"model":"modelengine:herobrine_bits/beef"},{"predicate":{"custom_model_data":481},"model":"modelengine:herobrine_bits/crossbow_loaded"},{"predicate":{"custom_model_data":482},"model":"modelengine:herobrine_bits/axe"},{"predicate":{"custom_model_data":483},"model":"modelengine:herobrine_bobber/bobber"},{"predicate":{"custom_model_data":484},"model":"modelengine:herobrine_steve/body"},{"predicate":{"custom_model_data":485},"model":"modelengine:herobrine_steve/hp_bar"},{"predicate":{"custom_model_data":486},"model":"modelengine:herobrine_steve/head"},{"predicate":{"custom_model_data":487},"model":"modelengine:herobrine_steve/rightleg"},{"predicate":{"custom_model_data":488},"model":"modelengine:herobrine_steve/rightarm"},{"predicate":{"custom_model_data":489},"model":"modelengine:herobrine_steve/leftleg"},{"predicate":{"custom_model_data":490},"model":"modelengine:herobrine_steve/leftarm"},{"predicate":{"custom_model_data":491},"model":"modelengine:herobrine_steve/rightfoot"},{"predicate":{"custom_model_data":492},"model":"modelengine:herobrine_steve/righthand"},{"predicate":{"custom_model_data":493},"model":"modelengine:herobrine_steve/leftfoot"},{"predicate":{"custom_model_data":494},"model":"modelengine:herobrine_steve/lefthand"},{"predicate":{"custom_model_data":495},"model":"modelengine:herobrine_zombie/body"},{"predicate":{"custom_model_data":496},"model":"modelengine:herobrine_zombie/hp_bar"},{"predicate":{"custom_model_data":497},"model":"modelengine:herobrine_zombie/head"},{"predicate":{"custom_model_data":498},"model":"modelengine:herobrine_zombie/rightleg"},{"predicate":{"custom_model_data":499},"model":"modelengine:herobrine_zombie/rightarm"},{"predicate":{"custom_model_data":500},"model":"modelengine:herobrine_zombie/leftleg"},{"predicate":{"custom_model_data":501},"model":"modelengine:herobrine_zombie/leftarm"},{"predicate":{"custom_model_data":502},"model":"modelengine:herobrine_zombie/rightfoot"},{"predicate":{"custom_model_data":503},"model":"modelengine:herobrine_zombie/righthand"},{"predicate":{"custom_model_data":504},"model":"modelengine:herobrine_zombie/leftfoot"},{"predicate":{"custom_model_data":505},"model":"modelengine:herobrine_zombie/lefthand"},{"predicate":{"custom_model_data":506},"model":"modelengine:herobrine_zombie_bits/sword"},{"predicate":{"custom_model_data":507},"model":"modelengine:herobrine_zombie_bits/shield"},{"predicate":{"custom_model_data":508},"model":"modelengine:herobrine_zombie_bits/fishingrod"},{"predicate":{"custom_model_data":509},"model":"modelengine:herobrine_zombie_bits/pickaxe"},{"predicate":{"custom_model_data":510},"model":"modelengine:herobrine_zombie_bits/crossbow_unloaded"},{"predicate":{"custom_model_data":511},"model":"modelengine:herobrine_zombie_bits/beef"},{"predicate":{"custom_model_data":512},"model":"modelengine:herobrine_zombie_bits/crossbow_loaded"},{"predicate":{"custom_model_data":513},"model":"modelengine:herobrine_zombie_bits/axe"},{"predicate":{"custom_model_data":514},"model":"modelengine:lr_healthbar/11"},{"predicate":{"custom_model_data":515},"model":"modelengine:lr_healthbar/12"},{"predicate":{"custom_model_data":516},"model":"modelengine:lr_healthbar/13"},{"predicate":{"custom_model_data":517},"model":"modelengine:lr_healthbar/14"},{"predicate":{"custom_model_data":518},"model":"modelengine:lr_healthbar/15"},{"predicate":{"custom_model_data":519},"model":"modelengine:lr_healthbar/16"},{"predicate":{"custom_model_data":520},"model":"modelengine:lr_healthbar/17"},{"predicate":{"custom_model_data":521},"model":"modelengine:lr_healthbar/18"},{"predicate":{"custom_model_data":522},"model":"modelengine:lr_healthbar/19"},{"predicate":{"custom_model_data":523},"model":"modelengine:lr_healthbar/1"},{"predicate":{"custom_model_data":524},"model":"modelengine:lr_healthbar/2"},{"predicate":{"custom_model_data":525},"model":"modelengine:lr_healthbar/3"},{"predicate":{"custom_model_data":526},"model":"modelengine:lr_healthbar/4"},{"predicate":{"custom_model_data":527},"model":"modelengine:lr_healthbar/5"},{"predicate":{"custom_model_data":528},"model":"modelengine:lr_healthbar/6"},{"predicate":{"custom_model_data":529},"model":"modelengine:lr_healthbar/7"},{"predicate":{"custom_model_data":530},"model":"modelengine:lr_healthbar/8"},{"predicate":{"custom_model_data":531},"model":"modelengine:lr_healthbar/9"},{"predicate":{"custom_model_data":532},"model":"modelengine:lr_healthbar/20"},{"predicate":{"custom_model_data":533},"model":"modelengine:lr_healthbar/10"},{"predicate":{"custom_model_data":534},"model":"modelengine:mso_magma_imp/body"},{"predicate":{"custom_model_data":535},"model":"modelengine:mso_magma_imp/left_leg"},{"predicate":{"custom_model_data":536},"model":"modelengine:mso_magma_imp/torso"},{"predicate":{"custom_model_data":537},"model":"modelengine:mso_magma_imp/right_leg3"},{"predicate":{"custom_model_data":538},"model":"modelengine:mso_magma_imp/left_leg2"},{"predicate":{"custom_model_data":539},"model":"modelengine:mso_magma_imp/head"},{"predicate":{"custom_model_data":540},"model":"modelengine:mso_magma_imp/right_arm"},{"predicate":{"custom_model_data":541},"model":"modelengine:mso_magma_imp/left_arm"},{"predicate":{"custom_model_data":542},"model":"modelengine:mso_magma_imp/bag"},{"predicate":{"custom_model_data":543},"model":"modelengine:mso_magma_imp/right_leg4"},{"predicate":{"custom_model_data":544},"model":"modelengine:mso_magma_imp/leftear"},{"predicate":{"custom_model_data":545},"model":"modelengine:mso_magma_imp/jaw"},{"predicate":{"custom_model_data":546},"model":"modelengine:mso_magma_imp/rightear"},{"predicate":{"custom_model_data":547},"model":"modelengine:mso_magma_imp/right_forearm"},{"predicate":{"custom_model_data":548},"model":"modelengine:mso_magma_imp/left_forearm"},{"predicate":{"custom_model_data":549},"model":"modelengine:mso_magma_imp/closebag"},{"predicate":{"custom_model_data":550},"model":"modelengine:mso_magma_imp/sangle"},{"predicate":{"custom_model_data":551},"model":"modelengine:mso_magma_imp/hanging"},{"predicate":{"custom_model_data":552},"model":"modelengine:mso_magma_imp/bomb"},{"predicate":{"custom_model_data":553},"model":"modelengine:mso_overlord/overlord"},{"predicate":{"custom_model_data":554},"model":"modelengine:mso_overlord/hips"},{"predicate":{"custom_model_data":555},"model":"modelengine:mso_overlord/body"},{"predicate":{"custom_model_data":556},"model":"modelengine:mso_overlord/left_leg"},{"predicate":{"custom_model_data":557},"model":"modelengine:mso_overlord/right_leg"},{"predicate":{"custom_model_data":558},"model":"modelengine:mso_overlord/head"},{"predicate":{"custom_model_data":559},"model":"modelengine:mso_overlord/right_arm"},{"predicate":{"custom_model_data":560},"model":"modelengine:mso_overlord/left_arm"},{"predicate":{"custom_model_data":561},"model":"modelengine:mso_overlord/left_leg2"},{"predicate":{"custom_model_data":562},"model":"modelengine:mso_overlord/right_leg2"},{"predicate":{"custom_model_data":563},"model":"modelengine:mso_overlord/sword"},{"predicate":{"custom_model_data":564},"model":"modelengine:mso_overlord/right_hand"},{"predicate":{"custom_model_data":565},"model":"modelengine:mso_overlord/left_hand"},{"predicate":{"custom_model_data":566},"model":"modelengine:mso_overlord/left_foot"},{"predicate":{"custom_model_data":567},"model":"modelengine:mso_overlord/right_foot"},{"predicate":{"custom_model_data":568},"model":"modelengine:mso_overlord/finger9"},{"predicate":{"custom_model_data":569},"model":"modelengine:mso_overlord/finger15"},{"predicate":{"custom_model_data":570},"model":"modelengine:mso_overlord/finger13"},{"predicate":{"custom_model_data":571},"model":"modelengine:mso_overlord/finger11"},{"predicate":{"custom_model_data":572},"model":"modelengine:mso_overlord/finger7"},{"predicate":{"custom_model_data":573},"model":"modelengine:mso_overlord/finger5"},{"predicate":{"custom_model_data":574},"model":"modelengine:mso_overlord/finger3"},{"predicate":{"custom_model_data":575},"model":"modelengine:mso_overlord/finger1"},{"predicate":{"custom_model_data":576},"model":"modelengine:mso_overlord/finger10"},{"predicate":{"custom_model_data":577},"model":"modelengine:mso_overlord/finger16"},{"predicate":{"custom_model_data":578},"model":"modelengine:mso_overlord/finger14"},{"predicate":{"custom_model_data":579},"model":"modelengine:mso_overlord/finger12"},{"predicate":{"custom_model_data":580},"model":"modelengine:mso_overlord/finger8"},{"predicate":{"custom_model_data":581},"model":"modelengine:mso_overlord/finger6"},{"predicate":{"custom_model_data":582},"model":"modelengine:mso_overlord/finger4"},{"predicate":{"custom_model_data":583},"model":"modelengine:mso_overlord/finger2"},{"predicate":{"custom_model_data":584},"model":"modelengine:mso_overlord_soulfire/overlord"},{"predicate":{"custom_model_data":585},"model":"modelengine:mso_overlord_soulfire/hips"},{"predicate":{"custom_model_data":586},"model":"modelengine:mso_overlord_soulfire/body"},{"predicate":{"custom_model_data":587},"model":"modelengine:mso_overlord_soulfire/left_leg"},{"predicate":{"custom_model_data":588},"model":"modelengine:mso_overlord_soulfire/right_leg"},{"predicate":{"custom_model_data":589},"model":"modelengine:mso_overlord_soulfire/head"},{"predicate":{"custom_model_data":590},"model":"modelengine:mso_overlord_soulfire/right_arm"},{"predicate":{"custom_model_data":591},"model":"modelengine:mso_overlord_soulfire/left_arm"},{"predicate":{"custom_model_data":592},"model":"modelengine:mso_overlord_soulfire/left_leg2"},{"predicate":{"custom_model_data":593},"model":"modelengine:mso_overlord_soulfire/right_leg2"},{"predicate":{"custom_model_data":594},"model":"modelengine:mso_overlord_soulfire/sword"},{"predicate":{"custom_model_data":595},"model":"modelengine:mso_overlord_soulfire/right_hand"},{"predicate":{"custom_model_data":596},"model":"modelengine:mso_overlord_soulfire/left_hand"},{"predicate":{"custom_model_data":597},"model":"modelengine:mso_overlord_soulfire/left_foot"},{"predicate":{"custom_model_data":598},"model":"modelengine:mso_overlord_soulfire/right_foot"},{"predicate":{"custom_model_data":599},"model":"modelengine:mso_overlord_soulfire/finger9"},{"predicate":{"custom_model_data":600},"model":"modelengine:mso_overlord_soulfire/finger15"},{"predicate":{"custom_model_data":601},"model":"modelengine:mso_overlord_soulfire/finger13"},{"predicate":{"custom_model_data":602},"model":"modelengine:mso_overlord_soulfire/finger11"},{"predicate":{"custom_model_data":603},"model":"modelengine:mso_overlord_soulfire/finger7"},{"predicate":{"custom_model_data":604},"model":"modelengine:mso_overlord_soulfire/finger5"},{"predicate":{"custom_model_data":605},"model":"modelengine:mso_overlord_soulfire/finger3"},{"predicate":{"custom_model_data":606},"model":"modelengine:mso_overlord_soulfire/finger1"},{"predicate":{"custom_model_data":607},"model":"modelengine:mso_overlord_soulfire/finger10"},{"predicate":{"custom_model_data":608},"model":"modelengine:mso_overlord_soulfire/finger16"},{"predicate":{"custom_model_data":609},"model":"modelengine:mso_overlord_soulfire/finger14"},{"predicate":{"custom_model_data":610},"model":"modelengine:mso_overlord_soulfire/finger12"},{"predicate":{"custom_model_data":611},"model":"modelengine:mso_overlord_soulfire/finger8"},{"predicate":{"custom_model_data":612},"model":"modelengine:mso_overlord_soulfire/finger6"},{"predicate":{"custom_model_data":613},"model":"modelengine:mso_overlord_soulfire/finger4"},{"predicate":{"custom_model_data":614},"model":"modelengine:mso_overlord_soulfire/finger2"},{"predicate":{"custom_model_data":615},"model":"modelengine:mso_overlord_stage1/overlord"},{"predicate":{"custom_model_data":616},"model":"modelengine:mso_overlord_stage1/hips"},{"predicate":{"custom_model_data":617},"model":"modelengine:mso_overlord_stage1/body"},{"predicate":{"custom_model_data":618},"model":"modelengine:mso_overlord_stage1/left_leg"},{"predicate":{"custom_model_data":619},"model":"modelengine:mso_overlord_stage1/right_leg"},{"predicate":{"custom_model_data":620},"model":"modelengine:mso_overlord_stage1/head"},{"predicate":{"custom_model_data":621},"model":"modelengine:mso_overlord_stage1/right_arm"},{"predicate":{"custom_model_data":622},"model":"modelengine:mso_overlord_stage1/left_arm"},{"predicate":{"custom_model_data":623},"model":"modelengine:mso_overlord_stage1/left_leg2"},{"predicate":{"custom_model_data":624},"model":"modelengine:mso_overlord_stage1/right_leg2"},{"predicate":{"custom_model_data":625},"model":"modelengine:mso_overlord_stage1/sword"},{"predicate":{"custom_model_data":626},"model":"modelengine:mso_overlord_stage1/right_hand"},{"predicate":{"custom_model_data":627},"model":"modelengine:mso_overlord_stage1/left_hand"},{"predicate":{"custom_model_data":628},"model":"modelengine:mso_overlord_stage1/left_foot"},{"predicate":{"custom_model_data":629},"model":"modelengine:mso_overlord_stage1/right_foot"},{"predicate":{"custom_model_data":630},"model":"modelengine:mso_overlord_stage1/finger9"},{"predicate":{"custom_model_data":631},"model":"modelengine:mso_overlord_stage1/finger15"},{"predicate":{"custom_model_data":632},"model":"modelengine:mso_overlord_stage1/finger13"},{"predicate":{"custom_model_data":633},"model":"modelengine:mso_overlord_stage1/finger11"},{"predicate":{"custom_model_data":634},"model":"modelengine:mso_overlord_stage1/finger7"},{"predicate":{"custom_model_data":635},"model":"modelengine:mso_overlord_stage1/finger5"},{"predicate":{"custom_model_data":636},"model":"modelengine:mso_overlord_stage1/finger3"},{"predicate":{"custom_model_data":637},"model":"modelengine:mso_overlord_stage1/finger1"},{"predicate":{"custom_model_data":638},"model":"modelengine:mso_overlord_stage1/finger10"},{"predicate":{"custom_model_data":639},"model":"modelengine:mso_overlord_stage1/finger16"},{"predicate":{"custom_model_data":640},"model":"modelengine:mso_overlord_stage1/finger14"},{"predicate":{"custom_model_data":641},"model":"modelengine:mso_overlord_stage1/finger12"},{"predicate":{"custom_model_data":642},"model":"modelengine:mso_overlord_stage1/finger8"},{"predicate":{"custom_model_data":643},"model":"modelengine:mso_overlord_stage1/finger6"},{"predicate":{"custom_model_data":644},"model":"modelengine:mso_overlord_stage1/finger4"},{"predicate":{"custom_model_data":645},"model":"modelengine:mso_overlord_stage1/finger2"},{"predicate":{"custom_model_data":646},"model":"modelengine:mso_twinkler/body"},{"predicate":{"custom_model_data":647},"model":"modelengine:mso_twinkler/head"},{"predicate":{"custom_model_data":648},"model":"modelengine:mso_twinkler/rear"},{"predicate":{"custom_model_data":649},"model":"modelengine:mso_twinkler/right_frontleg"},{"predicate":{"custom_model_data":650},"model":"modelengine:mso_twinkler/left_frontleg"},{"predicate":{"custom_model_data":651},"model":"modelengine:mso_twinkler/frontspike"},{"predicate":{"custom_model_data":652},"model":"modelengine:mso_twinkler/mouth"},{"predicate":{"custom_model_data":653},"model":"modelengine:mso_twinkler/left_backleg"},{"predicate":{"custom_model_data":654},"model":"modelengine:mso_twinkler/tail1"},{"predicate":{"custom_model_data":655},"model":"modelengine:mso_twinkler/backspike"},{"predicate":{"custom_model_data":656},"model":"modelengine:mso_twinkler/right_backleg"},{"predicate":{"custom_model_data":657},"model":"modelengine:mso_twinkler/jaw"},{"predicate":{"custom_model_data":658},"model":"modelengine:mso_twinkler/tail2"},{"predicate":{"custom_model_data":659},"model":"modelengine:mso_twinkler/tail3"},{"predicate":{"custom_model_data":660},"model":"modelengine:mso_vfx_soulfireball/cube"},{"predicate":{"custom_model_data":661},"model":"modelengine:mso_vfx_spellball/cube"},{"predicate":{"custom_model_data":662},"model":"modelengine:mso_vfx_spike/bone1"},{"predicate":{"custom_model_data":663},"model":"modelengine:mso_vfx_spike/bone2"},{"predicate":{"custom_model_data":664},"model":"modelengine:mso_vfx_spike/bone3"},{"predicate":{"custom_model_data":665},"model":"modelengine:mso_vfx_spike/bone4"},{"predicate":{"custom_model_data":666},"model":"modelengine:mso_vfx_spike/bone5"},{"predicate":{"custom_model_data":667},"model":"modelengine:mso_vfx_vortexspell/bone"},{"predicate":{"custom_model_data":668},"model":"modelengine:mso_warmm/head"},{"predicate":{"custom_model_data":669},"model":"modelengine:mso_warmm/headpsike"},{"predicate":{"custom_model_data":670},"model":"modelengine:mso_warmm/tail"},{"predicate":{"custom_model_data":671},"model":"modelengine:mso_warmm/tail2"},{"predicate":{"custom_model_data":672},"model":"modelengine:mso_warmm/spike2"},{"predicate":{"custom_model_data":673},"model":"modelengine:mso_warmm/tail3"},{"predicate":{"custom_model_data":674},"model":"modelengine:mso_warmm/spike3"},{"predicate":{"custom_model_data":675},"model":"modelengine:mso_warmm/tail4"},{"predicate":{"custom_model_data":676},"model":"modelengine:mso_warmm/spike4"},{"predicate":{"custom_model_data":677},"model":"modelengine:hourglass/hourglass"},{"predicate":{"custom_model_data":678},"model":"modelengine:lbblank/lbblank"},{"predicate":{"custom_model_data":679},"model":"modelengine:lbvfx/af2"},{"predicate":{"custom_model_data":680},"model":"modelengine:lbvfx/af1"},{"predicate":{"custom_model_data":681},"model":"modelengine:lbvfx/af4"},{"predicate":{"custom_model_data":682},"model":"modelengine:lbvfx/af3"},{"predicate":{"custom_model_data":683},"model":"modelengine:lbvfx/cf4"},{"predicate":{"custom_model_data":684},"model":"modelengine:lbvfx/cf3"},{"predicate":{"custom_model_data":685},"model":"modelengine:lbvfx/cf6"},{"predicate":{"custom_model_data":686},"model":"modelengine:lbvfx/cf5"},{"predicate":{"custom_model_data":687},"model":"modelengine:lbvfx/cf8"},{"predicate":{"custom_model_data":688},"model":"modelengine:lbvfx/cf7"},{"predicate":{"custom_model_data":689},"model":"modelengine:lbvfx/cf9"},{"predicate":{"custom_model_data":690},"model":"modelengine:lbvfx/cf2"},{"predicate":{"custom_model_data":691},"model":"modelengine:lbvfx/cf1"},{"predicate":{"custom_model_data":692},"model":"modelengine:lbvfx/bf5"},{"predicate":{"custom_model_data":693},"model":"modelengine:lbvfx/bf4"},{"predicate":{"custom_model_data":694},"model":"modelengine:lbvfx/bf7"},{"predicate":{"custom_model_data":695},"model":"modelengine:lbvfx/bf6"},{"predicate":{"custom_model_data":696},"model":"modelengine:lbvfx/bf1"},{"predicate":{"custom_model_data":697},"model":"modelengine:lbvfx/bf3"},{"predicate":{"custom_model_data":698},"model":"modelengine:lbvfx/bf2"},{"predicate":{"custom_model_data":699},"model":"modelengine:lbvfx/ef13"},{"predicate":{"custom_model_data":700},"model":"modelengine:lbvfx/ef12"},{"predicate":{"custom_model_data":701},"model":"modelengine:lbvfx/ef11"},{"predicate":{"custom_model_data":702},"model":"modelengine:lbvfx/ef10"},{"predicate":{"custom_model_data":703},"model":"modelengine:lbvfx/ef2"},{"predicate":{"custom_model_data":704},"model":"modelengine:lbvfx/ef1"},{"predicate":{"custom_model_data":705},"model":"modelengine:lbvfx/ef4"},{"predicate":{"custom_model_data":706},"model":"modelengine:lbvfx/ef3"},{"predicate":{"custom_model_data":707},"model":"modelengine:lbvfx/ef6"},{"predicate":{"custom_model_data":708},"model":"modelengine:lbvfx/ef5"},{"predicate":{"custom_model_data":709},"model":"modelengine:lbvfx/ef8"},{"predicate":{"custom_model_data":710},"model":"modelengine:lbvfx/ef7"},{"predicate":{"custom_model_data":711},"model":"modelengine:lbvfx/ef9"},{"predicate":{"custom_model_data":712},"model":"modelengine:lbvfx/cff1"},{"predicate":{"custom_model_data":713},"model":"modelengine:lbvfx/cff2"},{"predicate":{"custom_model_data":714},"model":"modelengine:lbvfx/cff3"},{"predicate":{"custom_model_data":715},"model":"modelengine:lbvfx/df3"},{"predicate":{"custom_model_data":716},"model":"modelengine:lbvfx/df2"},{"predicate":{"custom_model_data":717},"model":"modelengine:lbvfx/df4"},{"predicate":{"custom_model_data":718},"model":"modelengine:lbvfx/df1"},{"predicate":{"custom_model_data":719},"model":"modelengine:lbvfx/pf7"},{"predicate":{"custom_model_data":720},"model":"modelengine:lbvfx/pf6"},{"predicate":{"custom_model_data":721},"model":"modelengine:lbvfx/pf9"},{"predicate":{"custom_model_data":722},"model":"modelengine:lbvfx/pf8"},{"predicate":{"custom_model_data":723},"model":"modelengine:lbvfx/pf1"},{"predicate":{"custom_model_data":724},"model":"modelengine:lbvfx/pf3"},{"predicate":{"custom_model_data":725},"model":"modelengine:lbvfx/pf2"},{"predicate":{"custom_model_data":726},"model":"modelengine:lbvfx/pf5"},{"predicate":{"custom_model_data":727},"model":"modelengine:lbvfx/pf4"},{"predicate":{"custom_model_data":728},"model":"modelengine:lbvfx/jf1"},{"predicate":{"custom_model_data":729},"model":"modelengine:lbvfx/jf3"},{"predicate":{"custom_model_data":730},"model":"modelengine:lbvfx/jf2"},{"predicate":{"custom_model_data":731},"model":"modelengine:lbvfx/jf5"},{"predicate":{"custom_model_data":732},"model":"modelengine:lbvfx/jf4"},{"predicate":{"custom_model_data":733},"model":"modelengine:lbvfx/jf7"},{"predicate":{"custom_model_data":734},"model":"modelengine:lbvfx/jf6"},{"predicate":{"custom_model_data":735},"model":"modelengine:lbvfx/jf8"},{"predicate":{"custom_model_data":736},"model":"modelengine:lorebun/upper_body"},{"predicate":{"custom_model_data":737},"model":"modelengine:lorebun/lower_body"},{"predicate":{"custom_model_data":738},"model":"modelengine:lorebun/head"},{"predicate":{"custom_model_data":739},"model":"modelengine:lorebun/right_arm"},{"predicate":{"custom_model_data":740},"model":"modelengine:lorebun/left_arm"},{"predicate":{"custom_model_data":741},"model":"modelengine:lorebun/back_right"},{"predicate":{"custom_model_data":742},"model":"modelengine:lorebun/back_left"},{"predicate":{"custom_model_data":743},"model":"modelengine:lorebun/left_leg"},{"predicate":{"custom_model_data":744},"model":"modelengine:lorebun/right_leg"},{"predicate":{"custom_model_data":745},"model":"modelengine:lorebun/right_ear"},{"predicate":{"custom_model_data":746},"model":"modelengine:lorebun/left_ear"},{"predicate":{"custom_model_data":747},"model":"modelengine:lorebun/a_right_elbow"},{"predicate":{"custom_model_data":748},"model":"modelengine:lorebun/a_left_elbow"},{"predicate":{"custom_model_data":749},"model":"modelengine:lorebun/back_right_end"},{"predicate":{"custom_model_data":750},"model":"modelengine:lorebun/back_left_end"},{"predicate":{"custom_model_data":751},"model":"modelengine:lorebun/left_knee"},{"predicate":{"custom_model_data":752},"model":"modelengine:lorebun/right_knee"},{"predicate":{"custom_model_data":753},"model":"modelengine:lorebun/right_paw"},{"predicate":{"custom_model_data":754},"model":"modelengine:lorebun/clock"},{"predicate":{"custom_model_data":755},"model":"modelengine:lorebun/left_paw"},{"predicate":{"custom_model_data":756},"model":"modelengine:lorebun/left_foot"},{"predicate":{"custom_model_data":757},"model":"modelengine:lorebun/right_foot"},{"predicate":{"custom_model_data":758},"model":"modelengine:lorebun_copy_walk/upper_body"},{"predicate":{"custom_model_data":759},"model":"modelengine:lorebun_copy_walk/lower_body"},{"predicate":{"custom_model_data":760},"model":"modelengine:lorebun_copy_walk/head"},{"predicate":{"custom_model_data":761},"model":"modelengine:lorebun_copy_walk/right_arm"},{"predicate":{"custom_model_data":762},"model":"modelengine:lorebun_copy_walk/body_back_left"},{"predicate":{"custom_model_data":763},"model":"modelengine:lorebun_copy_walk/left_arm"},{"predicate":{"custom_model_data":764},"model":"modelengine:lorebun_copy_walk/body_back_right"},{"predicate":{"custom_model_data":765},"model":"modelengine:lorebun_copy_walk/left_leg"},{"predicate":{"custom_model_data":766},"model":"modelengine:lorebun_copy_walk/right_leg"},{"predicate":{"custom_model_data":767},"model":"modelengine:lorebun_copy_walk/right_ear"},{"predicate":{"custom_model_data":768},"model":"modelengine:lorebun_copy_walk/left_ear"},{"predicate":{"custom_model_data":769},"model":"modelengine:lorebun_copy_walk/a_right_elbow"},{"predicate":{"custom_model_data":770},"model":"modelengine:lorebun_copy_walk/body_back_left_end"},{"predicate":{"custom_model_data":771},"model":"modelengine:lorebun_copy_walk/a_left_elbow"},{"predicate":{"custom_model_data":772},"model":"modelengine:lorebun_copy_walk/body_back_right_end"},{"predicate":{"custom_model_data":773},"model":"modelengine:lorebun_copy_walk/left_knee"},{"predicate":{"custom_model_data":774},"model":"modelengine:lorebun_copy_walk/right_knee"},{"predicate":{"custom_model_data":775},"model":"modelengine:lorebun_copy_walk/right_paw"},{"predicate":{"custom_model_data":776},"model":"modelengine:lorebun_copy_walk/clock"},{"predicate":{"custom_model_data":777},"model":"modelengine:lorebun_copy_walk/left_paw"},{"predicate":{"custom_model_data":778},"model":"modelengine:lorebun_copy_walk/left_foot"},{"predicate":{"custom_model_data":779},"model":"modelengine:lorebun_copy_walk/right_foot"},{"predicate":{"custom_model_data":780},"model":"modelengine:lorebun_idle/upper_body"},{"predicate":{"custom_model_data":781},"model":"modelengine:lorebun_idle/left_leg"},{"predicate":{"custom_model_data":782},"model":"modelengine:lorebun_idle/right_leg"},{"predicate":{"custom_model_data":783},"model":"modelengine:lorebun_idle/lower_body"},{"predicate":{"custom_model_data":784},"model":"modelengine:lorebun_idle/head"},{"predicate":{"custom_model_data":785},"model":"modelengine:lorebun_idle/right_arm"},{"predicate":{"custom_model_data":786},"model":"modelengine:lorebun_idle/body_back_left"},{"predicate":{"custom_model_data":787},"model":"modelengine:lorebun_idle/left_arm"},{"predicate":{"custom_model_data":788},"model":"modelengine:lorebun_idle/body_back_right"},{"predicate":{"custom_model_data":789},"model":"modelengine:lorebun_idle/left_knee"},{"predicate":{"custom_model_data":790},"model":"modelengine:lorebun_idle/right_knee"},{"predicate":{"custom_model_data":791},"model":"modelengine:lorebun_idle/right_ear"},{"predicate":{"custom_model_data":792},"model":"modelengine:lorebun_idle/left_ear"},{"predicate":{"custom_model_data":793},"model":"modelengine:lorebun_idle/a_right_elbow"},{"predicate":{"custom_model_data":794},"model":"modelengine:lorebun_idle/body_back_left_end"},{"predicate":{"custom_model_data":795},"model":"modelengine:lorebun_idle/clock_arrow_long"},{"predicate":{"custom_model_data":796},"model":"modelengine:lorebun_idle/clock_arrow_short"},{"predicate":{"custom_model_data":797},"model":"modelengine:lorebun_idle/a_left_elbow"},{"predicate":{"custom_model_data":798},"model":"modelengine:lorebun_idle/body_back_right_end"},{"predicate":{"custom_model_data":799},"model":"modelengine:lorebun_idle/left_foot"},{"predicate":{"custom_model_data":800},"model":"modelengine:lorebun_idle/right_foot"},{"predicate":{"custom_model_data":801},"model":"modelengine:lorebun_idle/right_paw"},{"predicate":{"custom_model_data":802},"model":"modelengine:lorebun_idle/left_paw"},{"predicate":{"custom_model_data":803},"model":"modelengine:stunned/s1"},{"predicate":{"custom_model_data":804},"model":"modelengine:stunned/s2"},{"predicate":{"custom_model_data":805},"model":"modelengine:stunned/stars"},{"predicate":{"custom_model_data":806},"model":"modelengine:wolfmob28/weapon"},{"predicate":{"custom_model_data":807},"model":"modelengine:wolfmob28/chain2"},{"predicate":{"custom_model_data":808},"model":"modelengine:wolfmob28/chain1"},{"predicate":{"custom_model_data":809},"model":"modelengine:wolfmob28/body"},{"predicate":{"custom_model_data":810},"model":"modelengine:wolfmob28/magiccircle1"},{"predicate":{"custom_model_data":811},"model":"modelengine:wolfmob28/magiccircle2"},{"predicate":{"custom_model_data":812},"model":"modelengine:wolfmob28/magiccircle4"},{"predicate":{"custom_model_data":813},"model":"modelengine:wolfmob28/lleg"},{"predicate":{"custom_model_data":814},"model":"modelengine:wolfmob28/body2"},{"predicate":{"custom_model_data":815},"model":"modelengine:wolfmob28/rleg"},{"predicate":{"custom_model_data":816},"model":"modelengine:wolfmob28/lleg2"},{"predicate":{"custom_model_data":817},"model":"modelengine:wolfmob28/chest"},{"predicate":{"custom_model_data":818},"model":"modelengine:wolfmob28/rleg2"},{"predicate":{"custom_model_data":819},"model":"modelengine:wolfmob28/larm"},{"predicate":{"custom_model_data":820},"model":"modelengine:wolfmob28/maincloak"},{"predicate":{"custom_model_data":821},"model":"modelengine:wolfmob28/neck"},{"predicate":{"custom_model_data":822},"model":"modelengine:wolfmob28/rarm"},{"predicate":{"custom_model_data":823},"model":"modelengine:wolfmob28/larm2"},{"predicate":{"custom_model_data":824},"model":"modelengine:wolfmob28/rcloak"},{"predicate":{"custom_model_data":825},"model":"modelengine:wolfmob28/backcloak"},{"predicate":{"custom_model_data":826},"model":"modelengine:wolfmob28/lcloak"},{"predicate":{"custom_model_data":827},"model":"modelengine:wolfmob28/head"},{"predicate":{"custom_model_data":828},"model":"modelengine:wolfmob28/rarm2"},{"predicate":{"custom_model_data":829},"model":"modelengine:wolfmob28/backcloak2"},{"predicate":{"custom_model_data":830},"model":"modelengine:wolfmob28/magiccircle3"},{"predicate":{"custom_model_data":831},"model":"modelengine:wolfmob28skill1/group"},{"predicate":{"custom_model_data":832},"model":"modelengine:wolfmob28skill1vfx/group7"},{"predicate":{"custom_model_data":833},"model":"modelengine:wolfmob28skill1vfx/group4"},{"predicate":{"custom_model_data":834},"model":"modelengine:wolfmob28skill1vfx/group3"},{"predicate":{"custom_model_data":835},"model":"modelengine:wolfmob28skill1vfx/group6"},{"predicate":{"custom_model_data":836},"model":"modelengine:wolfmob28skill1vfx/group5"},{"predicate":{"custom_model_data":837},"model":"modelengine:wolfmob28skill1vfx/group2"},{"predicate":{"custom_model_data":838},"model":"modelengine:wolfmob28skill1vfx/group"},{"predicate":{"custom_model_data":839},"model":"modelengine:wolfmob28skill2/group"},{"predicate":{"custom_model_data":840},"model":"modelengine:wolfmob28skill3/bone"},{"predicate":{"custom_model_data":841},"model":"modelengine:wolfmob28skill3a1/rchain1"},{"predicate":{"custom_model_data":842},"model":"modelengine:wolfmob28skill3a1/rchain2"},{"predicate":{"custom_model_data":843},"model":"modelengine:wolfmob28skill3a1/rchain3"},{"predicate":{"custom_model_data":844},"model":"modelengine:wolfmob28skill3a1/rchain4"},{"predicate":{"custom_model_data":845},"model":"modelengine:wolfmob28skill3a1/rchain5"},{"predicate":{"custom_model_data":846},"model":"modelengine:wolfmob28skill3a1/rchain6"},{"predicate":{"custom_model_data":847},"model":"modelengine:wolfmob28skill3a1/rchain7"},{"predicate":{"custom_model_data":848},"model":"modelengine:wolfmob28skill3vfx/bone15"},{"predicate":{"custom_model_data":849},"model":"modelengine:wolfmob28skill3vfx/bone16"},{"predicate":{"custom_model_data":850},"model":"modelengine:wolfmob28skill3vfx/bone5"},{"predicate":{"custom_model_data":851},"model":"modelengine:wolfmob28skill3vfx/bone4"},{"predicate":{"custom_model_data":852},"model":"modelengine:wolfmob28skill3vfx/bone10"},{"predicate":{"custom_model_data":853},"model":"modelengine:wolfmob28skill3vfx/bone"},{"predicate":{"custom_model_data":854},"model":"modelengine:wolfmob28skill3vfx/bone7"},{"predicate":{"custom_model_data":855},"model":"modelengine:wolfmob28skill3vfx/bone6"},{"predicate":{"custom_model_data":856},"model":"modelengine:wolfmob28skill3vfx/bone9"},{"predicate":{"custom_model_data":857},"model":"modelengine:wolfmob28skill3vfx/bone13"},{"predicate":{"custom_model_data":858},"model":"modelengine:wolfmob28skill3vfx/bone8"},{"predicate":{"custom_model_data":859},"model":"modelengine:wolfmob28skill3vfx/bone14"},{"predicate":{"custom_model_data":860},"model":"modelengine:wolfmob28skill3vfx/bone11"},{"predicate":{"custom_model_data":861},"model":"modelengine:wolfmob28skill3vfx/bone12"},{"predicate":{"custom_model_data":862},"model":"modelengine:wolfmob28skill3vfx/bone3"},{"predicate":{"custom_model_data":863},"model":"modelengine:wolfmob28skill3vfx/bone2"},{"predicate":{"custom_model_data":864},"model":"modelengine:wolfmob28skill4/main"},{"predicate":{"custom_model_data":865},"model":"modelengine:wolfmob28skill4/side2"},{"predicate":{"custom_model_data":866},"model":"modelengine:wolfmob28skill4/side1"},{"predicate":{"custom_model_data":867},"model":"modelengine:wolfmob28skill5/bone"},{"predicate":{"custom_model_data":868},"model":"modelengine:wolfmob28skill5vfx/bone5"},{"predicate":{"custom_model_data":869},"model":"modelengine:wolfmob28skill5vfx/bone4"},{"predicate":{"custom_model_data":870},"model":"modelengine:wolfmob28skill5vfx/bone10"},{"predicate":{"custom_model_data":871},"model":"modelengine:wolfmob28skill5vfx/bone"},{"predicate":{"custom_model_data":872},"model":"modelengine:wolfmob28skill5vfx/bone7"},{"predicate":{"custom_model_data":873},"model":"modelengine:wolfmob28skill5vfx/bone6"},{"predicate":{"custom_model_data":874},"model":"modelengine:wolfmob28skill5vfx/bone9"},{"predicate":{"custom_model_data":875},"model":"modelengine:wolfmob28skill5vfx/bone13"},{"predicate":{"custom_model_data":876},"model":"modelengine:wolfmob28skill5vfx/bone8"},{"predicate":{"custom_model_data":877},"model":"modelengine:wolfmob28skill5vfx/bone11"},{"predicate":{"custom_model_data":878},"model":"modelengine:wolfmob28skill5vfx/bone12"},{"predicate":{"custom_model_data":879},"model":"modelengine:wolfmob28skill5vfx/bone3"},{"predicate":{"custom_model_data":880},"model":"modelengine:wolfmob28skill5vfx/bone2"},{"predicate":{"custom_model_data":881},"model":"modelengine:wolfmob28skill6/bone"},{"predicate":{"custom_model_data":882},"model":"modelengine:wolfmob28skill6vfx/bone3"},{"predicate":{"custom_model_data":883},"model":"modelengine:wolfmob28skill6vfx/bone2"},{"predicate":{"custom_model_data":884},"model":"modelengine:wolfmob28skill6vfx/bone5"},{"predicate":{"custom_model_data":885},"model":"modelengine:wolfmob28skill6vfx/bone4"},{"predicate":{"custom_model_data":886},"model":"modelengine:wolfmob28skill6vfx/bone"},{"predicate":{"custom_model_data":887},"model":"modelengine:wolfmob28skill6vfx/bone7"},{"predicate":{"custom_model_data":888},"model":"modelengine:wolfmob28skill6vfx/bone6"},{"predicate":{"custom_model_data":889},"model":"modelengine:wolfmob28skill6vfx/bone9"},{"predicate":{"custom_model_data":890},"model":"modelengine:wolfmob28skill6vfx/bone8"},{"predicate":{"custom_model_data":891},"model":"modelengine:wolfmob28spawn/weapon"},{"predicate":{"custom_model_data":892},"model":"modelengine:wolfmob28spawn/body1"},{"predicate":{"custom_model_data":893},"model":"modelengine:wolfmob28spawn/body2"},{"predicate":{"custom_model_data":894},"model":"modelengine:wolfmob28spawn/body3"}],"parent":"minecraft:item/generated","textures":{"layer0":"minecraft:item/leather_horse_armor"}}