{"textures":{"1":"modelengine:entity/yin_yang_dragon"},"elements":[{"from":[12.202928,10.998726,-0.23418713],"to":[13.884099,12.679897,6.490498],"faces":{"east":{"uv":[11.235,0.765,10.265,0.985],"tintindex":0,"rotation":0,"texture":"#1"},"south":{"uv":[1.235,9.015,1.015,9.235],"tintindex":0,"rotation":0,"texture":"#1"},"north":{"uv":[7.985,7.015,7.765,7.235],"tintindex":0,"rotation":0,"texture":"#1"},"west":{"uv":[10.985,9.765,10.015,9.985],"tintindex":0,"rotation":0,"texture":"#1"},"up":{"uv":[8.765,10.985,8.985,10.015],"tintindex":0,"rotation":0,"texture":"#1"},"down":{"uv":[1.015,10.265,1.235,11.235],"tintindex":0,"rotation":0,"texture":"#1"}}},{"from":[6.3188286,26.786568,8.347931],"to":[9.681171,28.46774,15.072616],"faces":{"east":{"uv":[11.015,4.265,11.985,4.485],"tintindex":0,"rotation":0,"texture":"#1"},"south":{"uv":[1.515,8.015,1.985,8.235],"tintindex":0,"rotation":0,"texture":"#1"},"north":{"uv":[7.515,3.515,7.985,3.735],"tintindex":0,"rotation":0,"texture":"#1"},"west":{"uv":[11.015,4.765,11.985,4.985],"tintindex":0,"rotation":0,"texture":"#1"},"up":{"uv":[9.735,5.485,9.265,4.515],"tintindex":0,"rotation":0,"texture":"#1"},"down":{"uv":[9.735,5.765,9.265,6.735],"tintindex":0,"rotation":0,"texture":"#1"}},"rotation":{"origin":[8.0,9.084702,46.071224],"angle":-22.5,"axis":"x"}},{"from":[25.481838,10.639664,10.428448],"to":[27.16301,12.320835,17.153133],"faces":{"east":{"uv":[11.235,1.765,10.265,1.985],"tintindex":0,"rotation":0,"texture":"#1"},"south":{"uv":[11.235,8.765,11.015,8.985],"tintindex":0,"rotation":0,"texture":"#1"},"north":{"uv":[6.735,11.015,6.515,11.235],"tintindex":0,"rotation":0,"texture":"#1"},"west":{"uv":[11.235,1.265,10.265,1.485],"tintindex":0,"rotation":0,"texture":"#1"},"up":{"uv":[1.515,11.235,1.735,10.265],"tintindex":0,"rotation":0,"texture":"#1"},"down":{"uv":[10.015,10.265,10.235,11.235],"tintindex":0,"rotation":0,"texture":"#1"}},"rotation":{"origin":[8.0,9.084702,46.071224],"angle":22.5,"axis":"y"}},{"from":[8.0,25.945984,11.710273],"to":[8.0,29.308327,20.11613],"faces":{"east":{"uv":[9.985,1.765,8.765,2.235],"tintindex":0,"rotation":0,"texture":"#1"},"west":{"uv":[8.765,1.765,9.985,2.235],"tintindex":0,"rotation":0,"texture":"#1"}},"rotation":{"origin":[8.0,9.084702,46.071224],"angle":-22.5,"axis":"x"}},{"from":[-10.322426,10.639664,17.153133],"to":[-10.322426,12.320835,23.87782],"faces":{"east":{"uv":[4.235,10.515,3.265,10.735],"tintindex":0,"rotation":0,"texture":"#1"},"west":{"uv":[3.265,10.515,4.235,10.735],"tintindex":0,"rotation":0,"texture":"#1"}},"rotation":{"origin":[8.0,9.084702,46.071224],"angle":-22.5,"axis":"y"}},{"from":[26.322424,8.117905,17.153133],"to":[26.322424,9.799076,23.87782],"faces":{"east":{"uv":[11.735,3.265,10.765,3.485],"tintindex":0,"rotation":0,"texture":"#1"},"west":{"uv":[10.765,3.265,11.735,3.485],"tintindex":0,"rotation":0,"texture":"#1"}},"rotation":{"origin":[8.0,9.084702,46.071224],"angle":22.5,"axis":"y"}},{"from":[-10.322426,8.117905,17.153133],"to":[-10.322426,9.799076,23.87782],"faces":{"east":{"uv":[11.735,3.265,10.765,3.485],"tintindex":0,"rotation":0,"texture":"#1"},"west":{"uv":[10.765,3.265,11.735,3.485],"tintindex":0,"rotation":0,"texture":"#1"}},"rotation":{"origin":[8.0,9.084702,46.071224],"angle":-22.5,"axis":"y"}},{"from":[5.478243,7.697613,-10.353085],"to":[10.521757,11.059956,-5.3095703],"faces":{"east":{"uv":[10.015,0.015,10.735,0.485],"tintindex":0,"rotation":0,"texture":"#1"},"south":{"uv":[10.015,2.515,10.735,2.985],"tintindex":0,"rotation":0,"texture":"#1"},"north":{"uv":[0.015,10.015,0.735,10.485],"tintindex":0,"rotation":0,"texture":"#1"},"west":{"uv":[10.015,4.515,10.735,4.985],"tintindex":0,"rotation":0,"texture":"#1"},"up":{"uv":[7.985,9.485,7.265,8.765],"tintindex":0,"rotation":0,"texture":"#1"},"down":{"uv":[0.735,9.015,0.015,9.735],"tintindex":0,"rotation":0,"texture":"#1"}}},{"from":[3.7970715,7.697613,-0.266057],"to":[12.202928,12.741127,8.139799],"faces":{"east":{"uv":[7.515,2.515,8.735,3.235],"tintindex":0,"rotation":0,"texture":"#1"},"south":{"uv":[3.765,7.515,4.985,8.235],"tintindex":0,"rotation":0,"texture":"#1"},"north":{"uv":[2.265,7.515,3.485,8.235],"tintindex":0,"rotation":0,"texture":"#1"},"west":{"uv":[5.265,7.765,6.485,8.485],"tintindex":0,"rotation":0,"texture":"#1"},"up":{"uv":[6.735,6.485,5.515,5.265],"tintindex":0,"rotation":0,"texture":"#1"},"down":{"uv":[7.235,2.515,6.015,3.735],"tintindex":0,"rotation":0,"texture":"#1"}}},{"from":[10.282553,6.0164413,-4.0486927],"to":[10.282553,7.697613,-0.68634987],"faces":{"east":{"uv":[5.485,11.015,5.015,11.235],"tintindex":0,"rotation":0,"texture":"#1"},"west":{"uv":[5.015,11.015,5.485,11.235],"tintindex":0,"rotation":0,"texture":"#1"}}},{"from":[-11.16301,8.117905,10.428448],"to":[-9.481838,9.799076,17.153133],"faces":{"east":{"uv":[4.515,10.515,5.485,10.735],"tintindex":0,"rotation":0,"texture":"#1"},"south":{"uv":[8.765,11.265,8.985,11.485],"tintindex":0,"rotation":0,"texture":"#1"},"north":{"uv":[11.015,9.265,11.235,9.485],"tintindex":0,"rotation":0,"texture":"#1"},"west":{"uv":[5.765,10.515,6.735,10.735],"tintindex":0,"rotation":0,"texture":"#1"},"up":{"uv":[10.735,7.985,10.515,7.015],"tintindex":0,"rotation":0,"texture":"#1"},"down":{"uv":[10.735,8.265,10.515,9.235],"tintindex":0,"rotation":0,"texture":"#1"}},"rotation":{"origin":[8.0,9.084702,46.071224],"angle":-22.5,"axis":"y"}},{"from":[6.558033,6.0164413,-10.142937],"to":[6.558033,7.697613,-6.780596],"faces":{"east":{"uv":[11.485,7.765,11.015,7.985],"tintindex":0,"rotation":0,"texture":"#1"},"west":{"uv":[11.015,7.765,11.485,7.985],"tintindex":0,"rotation":0,"texture":"#1"}}},{"from":[-11.16301,10.639664,10.428448],"to":[-9.481838,12.320835,17.153133],"faces":{"east":{"uv":[10.265,1.265,11.235,1.485],"tintindex":0,"rotation":0,"texture":"#1"},"south":{"uv":[11.015,8.765,11.235,8.985],"tintindex":0,"rotation":0,"texture":"#1"},"north":{"uv":[6.515,11.015,6.735,11.235],"tintindex":0,"rotation":0,"texture":"#1"},"west":{"uv":[10.265,1.765,11.235,1.985],"tintindex":0,"rotation":0,"texture":"#1"},"up":{"uv":[1.735,11.235,1.515,10.265],"tintindex":0,"rotation":0,"texture":"#1"},"down":{"uv":[10.235,10.265,10.015,11.235],"tintindex":0,"rotation":0,"texture":"#1"}},"rotation":{"origin":[8.0,9.084702,46.071224],"angle":-22.5,"axis":"y"}},{"from":[9.441967,6.0164413,-10.142937],"to":[9.441967,7.697613,-6.780596],"faces":{"east":{"uv":[11.485,7.765,11.015,7.985],"tintindex":0,"rotation":0,"texture":"#1"},"west":{"uv":[11.015,7.765,11.485,7.985],"tintindex":0,"rotation":0,"texture":"#1"}}},{"from":[4.637657,7.697613,-5.3095703],"to":[11.362343,11.900539,-0.266057],"faces":{"east":{"uv":[9.515,8.015,10.235,8.625],"tintindex":0,"rotation":0,"texture":"#1"},"south":{"uv":[8.765,0.015,9.735,0.625],"tintindex":0,"rotation":0,"texture":"#1"},"north":{"uv":[4.015,8.515,4.985,9.125],"tintindex":0,"rotation":0,"texture":"#1"},"west":{"uv":[9.765,3.515,10.485,4.125],"tintindex":0,"rotation":0,"texture":"#1"},"up":{"uv":[9.235,7.735,8.265,7.015],"tintindex":0,"rotation":0,"texture":"#1"},"down":{"uv":[9.235,8.015,8.265,8.735],"tintindex":0,"rotation":0,"texture":"#1"}}},{"from":[2.1159,10.998726,-0.23418713],"to":[3.7970715,12.679897,6.490498],"faces":{"east":{"uv":[10.015,9.765,10.985,9.985],"tintindex":0,"rotation":0,"texture":"#1"},"south":{"uv":[1.015,9.015,1.235,9.235],"tintindex":0,"rotation":0,"texture":"#1"},"north":{"uv":[7.765,7.015,7.985,7.235],"tintindex":0,"rotation":0,"texture":"#1"},"west":{"uv":[10.265,0.765,11.235,0.985],"tintindex":0,"rotation":0,"texture":"#1"},"up":{"uv":[8.985,10.985,8.765,10.015],"tintindex":0,"rotation":0,"texture":"#1"},"down":{"uv":[1.235,10.265,1.015,11.235],"tintindex":0,"rotation":0,"texture":"#1"}}},{"from":[26.322424,10.639664,17.153133],"to":[26.322424,12.320835,23.87782],"faces":{"east":{"uv":[4.235,10.515,3.265,10.735],"tintindex":0,"rotation":0,"texture":"#1"},"west":{"uv":[3.265,10.515,4.235,10.735],"tintindex":0,"rotation":0,"texture":"#1"}},"rotation":{"origin":[8.0,9.084702,46.071224],"angle":22.5,"axis":"y"}},{"from":[25.481838,8.117905,10.428448],"to":[27.16301,9.799076,17.153133],"faces":{"east":{"uv":[6.735,10.515,5.765,10.735],"tintindex":0,"rotation":0,"texture":"#1"},"south":{"uv":[8.985,11.265,8.765,11.485],"tintindex":0,"rotation":0,"texture":"#1"},"north":{"uv":[11.235,9.265,11.015,9.485],"tintindex":0,"rotation":0,"texture":"#1"},"west":{"uv":[5.485,10.515,4.515,10.735],"tintindex":0,"rotation":0,"texture":"#1"},"up":{"uv":[10.515,7.985,10.735,7.015],"tintindex":0,"rotation":0,"texture":"#1"},"down":{"uv":[10.515,8.265,10.735,9.235],"tintindex":0,"rotation":0,"texture":"#1"}},"rotation":{"origin":[8.0,9.084702,46.071224],"angle":22.5,"axis":"y"}},{"from":[5.7174473,6.0164413,-4.0486927],"to":[5.7174473,7.697613,-0.68634987],"faces":{"east":{"uv":[5.485,11.015,5.015,11.235],"tintindex":0,"rotation":0,"texture":"#1"},"west":{"uv":[5.015,11.015,5.485,11.235],"tintindex":0,"rotation":0,"texture":"#1"}}}],"display":{"gui":{"rotation":[30,225,0]}}}