{"textures":{"1":"modelengine:entity/yin_yang_dragon"},"elements":[{"from":[5.478243,3.705616,-6.8060093],"to":[10.521757,7.9085426,-1.762495],"faces":{"east":{"uv":[3.265,9.515,3.985,10.125],"tintindex":0,"rotation":0,"texture":"#1"},"south":{"uv":[4.265,9.515,4.985,10.125],"tintindex":0,"rotation":0,"texture":"#1"},"north":{"uv":[2.265,9.515,2.985,10.125],"tintindex":0,"rotation":0,"texture":"#1"},"west":{"uv":[9.515,7.015,10.235,7.625],"tintindex":0,"rotation":0,"texture":"#1"},"up":{"uv":[5.985,9.485,5.265,8.765],"tintindex":0,"rotation":0,"texture":"#1"},"down":{"uv":[6.985,8.765,6.265,9.485],"tintindex":0,"rotation":0,"texture":"#1"}}},{"from":[11.320313,7.9085426,-1.762495],"to":[11.320313,9.589714,1.5998468],"faces":{"east":{"uv":[2.735,7.015,2.265,7.235],"tintindex":0,"rotation":0,"texture":"#1"},"west":{"uv":[2.265,7.015,2.735,7.235],"tintindex":0,"rotation":0,"texture":"#1"}}},{"from":[6.360859,7.9085426,-10.588644],"to":[6.360859,9.589714,-7.226301],"faces":{"east":{"uv":[11.485,6.765,11.015,6.985],"tintindex":0,"rotation":0,"texture":"#1"},"west":{"uv":[11.015,6.765,11.485,6.985],"tintindex":0,"rotation":0,"texture":"#1"}}},{"from":[9.639141,7.9085426,-10.588644],"to":[9.639141,9.589714,-7.226301],"faces":{"east":{"uv":[11.485,6.765,11.015,6.985],"tintindex":0,"rotation":0,"texture":"#1"},"west":{"uv":[11.015,6.765,11.485,6.985],"tintindex":0,"rotation":0,"texture":"#1"}}},{"from":[10.479727,7.9085426,-6.3857155],"to":[10.479727,9.589714,-3.0233736],"faces":{"east":{"uv":[11.485,8.265,11.015,8.485],"tintindex":0,"rotation":0,"texture":"#1"},"west":{"uv":[11.015,8.265,11.485,8.485],"tintindex":0,"rotation":0,"texture":"#1"}}},{"from":[4.637657,2.8650284,-1.762495],"to":[11.362343,7.9085426,1.5998468],"faces":{"east":{"uv":[10.015,5.265,10.485,5.985],"tintindex":0,"rotation":0,"texture":"#1"},"south":{"uv":[2.765,8.515,3.735,9.235],"tintindex":0,"rotation":0,"texture":"#1"},"north":{"uv":[1.515,8.515,2.485,9.235],"tintindex":0,"rotation":0,"texture":"#1"},"west":{"uv":[8.015,10.015,8.485,10.735],"tintindex":0,"rotation":0,"texture":"#1"},"up":{"uv":[10.235,9.485,9.265,9.015],"tintindex":0,"rotation":0,"texture":"#1"},"down":{"uv":[1.985,9.515,1.015,9.985],"tintindex":0,"rotation":0,"texture":"#1"}}},{"from":[4.6796875,7.9085426,-1.762495],"to":[4.6796875,9.589714,1.5998468],"faces":{"east":{"uv":[2.735,7.015,2.265,7.235],"tintindex":0,"rotation":0,"texture":"#1"},"west":{"uv":[2.265,7.015,2.735,7.235],"tintindex":0,"rotation":0,"texture":"#1"}}},{"from":[3.7970715,2.8650284,1.5998468],"to":[12.202928,7.9085426,6.6433606],"faces":{"east":{"uv":[9.015,2.515,9.735,3.235],"tintindex":0,"rotation":0,"texture":"#1"},"south":{"uv":[6.765,7.765,7.985,8.485],"tintindex":0,"rotation":0,"texture":"#1"},"north":{"uv":[7.765,6.015,8.985,6.735],"tintindex":0,"rotation":0,"texture":"#1"},"west":{"uv":[8.265,9.015,8.985,9.735],"tintindex":0,"rotation":0,"texture":"#1"},"up":{"uv":[1.235,8.735,0.015,8.015],"tintindex":0,"rotation":0,"texture":"#1"},"down":{"uv":[9.485,3.515,8.265,4.235],"tintindex":0,"rotation":0,"texture":"#1"}}},{"from":[5.520273,7.9085426,-6.3857155],"to":[5.520273,9.589714,-3.0233736],"faces":{"east":{"uv":[11.485,8.265,11.015,8.485],"tintindex":0,"rotation":0,"texture":"#1"},"west":{"uv":[11.015,8.265,11.485,8.485],"tintindex":0,"rotation":0,"texture":"#1"}}},{"from":[6.3188286,4.5462,-11.849522],"to":[9.681171,7.9085426,-6.8060093],"faces":{"east":{"uv":[5.265,9.765,5.985,10.235],"tintindex":0,"rotation":0,"texture":"#1"},"south":{"uv":[10.015,6.265,10.485,6.735],"tintindex":0,"rotation":0,"texture":"#1"},"north":{"uv":[7.015,6.015,7.485,6.485],"tintindex":0,"rotation":0,"texture":"#1"},"west":{"uv":[6.265,9.765,6.985,10.235],"tintindex":0,"rotation":0,"texture":"#1"},"up":{"uv":[7.735,10.485,7.265,9.765],"tintindex":0,"rotation":0,"texture":"#1"},"down":{"uv":[9.735,9.765,9.265,10.485],"tintindex":0,"rotation":0,"texture":"#1"}}}],"display":{"gui":{"rotation":[30,225,0]}}}