{"textures":{"0":"modelengine:entity/forest_spirit_effects"},"elements":[{"from":[5.6666665,8.0,8.0],"to":[10.333334,29.333334,12.666667],"faces":{"east":{"uv":[1.75,0.0,0.0,8.0],"tintindex":0,"rotation":0,"texture":"#0"},"south":{"uv":[3.5,0.0,5.25,8.0],"tintindex":0,"rotation":0,"texture":"#0"},"west":{"uv":[0.0,0.0,1.75,8.0],"tintindex":0,"rotation":0,"texture":"#0"}}},{"from":[5.6666665,8.0,8.0],"to":[10.333334,29.333334,8.0],"faces":{"east":{"uv":[1.75,0.0,0.0,8.0],"tintindex":0,"rotation":0,"texture":"#0"},"south":{"uv":[3.5,0.0,1.75,8.0],"tintindex":0,"rotation":0,"texture":"#0"},"north":{"uv":[1.75,0.0,3.5,8.0],"tintindex":0,"rotation":0,"texture":"#0"},"west":{"uv":[0.0,0.0,1.75,8.0],"tintindex":0,"rotation":0,"texture":"#0"}}}],"display":{"gui":{"rotation":[30,225,0]}}}