{"textures":{"0":"modelengine:entity/forest_spirit_effects"},"elements":[{"from":[6.0,8.0,5.6666665],"to":[10.0,29.333334,9.666667],"faces":{"east":{"uv":[1.5,0.0,0.0,8.0],"tintindex":0,"rotation":0,"texture":"#0"},"south":{"uv":[3.5,0.0,5.0,8.0],"tintindex":0,"rotation":0,"texture":"#0"},"west":{"uv":[0.0,0.0,1.5,8.0],"tintindex":0,"rotation":0,"texture":"#0"}}},{"from":[6.0,8.0,5.6666665],"to":[10.0,29.333334,5.6666665],"faces":{"south":{"uv":[1.75,0.0,3.25,8.0],"tintindex":0,"rotation":0,"texture":"#0"},"north":{"uv":[1.875,0.0,3.375,8.0],"tintindex":0,"rotation":0,"texture":"#0"}}}],"display":{"gui":{"rotation":[30,225,0]}}}